{"timestamp":"2026-10-05T11:41:24.285466","level":"info","event":"DAG bundles loaded: dags-folder","logger":"airflow.dag_processing.bundles.manager.DagBundlesManager"}
{"timestamp":"2026-10-05T11:41:24.286723","level":"info","event":"Filling up the DagBag from /opt/airflow/dags/weather_pipeline.py","logger":"airflow.models.dagbag.DagBag"}
{"timestamp":"2026-10-05T11:41:24.865192","level":"warning","event":"This process (pid=252) is multi-threaded, use of fork() may lead to deadlocks in the child.","category":"DeprecationWarning","filename":"/home/airflow/.local/lib/python3.12/site-packages/airflow/providers/openlineage/plugins/listener.py","lineno":768,"logger":"py.warnings"}
{"timestamp":"2026-10-05T11:41:25.448245","level":"info","event":"OpenLineageClient will use `http` transport","logger":"openlineage.client.client"}
{"timestamp":"2026-10-05T11:41:28.904816","level":"info","event":"Successfully emitted OpenLineage `START` event of id `01a10bde-1fdd-7e3a-8779-5e08753571ad`","logger":"airflow.providers.openlineage.plugins.adapter.OpenLineageAdapter"}
{"timestamp":"2026-10-05T11:41:28.953233","level":"info","event":"Tmp dir root location: /tmp","logger":"airflow.task.hooks.airflow.providers.standard.hooks.subprocess.SubprocessHook"}
{"timestamp":"2026-10-05T11:41:28.954483","level":"info","event":"Running command: ['/usr/bin/bash', '-c', 'python /opt/airflow/src/transform_load.py']","logger":"airflow.task.hooks.airflow.providers.standard.hooks.subprocess.SubprocessHook"}
{"timestamp":"2026-10-05T11:41:28.964668","level":"info","event":"Output:","logger":"airflow.task.hooks.airflow.providers.standard.hooks.subprocess.SubprocessHook"}
{"timestamp":"2026-10-05T11:41:31.050991","level":"info","event":"Starting transformation and loading...","logger":"airflow.task.hooks.airflow.providers.standard.hooks.subprocess.SubprocessHook"}
{"timestamp":"2026-10-05T11:41:31.051270","level":"info","event":"Processing file: /opt/airflow/raw/bandung_2026-09-20_2026-10-01_2026-10-05_12-08-36.json","logger":"airflow.task.hooks.airflow.providers.standard.hooks.subprocess.SubprocessHook"}
{"timestamp":"2026-10-05T11:41:31.051443","level":"info","event":"Bandung: Raw data loaded into PostgreSQL.","logger":"airflow.task.hooks.airflow.providers.standard.hooks.subprocess.SubprocessHook"}
{"timestamp":"2026-10-05T11:41:31.051618","level":"info","event":"Processing file: /opt/airflow/raw/bandung_2026-10-01_2026-10-03_2026-10-05_12-24-24.json","logger":"airflow.task.hooks.airflow.providers.standard.hooks.subprocess.SubprocessHook"}
{"timestamp":"2026-10-05T11:41:31.051750","level":"info","event":"Bandung: Raw data loaded into PostgreSQL.","logger":"airflow.task.hooks.airflow.providers.standard.hooks.subprocess.SubprocessHook"}
{"timestamp":"2026-10-05T11:41:31.051809","level":"info","event":"Processing file: /opt/airflow/raw/bandung_2026-10-01_2026-10-05_2026-10-05_12-06-04.json","logger":"airflow.task.hooks.airflow.providers.standard.hooks.subprocess.SubprocessHook"}
{"timestamp":"2026-10-05T11:41:31.051858","level":"info","event":"Bandung: Raw data loaded into PostgreSQL.","logger":"airflow.task.hooks.airflow.providers.standard.hooks.subprocess.SubprocessHook"}
{"timestamp":"2026-10-05T11:41:31.051892","level":"info","event":"Processing file: /opt/airflow/raw/bandung_2026-10-05T12-00_2026-10-05T15-00_2026-10-05_14-43-08.json","logger":"airflow.task.hooks.airflow.providers.standard.hooks.subprocess.SubprocessHook"}
{"timestamp":"2026-10-05T11:41:31.051928","level":"info","event":"Bandung: Raw data loaded into PostgreSQL.","logger":"airflow.task.hooks.airflow.providers.standard.hooks.subprocess.SubprocessHook"}
{"timestamp":"2026-10-05T11:41:31.051958","level":"info","event":"Processing file: /opt/airflow/raw/bandung_2026-10-05T12-00_2026-10-05T15-00_2026-10-05_14-45-57.json","logger":"airflow.task.hooks.airflow.providers.standard.hooks.subprocess.SubprocessHook"}
{"timestamp":"2026-10-05T11:41:31.051989","level":"info","event":"Bandung: Raw data loaded into PostgreSQL.","logger":"airflow.task.hooks.airflow.providers.standard.hooks.subprocess.SubprocessHook"}
{"timestamp":"2026-10-05T11:41:31.052020","level":"info","event":"Processing file: /opt/airflow/raw/bandung_2026-10-05T13-26_2026-10-05T16-26_2026-10-05_16-27-05.json","logger":"airflow.task.hooks.airflow.providers.standard.hooks.subprocess.SubprocessHook"}
{"timestamp":"2026-10-05T11:41:31.052064","level":"info","event":"Bandung: Raw data loaded into PostgreSQL.","logger":"airflow.task.hooks.airflow.providers.standard.hooks.subprocess.SubprocessHook"}
{"timestamp":"2026-10-05T11:41:31.052094","level":"info","event":"Processing file: /opt/airflow/raw/bandung_2026-10-05T13-41_2026-10-05T16-41_2026-10-05_16-41-48.json","logger":"airflow.task.hooks.airflow.providers.standard.hooks.subprocess.SubprocessHook"}
{"timestamp":"2026-10-05T11:41:31.052132","level":"info","event":"Bandung: Raw data loaded into PostgreSQL.","logger":"airflow.task.hooks.airflow.providers.standard.hooks.subprocess.SubprocessHook"}
{"timestamp":"2026-10-05T11:41:31.052163","level":"info","event":"Processing file: /opt/airflow/raw/bandung_2026-10-05T13-48_2026-10-05T16-48_2026-10-05_16-48-24.json","logger":"airflow.task.hooks.airflow.providers.standard.hooks.subprocess.SubprocessHook"}
{"timestamp":"2026-10-05T11:41:31.052194","level":"info","event":"Bandung: Raw data loaded into PostgreSQL.","logger":"airflow.task.hooks.airflow.providers.standard.hooks.subprocess.SubprocessHook"}
{"timestamp":"2026-10-05T11:41:31.052228","level":"info","event":"Processing file: /opt/airflow/raw/bandung_2026-10-05T13-53_2026-10-05T16-53_2026-10-05_16-53-34.json","logger":"airflow.task.hooks.airflow.providers.standard.hooks.subprocess.SubprocessHook"}
{"timestamp":"2026-10-05T11:41:31.052277","level":"info","event":"Bandung: Raw data loaded into PostgreSQL.","logger":"airflow.task.hooks.airflow.providers.standard.hooks.subprocess.SubprocessHook"}
{"timestamp":"2026-10-05T11:41:31.052324","level":"info","event":"Processing file: /opt/airflow/raw/bandung_2026-10-05T14-03_2026-10-05T17-03_2026-10-05_17-03-27.json","logger":"airflow.task.hooks.airflow.providers.standard.hooks.subprocess.SubprocessHook"}
{"timestamp":"2026-10-05T11:41:31.052386","level":"info","event":"Bandung: Raw data loaded into PostgreSQL.","logger":"airflow.task.hooks.airflow.providers.standard.hooks.subprocess.SubprocessHook"}
{"timestamp":"2026-10-05T11:41:31.052435","level":"info","event":"Processing file: /opt/airflow/raw/bandung_2026-10-05T14-49_2026-10-05T14-49_2026-10-05_14-49-28.json","logger":"airflow.task.hooks.airflow.providers.standard.hooks.subprocess.SubprocessHook"}
{"timestamp":"2026-10-05T11:41:31.052486","level":"info","event":"Bandung: Raw data loaded into PostgreSQL.","logger":"airflow.task.hooks.airflow.providers.standard.hooks.subprocess.SubprocessHook"}
{"timestamp":"2026-10-05T11:41:31.052549","level":"info","event":"Processing file: /opt/airflow/raw/bandung_2026-10-05T15-00_2026-10-05T15-00_2026-10-05_15-00-07.json","logger":"airflow.task.hooks.airflow.providers.standard.hooks.subprocess.SubprocessHook"}
{"timestamp":"2026-10-05T11:41:31.052614","level":"info","event":"Bandung: Raw data loaded into PostgreSQL.","logger":"airflow.task.hooks.airflow.providers.standard.hooks.subprocess.SubprocessHook"}
{"timestamp":"2026-10-05T11:41:31.052684","level":"info","event":"Processing file: /opt/airflow/raw/bandung_2026-10-05T15-00_2026-10-05T18-00_2026-10-05_18-00-10.json","logger":"airflow.task.hooks.airflow.providers.standard.hooks.subprocess.SubprocessHook"}
{"timestamp":"2026-10-05T11:41:31.052746","level":"info","event":"Bandung: Raw data loaded into PostgreSQL.","logger":"airflow.task.hooks.airflow.providers.standard.hooks.subprocess.SubprocessHook"}
{"timestamp":"2026-10-05T11:41:31.052871","level":"info","event":"Processing file: /opt/airflow/raw/bandung_2026-10-05T15-23_2026-10-05T18-23_2026-10-05_18-23-24.json","logger":"airflow.task.hooks.airflow.providers.standard.hooks.subprocess.SubprocessHook"}
{"timestamp":"2026-10-05T11:41:31.052929","level":"info","event":"Bandung: Raw data loaded into PostgreSQL.","logger":"airflow.task.hooks.airflow.providers.standard.hooks.subprocess.SubprocessHook"}
{"timestamp":"2026-10-05T11:41:31.052978","level":"info","event":"Processing file: /opt/airflow/raw/bandung_2026-10-05T18-41_2026-10-05T18-41_2026-10-05_18-41-20.json","logger":"airflow.task.hooks.airflow.providers.standard.hooks.subprocess.SubprocessHook"}
{"timestamp":"2026-10-05T11:41:31.053052","level":"info","event":"Bandung: Raw data loaded into PostgreSQL.","logger":"airflow.task.hooks.airflow.providers.standard.hooks.subprocess.SubprocessHook"}
{"timestamp":"2026-10-05T11:41:31.053134","level":"info","event":"Processing file: /opt/airflow/raw/bandung_2026-10-05_2026-10-05_2026-10-05_14-19-22.json","logger":"airflow.task.hooks.airflow.providers.standard.hooks.subprocess.SubprocessHook"}
{"timestamp":"2026-10-05T11:41:31.053221","level":"info","event":"Bandung: Raw data loaded into PostgreSQL.","logger":"airflow.task.hooks.airflow.providers.standard.hooks.subprocess.SubprocessHook"}
{"timestamp":"2026-10-05T11:41:31.053289","level":"info","event":"Processing file: /opt/airflow/raw/jakarta_2026-09-20_2026-10-01_2026-10-05_12-08-33.json","logger":"airflow.task.hooks.airflow.providers.standard.hooks.subprocess.SubprocessHook"}
{"timestamp":"2026-10-05T11:41:31.053436","level":"info","event":"Jakarta: Raw data loaded into PostgreSQL.","logger":"airflow.task.hooks.airflow.providers.standard.hooks.subprocess.SubprocessHook"}
{"timestamp":"2026-10-05T11:41:31.053515","level":"info","event":"Processing file: /opt/airflow/raw/jakarta_2026-10-01_2026-10-03_2026-10-05_12-24-21.json","logger":"airflow.task.hooks.airflow.providers.standard.hooks.subprocess.SubprocessHook"}
{"timestamp":"2026-10-05T11:41:31.053662","level":"info","event":"Jakarta: Raw data loaded into PostgreSQL.","logger":"airflow.task.hooks.airflow.providers.standard.hooks.subprocess.SubprocessHook"}
{"timestamp":"2026-10-05T11:41:31.053763","level":"info","event":"Processing file: /opt/airflow/raw/jakarta_2026-10-01_2026-10-05_2026-10-05_12-06-02.json","logger":"airflow.task.hooks.airflow.providers.standard.hooks.subprocess.SubprocessHook"}
{"timestamp":"2026-10-05T11:41:31.053838","level":"info","event":"Jakarta: Raw data loaded into PostgreSQL.","logger":"airflow.task.hooks.airflow.providers.standard.hooks.subprocess.SubprocessHook"}
{"timestamp":"2026-10-05T11:41:31.053893","level":"info","event":"Processing file: /opt/airflow/raw/jakarta_2026-10-05T12-00_2026-10-05T15-00_2026-10-05_14-43-06.json","logger":"airflow.task.hooks.airflow.providers.standard.hooks.subprocess.SubprocessHook"}
{"timestamp":"2026-10-05T11:41:31.053996","level":"info","event":"Jakarta: Raw data loaded into PostgreSQL.","logger":"airflow.task.hooks.airflow.providers.standard.hooks.subprocess.SubprocessHook"}
{"timestamp":"2026-10-05T11:41:31.054081","level":"info","event":"Processing file: /opt/airflow/raw/jakarta_2026-10-05T12-00_2026-10-05T15-00_2026-10-05_14-45-53.json","logger":"airflow.task.hooks.airflow.providers.standard.hooks.subprocess.SubprocessHook"}
{"timestamp":"2026-10-05T11:41:31.054226","level":"info","event":"Jakarta: Raw data loaded into PostgreSQL.","logger":"airflow.task.hooks.airflow.providers.standard.hooks.subprocess.SubprocessHook"}
{"timestamp":"2026-10-05T11:41:31.054310","level":"info","event":"Processing file: /opt/airflow/raw/jakarta_2026-10-05T13-26_2026-10-05T16-26_2026-10-05_16-27-03.json","logger":"airflow.task.hooks.airflow.providers.standard.hooks.subprocess.SubprocessHook"}
{"timestamp":"2026-10-05T11:41:31.054380","level":"info","event":"Jakarta: Raw data loaded into PostgreSQL.","logger":"airflow.task.hooks.airflow.providers.standard.hooks.subprocess.SubprocessHook"}
{"timestamp":"2026-10-05T11:41:31.054443","level":"info","event":"Processing file: /opt/airflow/raw/jakarta_2026-10-05T13-41_2026-10-05T16-41_2026-10-05_16-41-46.json","logger":"airflow.task.hooks.airflow.providers.standard.hooks.subprocess.SubprocessHook"}
{"timestamp":"2026-10-05T11:41:31.054498","level":"info","event":"Jakarta: Raw data loaded into PostgreSQL.","logger":"airflow.task.hooks.airflow.providers.standard.hooks.subprocess.SubprocessHook"}
{"timestamp":"2026-10-05T11:41:31.054555","level":"info","event":"Processing file: /opt/airflow/raw/jakarta_2026-10-05T13-48_2026-10-05T16-48_2026-10-05_16-48-21.json","logger":"airflow.task.hooks.airflow.providers.standard.hooks.subprocess.SubprocessHook"}
{"timestamp":"2026-10-05T11:41:31.054608","level":"info","event":"Jakarta: Raw data loaded into PostgreSQL.","logger":"airflow.task.hooks.airflow.providers.standard.hooks.subprocess.SubprocessHook"}
{"timestamp":"2026-10-05T11:41:31.054665","level":"info","event":"Processing file: /opt/airflow/raw/jakarta_2026-10-05T13-53_2026-10-05T16-53_2026-10-05_16-53-29.json","logger":"airflow.task.hooks.airflow.providers.standard.hooks.subprocess.SubprocessHook"}
{"timestamp":"2026-10-05T11:41:31.054717","level":"info","event":"Jakarta: Raw data loaded into PostgreSQL.","logger":"airflow.task.hooks.airflow.providers.standard.hooks.subprocess.SubprocessHook"}
{"timestamp":"2026-10-05T11:41:31.054768","level":"info","event":"Processing file: /opt/airflow/raw/jakarta_2026-10-05T14-03_2026-10-05T17-03_2026-10-05_17-03-25.json","logger":"airflow.task.hooks.airflow.providers.standard.hooks.subprocess.SubprocessHook"}
{"timestamp":"2026-10-05T11:41:31.054819","level":"info","event":"Jakarta: Raw data loaded into PostgreSQL.","logger":"airflow.task.hooks.airflow.providers.standard.hooks.subprocess.SubprocessHook"}
{"timestamp":"2026-10-05T11:41:31.054866","level":"info","event":"Processing file: /opt/airflow/raw/jakarta_2026-10-05T14-49_2026-10-05T14-49_2026-10-05_14-49-26.json","logger":"airflow.task.hooks.airflow.providers.standard.hooks.subprocess.SubprocessHook"}
{"timestamp":"2026-10-05T11:41:31.054915","level":"info","event":"Jakarta: Raw data loaded into PostgreSQL.","logger":"airflow.task.hooks.airflow.providers.standard.hooks.subprocess.SubprocessHook"}
{"timestamp":"2026-10-05T11:41:31.054967","level":"info","event":"Processing file: /opt/airflow/raw/jakarta_2026-10-05T15-00_2026-10-05T15-00_2026-10-05_15-00-04.json","logger":"airflow.task.hooks.airflow.providers.standard.hooks.subprocess.SubprocessHook"}
{"timestamp":"2026-10-05T11:41:31.055024","level":"info","event":"Jakarta: Raw data loaded into PostgreSQL.","logger":"airflow.task.hooks.airflow.providers.standard.hooks.subprocess.SubprocessHook"}
{"timestamp":"2026-10-05T11:41:31.055077","level":"info","event":"Processing file: /opt/airflow/raw/jakarta_2026-10-05T15-00_2026-10-05T18-00_2026-10-05_18-00-08.json","logger":"airflow.task.hooks.airflow.providers.standard.hooks.subprocess.SubprocessHook"}
{"timestamp":"2026-10-05T11:41:31.055145","level":"info","event":"Jakarta: Raw data loaded into PostgreSQL.","logger":"airflow.task.hooks.airflow.providers.standard.hooks.subprocess.SubprocessHook"}
{"timestamp":"2026-10-05T11:41:31.055199","level":"info","event":"Processing file: /opt/airflow/raw/jakarta_2026-10-05T15-23_2026-10-05T18-23_2026-10-05_18-23-22.json","logger":"airflow.task.hooks.airflow.providers.standard.hooks.subprocess.SubprocessHook"}
{"timestamp":"2026-10-05T11:41:31.055266","level":"info","event":"Jakarta: Raw data loaded into PostgreSQL.","logger":"airflow.task.hooks.airflow.providers.standard.hooks.subprocess.SubprocessHook"}
{"timestamp":"2026-10-05T11:41:31.055320","level":"info","event":"Processing file: /opt/airflow/raw/jakarta_2026-10-05T18-41_2026-10-05T18-41_2026-10-05_18-41-17.json","logger":"airflow.task.hooks.airflow.providers.standard.hooks.subprocess.SubprocessHook"}
{"timestamp":"2026-10-05T11:41:31.055433","level":"info","event":"Jakarta: Raw data loaded into PostgreSQL.","logger":"airflow.task.hooks.airflow.providers.standard.hooks.subprocess.SubprocessHook"}
{"timestamp":"2026-10-05T11:41:31.055520","level":"info","event":"Processing file: /opt/airflow/raw/jakarta_2026-10-05_2026-10-05_2026-10-05_14-19-19.json","logger":"airflow.task.hooks.airflow.providers.standard.hooks.subprocess.SubprocessHook"}
{"timestamp":"2026-10-05T11:41:31.055592","level":"info","event":"Jakarta: Raw data loaded into PostgreSQL.","logger":"airflow.task.hooks.airflow.providers.standard.hooks.subprocess.SubprocessHook"}
{"timestamp":"2026-10-05T11:41:31.055664","level":"info","event":"Processing file: /opt/airflow/raw/surabaya_2026-09-20_2026-10-01_2026-10-05_12-08-39.json","logger":"airflow.task.hooks.airflow.providers.standard.hooks.subprocess.SubprocessHook"}
{"timestamp":"2026-10-05T11:41:31.055742","level":"info","event":"Surabaya: Raw data loaded into PostgreSQL.","logger":"airflow.task.hooks.airflow.providers.standard.hooks.subprocess.SubprocessHook"}
{"timestamp":"2026-10-05T11:41:31.055820","level":"info","event":"Processing file: /opt/airflow/raw/surabaya_2026-10-01_2026-10-03_2026-10-05_12-24-27.json","logger":"airflow.task.hooks.airflow.providers.standard.hooks.subprocess.SubprocessHook"}
{"timestamp":"2026-10-05T11:41:31.055975","level":"info","event":"Surabaya: Raw data loaded into PostgreSQL.","logger":"airflow.task.hooks.airflow.providers.standard.hooks.subprocess.SubprocessHook"}
{"timestamp":"2026-10-05T11:41:31.056070","level":"info","event":"Processing file: /opt/airflow/raw/surabaya_2026-10-01_2026-10-05_2026-10-05_12-06-07.json","logger":"airflow.task.hooks.airflow.providers.standard.hooks.subprocess.SubprocessHook"}
{"timestamp":"2026-10-05T11:41:31.056135","level":"info","event":"Surabaya: Raw data loaded into PostgreSQL.","logger":"airflow.task.hooks.airflow.providers.standard.hooks.subprocess.SubprocessHook"}
{"timestamp":"2026-10-05T11:41:31.056191","level":"info","event":"Processing file: /opt/airflow/raw/surabaya_2026-10-05T12-00_2026-10-05T15-00_2026-10-05_14-43-12.json","logger":"airflow.task.hooks.airflow.providers.standard.hooks.subprocess.SubprocessHook"}
{"timestamp":"2026-10-05T11:41:31.056268","level":"info","event":"Surabaya: Raw data loaded into PostgreSQL.","logger":"airflow.task.hooks.airflow.providers.standard.hooks.subprocess.SubprocessHook"}
{"timestamp":"2026-10-05T11:41:31.056341","level":"info","event":"Processing file: /opt/airflow/raw/surabaya_2026-10-05T12-00_2026-10-05T15-00_2026-10-05_14-46-00.json","logger":"airflow.task.hooks.airflow.providers.standard.hooks.subprocess.SubprocessHook"}
{"timestamp":"2026-10-05T11:41:31.056429","level":"info","event":"Surabaya: Raw data loaded into PostgreSQL.","logger":"airflow.task.hooks.airflow.providers.standard.hooks.subprocess.SubprocessHook"}
{"timestamp":"2026-10-05T11:41:31.056494","level":"info","event":"Processing file: /opt/airflow/raw/surabaya_2026-10-05T13-26_2026-10-05T16-26_2026-10-05_16-27-07.json","logger":"airflow.task.hooks.airflow.providers.standard.hooks.subprocess.SubprocessHook"}
{"timestamp":"2026-10-05T11:41:31.056561","level":"info","event":"Surabaya: Raw data loaded into PostgreSQL.","logger":"airflow.task.hooks.airflow.providers.standard.hooks.subprocess.SubprocessHook"}
{"timestamp":"2026-10-05T11:41:31.056628","level":"info","event":"Processing file: /opt/airflow/raw/surabaya_2026-10-05T13-41_2026-10-05T16-41_2026-10-05_16-41-51.json","logger":"airflow.task.hooks.airflow.providers.standard.hooks.subprocess.SubprocessHook"}
{"timestamp":"2026-10-05T11:41:31.056691","level":"info","event":"Surabaya: Raw data loaded into PostgreSQL.","logger":"airflow.task.hooks.airflow.providers.standard.hooks.subprocess.SubprocessHook"}
{"timestamp":"2026-10-05T11:41:31.056754","level":"info","event":"Processing file: /opt/airflow/raw/surabaya_2026-10-05T13-48_2026-10-05T16-48_2026-10-05_16-48-26.json","logger":"airflow.task.hooks.airflow.providers.standard.hooks.subprocess.SubprocessHook"}
{"timestamp":"2026-10-05T11:41:31.056951","level":"info","event":"Surabaya: Raw data loaded into PostgreSQL.","logger":"airflow.task.hooks.airflow.providers.standard.hooks.subprocess.SubprocessHook"}
{"timestamp":"2026-10-05T11:41:31.057125","level":"info","event":"Processing file: /opt/airflow/raw/surabaya_2026-10-05T13-53_2026-10-05T16-53_2026-10-05_16-53-36.json","logger":"airflow.task.hooks.airflow.providers.standard.hooks.subprocess.SubprocessHook"}
{"timestamp":"2026-10-05T11:41:31.057221","level":"info","event":"Surabaya: Raw data loaded into PostgreSQL.","logger":"airflow.task.hooks.airflow.providers.standard.hooks.subprocess.SubprocessHook"}
{"timestamp":"2026-10-05T11:41:31.057303","level":"info","event":"Processing file: /opt/airflow/raw/surabaya_2026-10-05T14-03_2026-10-05T17-03_2026-10-05_17-03-29.json","logger":"airflow.task.hooks.airflow.providers.standard.hooks.subprocess.SubprocessHook"}
{"timestamp":"2026-10-05T11:41:31.057384","level":"info","event":"Surabaya: Raw data loaded into PostgreSQL.","logger":"airflow.task.hooks.airflow.providers.standard.hooks.subprocess.SubprocessHook"}
{"timestamp":"2026-10-05T11:41:31.057527","level":"info","event":"Processing file: /opt/airflow/raw/surabaya_2026-10-05T14-49_2026-10-05T14-49_2026-10-05_14-49-31.json","logger":"airflow.task.hooks.airflow.providers.standard.hooks.subprocess.SubprocessHook"}
{"timestamp":"2026-10-05T11:41:31.057698","level":"info","event":"Surabaya: Raw data loaded into PostgreSQL.","logger":"airflow.task.hooks.airflow.providers.standard.hooks.subprocess.SubprocessHook"}
{"timestamp":"2026-10-05T11:41:31.057803","level":"info","event":"Processing file: /opt/airflow/raw/surabaya_2026-10-05T15-00_2026-10-05T15-00_2026-10-05_15-00-09.json","logger":"airflow.task.hooks.airflow.providers.standard.hooks.subprocess.SubprocessHook"}
{"timestamp":"2026-10-05T11:41:31.057871","level":"info","event":"Surabaya: Raw data loaded into PostgreSQL.","logger":"airflow.task.hooks.airflow.providers.standard.hooks.subprocess.SubprocessHook"}
{"timestamp":"2026-10-05T11:41:31.057931","level":"info","event":"Processing file: /opt/airflow/raw/surabaya_2026-10-05T15-00_2026-10-05T18-00_2026-10-05_18-00-13.json","logger":"airflow.task.hooks.airflow.providers.standard.hooks.subprocess.SubprocessHook"}
{"timestamp":"2026-10-05T11:41:31.057988","level":"info","event":"Surabaya: Raw data loaded into PostgreSQL.","logger":"airflow.task.hooks.airflow.providers.standard.hooks.subprocess.SubprocessHook"}
{"timestamp":"2026-10-05T11:41:31.058045","level":"info","event":"Processing file: /opt/airflow/raw/surabaya_2026-10-05T15-23_2026-10-05T18-23_2026-10-05_18-23-28.json","logger":"airflow.task.hooks.airflow.providers.standard.hooks.subprocess.SubprocessHook"}
{"timestamp":"2026-10-05T11:41:31.058119","level":"info","event":"Surabaya: Raw data loaded into PostgreSQL.","logger":"airflow.task.hooks.airflow.providers.standard.hooks.subprocess.SubprocessHook"}
{"timestamp":"2026-10-05T11:41:31.058260","level":"info","event":"Processing file: /opt/airflow/raw/surabaya_2026-10-05T18-41_2026-10-05T18-41_2026-10-05_18-41-23.json","logger":"airflow.task.hooks.airflow.providers.standard.hooks.subprocess.SubprocessHook"}
{"timestamp":"2026-10-05T11:41:31.058339","level":"info","event":"Surabaya: Raw data loaded into PostgreSQL.","logger":"airflow.task.hooks.airflow.providers.standard.hooks.subprocess.SubprocessHook"}
{"timestamp":"2026-10-05T11:41:31.058540","level":"info","event":"Processing file: /opt/airflow/raw/surabaya_2026-10-05_2026-10-05_2026-10-05_14-19-24.json","logger":"airflow.task.hooks.airflow.providers.standard.hooks.subprocess.SubprocessHook"}
{"timestamp":"2026-10-05T11:41:31.058619","level":"info","event":"Surabaya: Raw data loaded into PostgreSQL.","logger":"airflow.task.hooks.airflow.providers.standard.hooks.subprocess.SubprocessHook"}
{"timestamp":"2026-10-05T11:41:31.058674","level":"info","event":"","logger":"airflow.task.hooks.airflow.providers.standard.hooks.subprocess.SubprocessHook"}
{"timestamp":"2026-10-05T11:41:31.058740","level":"info","event":"RAW loading completed.","logger":"airflow.task.hooks.airflow.providers.standard.hooks.subprocess.SubprocessHook"}
{"timestamp":"2026-10-05T11:41:31.058799","level":"info","event":"Bandung: 120 rows before cleaning, 120 rows after cleaning, 0 rows removed.","logger":"airflow.task.hooks.airflow.providers.standard.hooks.subprocess.SubprocessHook"}
{"timestamp":"2026-10-05T11:41:31.058869","level":"info","event":"Jakarta: 120 rows before cleaning, 120 rows after cleaning, 0 rows removed.","logger":"airflow.task.hooks.airflow.providers.standard.hooks.subprocess.SubprocessHook"}
{"timestamp":"2026-10-05T11:41:31.058937","level":"info","event":"Surabaya: 120 rows before cleaning, 120 rows after cleaning, 0 rows removed.","logger":"airflow.task.hooks.airflow.providers.standard.hooks.subprocess.SubprocessHook"}
{"timestamp":"2026-10-05T11:41:31.058991","level":"info","event":"Bandung: 288 rows before cleaning, 288 rows after cleaning, 0 rows removed.","logger":"airflow.task.hooks.airflow.providers.standard.hooks.subprocess.SubprocessHook"}
{"timestamp":"2026-10-05T11:41:31.059052","level":"info","event":"Bandung: 120 rows before cleaning, 120 rows after cleaning, 0 rows removed.","logger":"airflow.task.hooks.airflow.providers.standard.hooks.subprocess.SubprocessHook"}
{"timestamp":"2026-10-05T11:41:31.059114","level":"info","event":"Jakarta: 288 rows before cleaning, 288 rows after cleaning, 0 rows removed.","logger":"airflow.task.hooks.airflow.providers.standard.hooks.subprocess.SubprocessHook"}
{"timestamp":"2026-10-05T11:41:31.059171","level":"info","event":"Jakarta: 120 rows before cleaning, 120 rows after cleaning, 0 rows removed.","logger":"airflow.task.hooks.airflow.providers.standard.hooks.subprocess.SubprocessHook"}
{"timestamp":"2026-10-05T11:41:31.059229","level":"info","event":"Surabaya: 288 rows before cleaning, 288 rows after cleaning, 0 rows removed.","logger":"airflow.task.hooks.airflow.providers.standard.hooks.subprocess.SubprocessHook"}
{"timestamp":"2026-10-05T11:41:31.059283","level":"info","event":"Surabaya: 120 rows before cleaning, 120 rows after cleaning, 0 rows removed.","logger":"airflow.task.hooks.airflow.providers.standard.hooks.subprocess.SubprocessHook"}
{"timestamp":"2026-10-05T11:41:31.059346","level":"info","event":"Bandung: 288 rows before cleaning, 288 rows after cleaning, 0 rows removed.","logger":"airflow.task.hooks.airflow.providers.standard.hooks.subprocess.SubprocessHook"}
{"timestamp":"2026-10-05T11:41:31.059464","level":"info","event":"Bandung: 72 rows before cleaning, 72 rows after cleaning, 0 rows removed.","logger":"airflow.task.hooks.airflow.providers.standard.hooks.subprocess.SubprocessHook"}
{"timestamp":"2026-10-05T11:41:31.059841","level":"info","event":"Bandung: 120 rows before cleaning, 120 rows after cleaning, 0 rows removed.","logger":"airflow.task.hooks.airflow.providers.standard.hooks.subprocess.SubprocessHook"}
{"timestamp":"2026-10-05T11:41:31.060045","level":"info","event":"Bandung: 24 rows before cleaning, 24 rows after cleaning, 0 rows removed.","logger":"airflow.task.hooks.airflow.providers.standard.hooks.subprocess.SubprocessHook"}
{"timestamp":"2026-10-05T11:41:31.060143","level":"info","event":"Jakarta: 288 rows before cleaning, 288 rows after cleaning, 0 rows removed.","logger":"airflow.task.hooks.airflow.providers.standard.hooks.subprocess.SubprocessHook"}
{"timestamp":"2026-10-05T11:41:31.060219","level":"info","event":"Jakarta: 72 rows before cleaning, 72 rows after cleaning, 0 rows removed.","logger":"airflow.task.hooks.airflow.providers.standard.hooks.subprocess.SubprocessHook"}
{"timestamp":"2026-10-05T11:41:31.060289","level":"info","event":"Jakarta: 120 rows before cleaning, 120 rows after cleaning, 0 rows removed.","logger":"airflow.task.hooks.airflow.providers.standard.hooks.subprocess.SubprocessHook"}
{"timestamp":"2026-10-05T11:41:31.060353","level":"info","event":"Jakarta: 24 rows before cleaning, 24 rows after cleaning, 0 rows removed.","logger":"airflow.task.hooks.airflow.providers.standard.hooks.subprocess.SubprocessHook"}
{"timestamp":"2026-10-05T11:41:31.060419","level":"info","event":"Surabaya: 288 rows before cleaning, 288 rows after cleaning, 0 rows removed.","logger":"airflow.task.hooks.airflow.providers.standard.hooks.subprocess.SubprocessHook"}
{"timestamp":"2026-10-05T11:41:31.602689","level":"info","event":"Surabaya: 72 rows before cleaning, 72 rows after cleaning, 0 rows removed.","logger":"airflow.task.hooks.airflow.providers.standard.hooks.subprocess.SubprocessHook"}
{"timestamp":"2026-10-05T11:41:31.602874","level":"info","event":"Surabaya: 120 rows before cleaning, 120 rows after cleaning, 0 rows removed.","logger":"airflow.task.hooks.airflow.providers.standard.hooks.subprocess.SubprocessHook"}
{"timestamp":"2026-10-05T11:41:31.602939","level":"info","event":"Surabaya: 24 rows before cleaning, 24 rows after cleaning, 0 rows removed.","logger":"airflow.task.hooks.airflow.providers.standard.hooks.subprocess.SubprocessHook"}
{"timestamp":"2026-10-05T11:41:31.602983","level":"info","event":"Bandung: 288 rows before cleaning, 288 rows after cleaning, 0 rows removed.","logger":"airflow.task.hooks.airflow.providers.standard.hooks.subprocess.SubprocessHook"}
{"timestamp":"2026-10-05T11:41:31.603020","level":"info","event":"Bandung: 72 rows before cleaning, 72 rows after cleaning, 0 rows removed.","logger":"airflow.task.hooks.airflow.providers.standard.hooks.subprocess.SubprocessHook"}
{"timestamp":"2026-10-05T11:41:31.603053","level":"info","event":"Bandung: 120 rows before cleaning, 120 rows after cleaning, 0 rows removed.","logger":"airflow.task.hooks.airflow.providers.standard.hooks.subprocess.SubprocessHook"}
{"timestamp":"2026-10-05T11:41:31.603111","level":"info","event":"Bandung: 4 rows before cleaning, 4 rows after cleaning, 0 rows removed.","logger":"airflow.task.hooks.airflow.providers.standard.hooks.subprocess.SubprocessHook"}
{"timestamp":"2026-10-05T11:41:31.603155","level":"info","event":"Bandung: 3 rows before cleaning, 3 rows after cleaning, 0 rows removed.","logger":"airflow.task.hooks.airflow.providers.standard.hooks.subprocess.SubprocessHook"}
{"timestamp":"2026-10-05T11:41:31.603189","level":"info","event":"Bandung: 1 rows before cleaning, 1 rows after cleaning, 0 rows removed.","logger":"airflow.task.hooks.airflow.providers.standard.hooks.subprocess.SubprocessHook"}
{"timestamp":"2026-10-05T11:41:31.603225","level":"info","event":"Bandung: 24 rows before cleaning, 24 rows after cleaning, 0 rows removed.","logger":"airflow.task.hooks.airflow.providers.standard.hooks.subprocess.SubprocessHook"}
{"timestamp":"2026-10-05T11:41:31.603260","level":"info","event":"Jakarta: 288 rows before cleaning, 288 rows after cleaning, 0 rows removed.","logger":"airflow.task.hooks.airflow.providers.standard.hooks.subprocess.SubprocessHook"}
{"timestamp":"2026-10-05T11:41:31.603295","level":"info","event":"Jakarta: 72 rows before cleaning, 72 rows after cleaning, 0 rows removed.","logger":"airflow.task.hooks.airflow.providers.standard.hooks.subprocess.SubprocessHook"}
{"timestamp":"2026-10-05T11:41:31.603328","level":"info","event":"Jakarta: 120 rows before cleaning, 120 rows after cleaning, 0 rows removed.","logger":"airflow.task.hooks.airflow.providers.standard.hooks.subprocess.SubprocessHook"}
{"timestamp":"2026-10-05T11:41:31.603407","level":"info","event":"Jakarta: 4 rows before cleaning, 4 rows after cleaning, 0 rows removed.","logger":"airflow.task.hooks.airflow.providers.standard.hooks.subprocess.SubprocessHook"}
{"timestamp":"2026-10-05T11:41:31.603449","level":"info","event":"Jakarta: 3 rows before cleaning, 3 rows after cleaning, 0 rows removed.","logger":"airflow.task.hooks.airflow.providers.standard.hooks.subprocess.SubprocessHook"}
{"timestamp":"2026-10-05T11:41:31.603492","level":"info","event":"Jakarta: 1 rows before cleaning, 1 rows after cleaning, 0 rows removed.","logger":"airflow.task.hooks.airflow.providers.standard.hooks.subprocess.SubprocessHook"}
{"timestamp":"2026-10-05T11:41:31.603522","level":"info","event":"Jakarta: 24 rows before cleaning, 24 rows after cleaning, 0 rows removed.","logger":"airflow.task.hooks.airflow.providers.standard.hooks.subprocess.SubprocessHook"}
{"timestamp":"2026-10-05T11:41:31.603552","level":"info","event":"Surabaya: 288 rows before cleaning, 288 rows after cleaning, 0 rows removed.","logger":"airflow.task.hooks.airflow.providers.standard.hooks.subprocess.SubprocessHook"}
{"timestamp":"2026-10-05T11:41:31.603583","level":"info","event":"Surabaya: 72 rows before cleaning, 72 rows after cleaning, 0 rows removed.","logger":"airflow.task.hooks.airflow.providers.standard.hooks.subprocess.SubprocessHook"}
{"timestamp":"2026-10-05T11:41:31.603613","level":"info","event":"Surabaya: 120 rows before cleaning, 120 rows after cleaning, 0 rows removed.","logger":"airflow.task.hooks.airflow.providers.standard.hooks.subprocess.SubprocessHook"}
{"timestamp":"2026-10-05T11:41:31.603650","level":"info","event":"Surabaya: 4 rows before cleaning, 4 rows after cleaning, 0 rows removed.","logger":"airflow.task.hooks.airflow.providers.standard.hooks.subprocess.SubprocessHook"}
{"timestamp":"2026-10-05T11:41:31.603708","level":"info","event":"Surabaya: 3 rows before cleaning, 3 rows after cleaning, 0 rows removed.","logger":"airflow.task.hooks.airflow.providers.standard.hooks.subprocess.SubprocessHook"}
{"timestamp":"2026-10-05T11:41:31.603783","level":"info","event":"Surabaya: 1 rows before cleaning, 1 rows after cleaning, 0 rows removed.","logger":"airflow.task.hooks.airflow.providers.standard.hooks.subprocess.SubprocessHook"}
{"timestamp":"2026-10-05T11:41:31.603855","level":"info","event":"Surabaya: 24 rows before cleaning, 24 rows after cleaning, 0 rows removed.","logger":"airflow.task.hooks.airflow.providers.standard.hooks.subprocess.SubprocessHook"}
{"timestamp":"2026-10-05T11:41:31.603930","level":"info","event":"Bandung: 288 rows before cleaning, 288 rows after cleaning, 0 rows removed.","logger":"airflow.task.hooks.airflow.providers.standard.hooks.subprocess.SubprocessHook"}
{"timestamp":"2026-10-05T11:41:31.604044","level":"info","event":"Bandung: 72 rows before cleaning, 72 rows after cleaning, 0 rows removed.","logger":"airflow.task.hooks.airflow.providers.standard.hooks.subprocess.SubprocessHook"}
{"timestamp":"2026-10-05T11:41:31.604142","level":"info","event":"Bandung: 120 rows before cleaning, 120 rows after cleaning, 0 rows removed.","logger":"airflow.task.hooks.airflow.providers.standard.hooks.subprocess.SubprocessHook"}
{"timestamp":"2026-10-05T11:41:31.604227","level":"info","event":"Bandung: 4 rows before cleaning, 4 rows after cleaning, 0 rows removed.","logger":"airflow.task.hooks.airflow.providers.standard.hooks.subprocess.SubprocessHook"}
{"timestamp":"2026-10-05T11:41:31.604374","level":"info","event":"Bandung: 3 rows before cleaning, 3 rows after cleaning, 0 rows removed.","logger":"airflow.task.hooks.airflow.providers.standard.hooks.subprocess.SubprocessHook"}
{"timestamp":"2026-10-05T11:41:31.604434","level":"info","event":"Bandung: 1 rows before cleaning, 1 rows after cleaning, 0 rows removed.","logger":"airflow.task.hooks.airflow.providers.standard.hooks.subprocess.SubprocessHook"}
{"timestamp":"2026-10-05T11:41:31.604494","level":"info","event":"Bandung: 0 rows before cleaning, 0 rows after cleaning, 0 rows removed.","logger":"airflow.task.hooks.airflow.providers.standard.hooks.subprocess.SubprocessHook"}
{"timestamp":"2026-10-05T11:41:31.604533","level":"info","event":"Bandung: 24 rows before cleaning, 24 rows after cleaning, 0 rows removed.","logger":"airflow.task.hooks.airflow.providers.standard.hooks.subprocess.SubprocessHook"}
{"timestamp":"2026-10-05T11:41:31.604570","level":"info","event":"Jakarta: 288 rows before cleaning, 288 rows after cleaning, 0 rows removed.","logger":"airflow.task.hooks.airflow.providers.standard.hooks.subprocess.SubprocessHook"}
{"timestamp":"2026-10-05T11:41:31.604608","level":"info","event":"Jakarta: 72 rows before cleaning, 72 rows after cleaning, 0 rows removed.","logger":"airflow.task.hooks.airflow.providers.standard.hooks.subprocess.SubprocessHook"}
{"timestamp":"2026-10-05T11:41:31.604648","level":"info","event":"Jakarta: 120 rows before cleaning, 120 rows after cleaning, 0 rows removed.","logger":"airflow.task.hooks.airflow.providers.standard.hooks.subprocess.SubprocessHook"}
{"timestamp":"2026-10-05T11:41:31.604698","level":"info","event":"Jakarta: 4 rows before cleaning, 4 rows after cleaning, 0 rows removed.","logger":"airflow.task.hooks.airflow.providers.standard.hooks.subprocess.SubprocessHook"}
{"timestamp":"2026-10-05T11:41:31.604774","level":"info","event":"Jakarta: 3 rows before cleaning, 3 rows after cleaning, 0 rows removed.","logger":"airflow.task.hooks.airflow.providers.standard.hooks.subprocess.SubprocessHook"}
{"timestamp":"2026-10-05T11:41:31.604854","level":"info","event":"Jakarta: 1 rows before cleaning, 1 rows after cleaning, 0 rows removed.","logger":"airflow.task.hooks.airflow.providers.standard.hooks.subprocess.SubprocessHook"}
{"timestamp":"2026-10-05T11:41:31.604928","level":"info","event":"Jakarta: 0 rows before cleaning, 0 rows after cleaning, 0 rows removed.","logger":"airflow.task.hooks.airflow.providers.standard.hooks.subprocess.SubprocessHook"}
{"timestamp":"2026-10-05T11:41:31.604989","level":"info","event":"Jakarta: 24 rows before cleaning, 24 rows after cleaning, 0 rows removed.","logger":"airflow.task.hooks.airflow.providers.standard.hooks.subprocess.SubprocessHook"}
{"timestamp":"2026-10-05T11:41:31.605054","level":"info","event":"Surabaya: 288 rows before cleaning, 288 rows after cleaning, 0 rows removed.","logger":"airflow.task.hooks.airflow.providers.standard.hooks.subprocess.SubprocessHook"}
{"timestamp":"2026-10-05T11:41:31.605196","level":"info","event":"Surabaya: 72 rows before cleaning, 72 rows after cleaning, 0 rows removed.","logger":"airflow.task.hooks.airflow.providers.standard.hooks.subprocess.SubprocessHook"}
{"timestamp":"2026-10-05T11:41:31.605304","level":"info","event":"Surabaya: 120 rows before cleaning, 120 rows after cleaning, 0 rows removed.","logger":"airflow.task.hooks.airflow.providers.standard.hooks.subprocess.SubprocessHook"}
{"timestamp":"2026-10-05T11:41:31.605383","level":"info","event":"Surabaya: 4 rows before cleaning, 4 rows after cleaning, 0 rows removed.","logger":"airflow.task.hooks.airflow.providers.standard.hooks.subprocess.SubprocessHook"}
{"timestamp":"2026-10-05T11:41:31.605442","level":"info","event":"Surabaya: 3 rows before cleaning, 3 rows after cleaning, 0 rows removed.","logger":"airflow.task.hooks.airflow.providers.standard.hooks.subprocess.SubprocessHook"}
{"timestamp":"2026-10-05T11:41:31.605509","level":"info","event":"Surabaya: 1 rows before cleaning, 1 rows after cleaning, 0 rows removed.","logger":"airflow.task.hooks.airflow.providers.standard.hooks.subprocess.SubprocessHook"}
{"timestamp":"2026-10-05T11:41:31.605572","level":"info","event":"Surabaya: 0 rows before cleaning, 0 rows after cleaning, 0 rows removed.","logger":"airflow.task.hooks.airflow.providers.standard.hooks.subprocess.SubprocessHook"}
{"timestamp":"2026-10-05T11:41:31.605697","level":"info","event":"Surabaya: 24 rows before cleaning, 24 rows after cleaning, 0 rows removed.","logger":"airflow.task.hooks.airflow.providers.standard.hooks.subprocess.SubprocessHook"}
{"timestamp":"2026-10-05T11:41:31.605763","level":"info","event":"Bandung: 288 rows before cleaning, 288 rows after cleaning, 0 rows removed.","logger":"airflow.task.hooks.airflow.providers.standard.hooks.subprocess.SubprocessHook"}
{"timestamp":"2026-10-05T11:41:31.605819","level":"info","event":"Bandung: 72 rows before cleaning, 72 rows after cleaning, 0 rows removed.","logger":"airflow.task.hooks.airflow.providers.standard.hooks.subprocess.SubprocessHook"}
{"timestamp":"2026-10-05T11:41:31.605886","level":"info","event":"Bandung: 120 rows before cleaning, 120 rows after cleaning, 0 rows removed.","logger":"airflow.task.hooks.airflow.providers.standard.hooks.subprocess.SubprocessHook"}
{"timestamp":"2026-10-05T11:41:31.605949","level":"info","event":"Bandung: 4 rows before cleaning, 4 rows after cleaning, 0 rows removed.","logger":"airflow.task.hooks.airflow.providers.standard.hooks.subprocess.SubprocessHook"}
{"timestamp":"2026-10-05T11:41:31.606102","level":"info","event":"Bandung: 3 rows before cleaning, 3 rows after cleaning, 0 rows removed.","logger":"airflow.task.hooks.airflow.providers.standard.hooks.subprocess.SubprocessHook"}
{"timestamp":"2026-10-05T11:41:31.606199","level":"info","event":"Bandung: 4 rows before cleaning, 4 rows after cleaning, 0 rows removed.","logger":"airflow.task.hooks.airflow.providers.standard.hooks.subprocess.SubprocessHook"}
{"timestamp":"2026-10-05T11:41:31.606276","level":"info","event":"Bandung: 1 rows before cleaning, 1 rows after cleaning, 0 rows removed.","logger":"airflow.task.hooks.airflow.providers.standard.hooks.subprocess.SubprocessHook"}
{"timestamp":"2026-10-05T11:41:31.606395","level":"info","event":"Bandung: 0 rows before cleaning, 0 rows after cleaning, 0 rows removed.","logger":"airflow.task.hooks.airflow.providers.standard.hooks.subprocess.SubprocessHook"}
{"timestamp":"2026-10-05T11:41:31.606481","level":"info","event":"Bandung: 24 rows before cleaning, 24 rows after cleaning, 0 rows removed.","logger":"airflow.task.hooks.airflow.providers.standard.hooks.subprocess.SubprocessHook"}
{"timestamp":"2026-10-05T11:41:31.606556","level":"info","event":"Jakarta: 288 rows before cleaning, 288 rows after cleaning, 0 rows removed.","logger":"airflow.task.hooks.airflow.providers.standard.hooks.subprocess.SubprocessHook"}
{"timestamp":"2026-10-05T11:41:31.606627","level":"info","event":"Jakarta: 72 rows before cleaning, 72 rows after cleaning, 0 rows removed.","logger":"airflow.task.hooks.airflow.providers.standard.hooks.subprocess.SubprocessHook"}
{"timestamp":"2026-10-05T11:41:31.606674","level":"info","event":"Jakarta: 120 rows before cleaning, 120 rows after cleaning, 0 rows removed.","logger":"airflow.task.hooks.airflow.providers.standard.hooks.subprocess.SubprocessHook"}
{"timestamp":"2026-10-05T11:41:31.606713","level":"info","event":"Jakarta: 4 rows before cleaning, 4 rows after cleaning, 0 rows removed.","logger":"airflow.task.hooks.airflow.providers.standard.hooks.subprocess.SubprocessHook"}
{"timestamp":"2026-10-05T11:41:31.606748","level":"info","event":"Jakarta: 3 rows before cleaning, 3 rows after cleaning, 0 rows removed.","logger":"airflow.task.hooks.airflow.providers.standard.hooks.subprocess.SubprocessHook"}
{"timestamp":"2026-10-05T11:41:31.606791","level":"info","event":"Jakarta: 4 rows before cleaning, 4 rows after cleaning, 0 rows removed.","logger":"airflow.task.hooks.airflow.providers.standard.hooks.subprocess.SubprocessHook"}
{"timestamp":"2026-10-05T11:41:31.606843","level":"info","event":"Jakarta: 1 rows before cleaning, 1 rows after cleaning, 0 rows removed.","logger":"airflow.task.hooks.airflow.providers.standard.hooks.subprocess.SubprocessHook"}
{"timestamp":"2026-10-05T11:41:31.606890","level":"info","event":"Jakarta: 0 rows before cleaning, 0 rows after cleaning, 0 rows removed.","logger":"airflow.task.hooks.airflow.providers.standard.hooks.subprocess.SubprocessHook"}
{"timestamp":"2026-10-05T11:41:31.606936","level":"info","event":"Jakarta: 24 rows before cleaning, 24 rows after cleaning, 0 rows removed.","logger":"airflow.task.hooks.airflow.providers.standard.hooks.subprocess.SubprocessHook"}
{"timestamp":"2026-10-05T11:41:31.606988","level":"info","event":"Surabaya: 288 rows before cleaning, 288 rows after cleaning, 0 rows removed.","logger":"airflow.task.hooks.airflow.providers.standard.hooks.subprocess.SubprocessHook"}
{"timestamp":"2026-10-05T11:41:31.607044","level":"info","event":"Surabaya: 72 rows before cleaning, 72 rows after cleaning, 0 rows removed.","logger":"airflow.task.hooks.airflow.providers.standard.hooks.subprocess.SubprocessHook"}
{"timestamp":"2026-10-05T11:41:31.607103","level":"info","event":"Surabaya: 120 rows before cleaning, 120 rows after cleaning, 0 rows removed.","logger":"airflow.task.hooks.airflow.providers.standard.hooks.subprocess.SubprocessHook"}
{"timestamp":"2026-10-05T11:41:31.607169","level":"info","event":"Surabaya: 4 rows before cleaning, 4 rows after cleaning, 0 rows removed.","logger":"airflow.task.hooks.airflow.providers.standard.hooks.subprocess.SubprocessHook"}
{"timestamp":"2026-10-05T11:41:31.607233","level":"info","event":"Surabaya: 3 rows before cleaning, 3 rows after cleaning, 0 rows removed.","logger":"airflow.task.hooks.airflow.providers.standard.hooks.subprocess.SubprocessHook"}
{"timestamp":"2026-10-05T11:41:31.607299","level":"info","event":"Surabaya: 4 rows before cleaning, 4 rows after cleaning, 0 rows removed.","logger":"airflow.task.hooks.airflow.providers.standard.hooks.subprocess.SubprocessHook"}
{"timestamp":"2026-10-05T11:41:31.607437","level":"info","event":"Surabaya: 1 rows before cleaning, 1 rows after cleaning, 0 rows removed.","logger":"airflow.task.hooks.airflow.providers.standard.hooks.subprocess.SubprocessHook"}
{"timestamp":"2026-10-05T11:41:31.607510","level":"info","event":"Surabaya: 0 rows before cleaning, 0 rows after cleaning, 0 rows removed.","logger":"airflow.task.hooks.airflow.providers.standard.hooks.subprocess.SubprocessHook"}
{"timestamp":"2026-10-05T11:41:31.607606","level":"info","event":"Surabaya: 24 rows before cleaning, 24 rows after cleaning, 0 rows removed.","logger":"airflow.task.hooks.airflow.providers.standard.hooks.subprocess.SubprocessHook"}
{"timestamp":"2026-10-05T11:41:31.607653","level":"info","event":"Bandung: 288 rows before cleaning, 288 rows after cleaning, 0 rows removed.","logger":"airflow.task.hooks.airflow.providers.standard.hooks.subprocess.SubprocessHook"}
{"timestamp":"2026-10-05T11:41:31.607693","level":"info","event":"Bandung: 72 rows before cleaning, 72 rows after cleaning, 0 rows removed.","logger":"airflow.task.hooks.airflow.providers.standard.hooks.subprocess.SubprocessHook"}
{"timestamp":"2026-10-05T11:41:31.607807","level":"info","event":"Bandung: 120 rows before cleaning, 120 rows after cleaning, 0 rows removed.","logger":"airflow.task.hooks.airflow.providers.standard.hooks.subprocess.SubprocessHook"}
{"timestamp":"2026-10-05T11:41:31.607900","level":"info","event":"Bandung: 4 rows before cleaning, 4 rows after cleaning, 0 rows removed.","logger":"airflow.task.hooks.airflow.providers.standard.hooks.subprocess.SubprocessHook"}
{"timestamp":"2026-10-05T11:41:31.607969","level":"info","event":"Bandung: 3 rows before cleaning, 3 rows after cleaning, 0 rows removed.","logger":"airflow.task.hooks.airflow.providers.standard.hooks.subprocess.SubprocessHook"}
{"timestamp":"2026-10-05T11:41:31.608036","level":"info","event":"Bandung: 4 rows before cleaning, 4 rows after cleaning, 0 rows removed.","logger":"airflow.task.hooks.airflow.providers.standard.hooks.subprocess.SubprocessHook"}
{"timestamp":"2026-10-05T11:41:31.608100","level":"info","event":"Bandung: 4 rows before cleaning, 4 rows after cleaning, 0 rows removed.","logger":"airflow.task.hooks.airflow.providers.standard.hooks.subprocess.SubprocessHook"}
{"timestamp":"2026-10-05T11:41:31.608165","level":"info","event":"Bandung: 1 rows before cleaning, 1 rows after cleaning, 0 rows removed.","logger":"airflow.task.hooks.airflow.providers.standard.hooks.subprocess.SubprocessHook"}
{"timestamp":"2026-10-05T11:41:31.608298","level":"info","event":"Bandung: 0 rows before cleaning, 0 rows after cleaning, 0 rows removed.","logger":"airflow.task.hooks.airflow.providers.standard.hooks.subprocess.SubprocessHook"}
{"timestamp":"2026-10-05T11:41:31.608418","level":"info","event":"Bandung: 24 rows before cleaning, 24 rows after cleaning, 0 rows removed.","logger":"airflow.task.hooks.airflow.providers.standard.hooks.subprocess.SubprocessHook"}
{"timestamp":"2026-10-05T11:41:31.608485","level":"info","event":"Jakarta: 288 rows before cleaning, 288 rows after cleaning, 0 rows removed.","logger":"airflow.task.hooks.airflow.providers.standard.hooks.subprocess.SubprocessHook"}
{"timestamp":"2026-10-05T11:41:31.608555","level":"info","event":"Jakarta: 72 rows before cleaning, 72 rows after cleaning, 0 rows removed.","logger":"airflow.task.hooks.airflow.providers.standard.hooks.subprocess.SubprocessHook"}
{"timestamp":"2026-10-05T11:41:31.608623","level":"info","event":"Jakarta: 120 rows before cleaning, 120 rows after cleaning, 0 rows removed.","logger":"airflow.task.hooks.airflow.providers.standard.hooks.subprocess.SubprocessHook"}
{"timestamp":"2026-10-05T11:41:31.608882","level":"info","event":"Jakarta: 4 rows before cleaning, 4 rows after cleaning, 0 rows removed.","logger":"airflow.task.hooks.airflow.providers.standard.hooks.subprocess.SubprocessHook"}
{"timestamp":"2026-10-05T11:41:31.609009","level":"info","event":"Jakarta: 3 rows before cleaning, 3 rows after cleaning, 0 rows removed.","logger":"airflow.task.hooks.airflow.providers.standard.hooks.subprocess.SubprocessHook"}
{"timestamp":"2026-10-05T11:41:31.609119","level":"info","event":"Jakarta: 4 rows before cleaning, 4 rows after cleaning, 0 rows removed.","logger":"airflow.task.hooks.airflow.providers.standard.hooks.subprocess.SubprocessHook"}
{"timestamp":"2026-10-05T11:41:31.609201","level":"info","event":"Jakarta: 4 rows before cleaning, 4 rows after cleaning, 0 rows removed.","logger":"airflow.task.hooks.airflow.providers.standard.hooks.subprocess.SubprocessHook"}
{"timestamp":"2026-10-05T11:41:31.609279","level":"info","event":"Jakarta: 1 rows before cleaning, 1 rows after cleaning, 0 rows removed.","logger":"airflow.task.hooks.airflow.providers.standard.hooks.subprocess.SubprocessHook"}
{"timestamp":"2026-10-05T11:41:31.609358","level":"info","event":"Jakarta: 0 rows before cleaning, 0 rows after cleaning, 0 rows removed.","logger":"airflow.task.hooks.airflow.providers.standard.hooks.subprocess.SubprocessHook"}
{"timestamp":"2026-10-05T11:41:31.609423","level":"info","event":"Jakarta: 24 rows before cleaning, 24 rows after cleaning, 0 rows removed.","logger":"airflow.task.hooks.airflow.providers.standard.hooks.subprocess.SubprocessHook"}
{"timestamp":"2026-10-05T11:41:31.609492","level":"info","event":"Surabaya: 288 rows before cleaning, 288 rows after cleaning, 0 rows removed.","logger":"airflow.task.hooks.airflow.providers.standard.hooks.subprocess.SubprocessHook"}
{"timestamp":"2026-10-05T11:41:31.609564","level":"info","event":"Surabaya: 72 rows before cleaning, 72 rows after cleaning, 0 rows removed.","logger":"airflow.task.hooks.airflow.providers.standard.hooks.subprocess.SubprocessHook"}
{"timestamp":"2026-10-05T11:41:31.609747","level":"info","event":"Surabaya: 120 rows before cleaning, 120 rows after cleaning, 0 rows removed.","logger":"airflow.task.hooks.airflow.providers.standard.hooks.subprocess.SubprocessHook"}
{"timestamp":"2026-10-05T11:41:31.609833","level":"info","event":"Surabaya: 4 rows before cleaning, 4 rows after cleaning, 0 rows removed.","logger":"airflow.task.hooks.airflow.providers.standard.hooks.subprocess.SubprocessHook"}
{"timestamp":"2026-10-05T11:41:31.609876","level":"info","event":"Surabaya: 3 rows before cleaning, 3 rows after cleaning, 0 rows removed.","logger":"airflow.task.hooks.airflow.providers.standard.hooks.subprocess.SubprocessHook"}
{"timestamp":"2026-10-05T11:41:31.609932","level":"info","event":"Surabaya: 4 rows before cleaning, 4 rows after cleaning, 0 rows removed.","logger":"airflow.task.hooks.airflow.providers.standard.hooks.subprocess.SubprocessHook"}
{"timestamp":"2026-10-05T11:41:31.609975","level":"info","event":"Surabaya: 4 rows before cleaning, 4 rows after cleaning, 0 rows removed.","logger":"airflow.task.hooks.airflow.providers.standard.hooks.subprocess.SubprocessHook"}
{"timestamp":"2026-10-05T11:41:31.610014","level":"info","event":"Surabaya: 1 rows before cleaning, 1 rows after cleaning, 0 rows removed.","logger":"airflow.task.hooks.airflow.providers.standard.hooks.subprocess.SubprocessHook"}
{"timestamp":"2026-10-05T11:41:31.610049","level":"info","event":"Surabaya: 0 rows before cleaning, 0 rows after cleaning, 0 rows removed.","logger":"airflow.task.hooks.airflow.providers.standard.hooks.subprocess.SubprocessHook"}
{"timestamp":"2026-10-05T11:41:31.610082","level":"info","event":"Surabaya: 24 rows before cleaning, 24 rows after cleaning, 0 rows removed.","logger":"airflow.task.hooks.airflow.providers.standard.hooks.subprocess.SubprocessHook"}
{"timestamp":"2026-10-05T11:41:31.610169","level":"info","event":"Bandung: 288 rows before cleaning, 288 rows after cleaning, 0 rows removed.","logger":"airflow.task.hooks.airflow.providers.standard.hooks.subprocess.SubprocessHook"}
{"timestamp":"2026-10-05T11:41:31.610214","level":"info","event":"Bandung: 72 rows before cleaning, 72 rows after cleaning, 0 rows removed.","logger":"airflow.task.hooks.airflow.providers.standard.hooks.subprocess.SubprocessHook"}
{"timestamp":"2026-10-05T11:41:31.610252","level":"info","event":"Bandung: 120 rows before cleaning, 120 rows after cleaning, 0 rows removed.","logger":"airflow.task.hooks.airflow.providers.standard.hooks.subprocess.SubprocessHook"}
{"timestamp":"2026-10-05T11:41:31.610291","level":"info","event":"Bandung: 4 rows before cleaning, 4 rows after cleaning, 0 rows removed.","logger":"airflow.task.hooks.airflow.providers.standard.hooks.subprocess.SubprocessHook"}
{"timestamp":"2026-10-05T11:41:31.610325","level":"info","event":"Bandung: 3 rows before cleaning, 3 rows after cleaning, 0 rows removed.","logger":"airflow.task.hooks.airflow.providers.standard.hooks.subprocess.SubprocessHook"}
{"timestamp":"2026-10-05T11:41:31.610359","level":"info","event":"Bandung: 4 rows before cleaning, 4 rows after cleaning, 0 rows removed.","logger":"airflow.task.hooks.airflow.providers.standard.hooks.subprocess.SubprocessHook"}
{"timestamp":"2026-10-05T11:41:31.610425","level":"info","event":"Bandung: 4 rows before cleaning, 4 rows after cleaning, 0 rows removed.","logger":"airflow.task.hooks.airflow.providers.standard.hooks.subprocess.SubprocessHook"}
{"timestamp":"2026-10-05T11:41:32.045096","level":"info","event":"Bandung: 4 rows before cleaning, 4 rows after cleaning, 0 rows removed.","logger":"airflow.task.hooks.airflow.providers.standard.hooks.subprocess.SubprocessHook"}
{"timestamp":"2026-10-05T11:41:32.045410","level":"info","event":"Bandung: 1 rows before cleaning, 1 rows after cleaning, 0 rows removed.","logger":"airflow.task.hooks.airflow.providers.standard.hooks.subprocess.SubprocessHook"}
{"timestamp":"2026-10-05T11:41:32.045520","level":"info","event":"Bandung: 0 rows before cleaning, 0 rows after cleaning, 0 rows removed.","logger":"airflow.task.hooks.airflow.providers.standard.hooks.subprocess.SubprocessHook"}
{"timestamp":"2026-10-05T11:41:32.045652","level":"info","event":"Bandung: 24 rows before cleaning, 24 rows after cleaning, 0 rows removed.","logger":"airflow.task.hooks.airflow.providers.standard.hooks.subprocess.SubprocessHook"}
{"timestamp":"2026-10-05T11:41:32.045740","level":"info","event":"Jakarta: 288 rows before cleaning, 288 rows after cleaning, 0 rows removed.","logger":"airflow.task.hooks.airflow.providers.standard.hooks.subprocess.SubprocessHook"}
{"timestamp":"2026-10-05T11:41:32.045897","level":"info","event":"Jakarta: 72 rows before cleaning, 72 rows after cleaning, 0 rows removed.","logger":"airflow.task.hooks.airflow.providers.standard.hooks.subprocess.SubprocessHook"}
{"timestamp":"2026-10-05T11:41:32.045978","level":"info","event":"Jakarta: 120 rows before cleaning, 120 rows after cleaning, 0 rows removed.","logger":"airflow.task.hooks.airflow.providers.standard.hooks.subprocess.SubprocessHook"}
{"timestamp":"2026-10-05T11:41:32.046126","level":"info","event":"Jakarta: 4 rows before cleaning, 4 rows after cleaning, 0 rows removed.","logger":"airflow.task.hooks.airflow.providers.standard.hooks.subprocess.SubprocessHook"}
{"timestamp":"2026-10-05T11:41:32.046211","level":"info","event":"Jakarta: 3 rows before cleaning, 3 rows after cleaning, 0 rows removed.","logger":"airflow.task.hooks.airflow.providers.standard.hooks.subprocess.SubprocessHook"}
{"timestamp":"2026-10-05T11:41:32.046282","level":"info","event":"Jakarta: 4 rows before cleaning, 4 rows after cleaning, 0 rows removed.","logger":"airflow.task.hooks.airflow.providers.standard.hooks.subprocess.SubprocessHook"}
{"timestamp":"2026-10-05T11:41:32.046363","level":"info","event":"Jakarta: 4 rows before cleaning, 4 rows after cleaning, 0 rows removed.","logger":"airflow.task.hooks.airflow.providers.standard.hooks.subprocess.SubprocessHook"}
{"timestamp":"2026-10-05T11:41:32.046440","level":"info","event":"Jakarta: 4 rows before cleaning, 4 rows after cleaning, 0 rows removed.","logger":"airflow.task.hooks.airflow.providers.standard.hooks.subprocess.SubprocessHook"}
{"timestamp":"2026-10-05T11:41:32.046502","level":"info","event":"Jakarta: 1 rows before cleaning, 1 rows after cleaning, 0 rows removed.","logger":"airflow.task.hooks.airflow.providers.standard.hooks.subprocess.SubprocessHook"}
{"timestamp":"2026-10-05T11:41:32.046577","level":"info","event":"Jakarta: 0 rows before cleaning, 0 rows after cleaning, 0 rows removed.","logger":"airflow.task.hooks.airflow.providers.standard.hooks.subprocess.SubprocessHook"}
{"timestamp":"2026-10-05T11:41:32.046647","level":"info","event":"Jakarta: 24 rows before cleaning, 24 rows after cleaning, 0 rows removed.","logger":"airflow.task.hooks.airflow.providers.standard.hooks.subprocess.SubprocessHook"}
{"timestamp":"2026-10-05T11:41:32.046719","level":"info","event":"Surabaya: 288 rows before cleaning, 288 rows after cleaning, 0 rows removed.","logger":"airflow.task.hooks.airflow.providers.standard.hooks.subprocess.SubprocessHook"}
{"timestamp":"2026-10-05T11:41:32.046790","level":"info","event":"Surabaya: 72 rows before cleaning, 72 rows after cleaning, 0 rows removed.","logger":"airflow.task.hooks.airflow.providers.standard.hooks.subprocess.SubprocessHook"}
{"timestamp":"2026-10-05T11:41:32.046911","level":"info","event":"Surabaya: 120 rows before cleaning, 120 rows after cleaning, 0 rows removed.","logger":"airflow.task.hooks.airflow.providers.standard.hooks.subprocess.SubprocessHook"}
{"timestamp":"2026-10-05T11:41:32.047007","level":"info","event":"Surabaya: 4 rows before cleaning, 4 rows after cleaning, 0 rows removed.","logger":"airflow.task.hooks.airflow.providers.standard.hooks.subprocess.SubprocessHook"}
{"timestamp":"2026-10-05T11:41:32.047089","level":"info","event":"Surabaya: 3 rows before cleaning, 3 rows after cleaning, 0 rows removed.","logger":"airflow.task.hooks.airflow.providers.standard.hooks.subprocess.SubprocessHook"}
{"timestamp":"2026-10-05T11:41:32.047163","level":"info","event":"Surabaya: 4 rows before cleaning, 4 rows after cleaning, 0 rows removed.","logger":"airflow.task.hooks.airflow.providers.standard.hooks.subprocess.SubprocessHook"}
{"timestamp":"2026-10-05T11:41:32.047234","level":"info","event":"Surabaya: 4 rows before cleaning, 4 rows after cleaning, 0 rows removed.","logger":"airflow.task.hooks.airflow.providers.standard.hooks.subprocess.SubprocessHook"}
{"timestamp":"2026-10-05T11:41:32.047301","level":"info","event":"Surabaya: 4 rows before cleaning, 4 rows after cleaning, 0 rows removed.","logger":"airflow.task.hooks.airflow.providers.standard.hooks.subprocess.SubprocessHook"}
{"timestamp":"2026-10-05T11:41:32.047365","level":"info","event":"Surabaya: 1 rows before cleaning, 1 rows after cleaning, 0 rows removed.","logger":"airflow.task.hooks.airflow.providers.standard.hooks.subprocess.SubprocessHook"}
{"timestamp":"2026-10-05T11:41:32.047431","level":"info","event":"Surabaya: 0 rows before cleaning, 0 rows after cleaning, 0 rows removed.","logger":"airflow.task.hooks.airflow.providers.standard.hooks.subprocess.SubprocessHook"}
{"timestamp":"2026-10-05T11:41:32.047488","level":"info","event":"Surabaya: 24 rows before cleaning, 24 rows after cleaning, 0 rows removed.","logger":"airflow.task.hooks.airflow.providers.standard.hooks.subprocess.SubprocessHook"}
{"timestamp":"2026-10-05T11:41:32.047552","level":"info","event":"Bandung: 288 rows before cleaning, 288 rows after cleaning, 0 rows removed.","logger":"airflow.task.hooks.airflow.providers.standard.hooks.subprocess.SubprocessHook"}
{"timestamp":"2026-10-05T11:41:32.047610","level":"info","event":"Bandung: 72 rows before cleaning, 72 rows after cleaning, 0 rows removed.","logger":"airflow.task.hooks.airflow.providers.standard.hooks.subprocess.SubprocessHook"}
{"timestamp":"2026-10-05T11:41:32.047667","level":"info","event":"Bandung: 120 rows before cleaning, 120 rows after cleaning, 0 rows removed.","logger":"airflow.task.hooks.airflow.providers.standard.hooks.subprocess.SubprocessHook"}
{"timestamp":"2026-10-05T11:41:32.047724","level":"info","event":"Bandung: 4 rows before cleaning, 4 rows after cleaning, 0 rows removed.","logger":"airflow.task.hooks.airflow.providers.standard.hooks.subprocess.SubprocessHook"}
{"timestamp":"2026-10-05T11:41:32.047779","level":"info","event":"Bandung: 3 rows before cleaning, 3 rows after cleaning, 0 rows removed.","logger":"airflow.task.hooks.airflow.providers.standard.hooks.subprocess.SubprocessHook"}
{"timestamp":"2026-10-05T11:41:32.047833","level":"info","event":"Bandung: 4 rows before cleaning, 4 rows after cleaning, 0 rows removed.","logger":"airflow.task.hooks.airflow.providers.standard.hooks.subprocess.SubprocessHook"}
{"timestamp":"2026-10-05T11:41:32.047888","level":"info","event":"Bandung: 4 rows before cleaning, 4 rows after cleaning, 0 rows removed.","logger":"airflow.task.hooks.airflow.providers.standard.hooks.subprocess.SubprocessHook"}
{"timestamp":"2026-10-05T11:41:32.047939","level":"info","event":"Bandung: 4 rows before cleaning, 4 rows after cleaning, 0 rows removed.","logger":"airflow.task.hooks.airflow.providers.standard.hooks.subprocess.SubprocessHook"}
{"timestamp":"2026-10-05T11:41:32.047996","level":"info","event":"Bandung: 4 rows before cleaning, 4 rows after cleaning, 0 rows removed.","logger":"airflow.task.hooks.airflow.providers.standard.hooks.subprocess.SubprocessHook"}
{"timestamp":"2026-10-05T11:41:32.048047","level":"info","event":"Bandung: 1 rows before cleaning, 1 rows after cleaning, 0 rows removed.","logger":"airflow.task.hooks.airflow.providers.standard.hooks.subprocess.SubprocessHook"}
{"timestamp":"2026-10-05T11:41:32.048263","level":"info","event":"Bandung: 0 rows before cleaning, 0 rows after cleaning, 0 rows removed.","logger":"airflow.task.hooks.airflow.providers.standard.hooks.subprocess.SubprocessHook"}
{"timestamp":"2026-10-05T11:41:32.048413","level":"info","event":"Bandung: 24 rows before cleaning, 24 rows after cleaning, 0 rows removed.","logger":"airflow.task.hooks.airflow.providers.standard.hooks.subprocess.SubprocessHook"}
{"timestamp":"2026-10-05T11:41:32.048493","level":"info","event":"Jakarta: 288 rows before cleaning, 288 rows after cleaning, 0 rows removed.","logger":"airflow.task.hooks.airflow.providers.standard.hooks.subprocess.SubprocessHook"}
{"timestamp":"2026-10-05T11:41:32.048560","level":"info","event":"Jakarta: 72 rows before cleaning, 72 rows after cleaning, 0 rows removed.","logger":"airflow.task.hooks.airflow.providers.standard.hooks.subprocess.SubprocessHook"}
{"timestamp":"2026-10-05T11:41:32.048628","level":"info","event":"Jakarta: 120 rows before cleaning, 120 rows after cleaning, 0 rows removed.","logger":"airflow.task.hooks.airflow.providers.standard.hooks.subprocess.SubprocessHook"}
{"timestamp":"2026-10-05T11:41:32.048689","level":"info","event":"Jakarta: 4 rows before cleaning, 4 rows after cleaning, 0 rows removed.","logger":"airflow.task.hooks.airflow.providers.standard.hooks.subprocess.SubprocessHook"}
{"timestamp":"2026-10-05T11:41:32.048806","level":"info","event":"Jakarta: 3 rows before cleaning, 3 rows after cleaning, 0 rows removed.","logger":"airflow.task.hooks.airflow.providers.standard.hooks.subprocess.SubprocessHook"}
{"timestamp":"2026-10-05T11:41:32.048908","level":"info","event":"Jakarta: 4 rows before cleaning, 4 rows after cleaning, 0 rows removed.","logger":"airflow.task.hooks.airflow.providers.standard.hooks.subprocess.SubprocessHook"}
{"timestamp":"2026-10-05T11:41:32.049027","level":"info","event":"Jakarta: 4 rows before cleaning, 4 rows after cleaning, 0 rows removed.","logger":"airflow.task.hooks.airflow.providers.standard.hooks.subprocess.SubprocessHook"}
{"timestamp":"2026-10-05T11:41:32.049135","level":"info","event":"Jakarta: 4 rows before cleaning, 4 rows after cleaning, 0 rows removed.","logger":"airflow.task.hooks.airflow.providers.standard.hooks.subprocess.SubprocessHook"}
{"timestamp":"2026-10-05T11:41:32.049551","level":"info","event":"Jakarta: 4 rows before cleaning, 4 rows after cleaning, 0 rows removed.","logger":"airflow.task.hooks.airflow.providers.standard.hooks.subprocess.SubprocessHook"}
{"timestamp":"2026-10-05T11:41:32.050065","level":"info","event":"Jakarta: 1 rows before cleaning, 1 rows after cleaning, 0 rows removed.","logger":"airflow.task.hooks.airflow.providers.standard.hooks.subprocess.SubprocessHook"}
{"timestamp":"2026-10-05T11:41:32.050233","level":"info","event":"Jakarta: 0 rows before cleaning, 0 rows after cleaning, 0 rows removed.","logger":"airflow.task.hooks.airflow.providers.standard.hooks.subprocess.SubprocessHook"}
{"timestamp":"2026-10-05T11:41:32.050321","level":"info","event":"Jakarta: 24 rows before cleaning, 24 rows after cleaning, 0 rows removed.","logger":"airflow.task.hooks.airflow.providers.standard.hooks.subprocess.SubprocessHook"}
{"timestamp":"2026-10-05T11:41:32.050399","level":"info","event":"Surabaya: 288 rows before cleaning, 288 rows after cleaning, 0 rows removed.","logger":"airflow.task.hooks.airflow.providers.standard.hooks.subprocess.SubprocessHook"}
{"timestamp":"2026-10-05T11:41:32.050467","level":"info","event":"Surabaya: 72 rows before cleaning, 72 rows after cleaning, 0 rows removed.","logger":"airflow.task.hooks.airflow.providers.standard.hooks.subprocess.SubprocessHook"}
{"timestamp":"2026-10-05T11:41:32.050540","level":"info","event":"Surabaya: 120 rows before cleaning, 120 rows after cleaning, 0 rows removed.","logger":"airflow.task.hooks.airflow.providers.standard.hooks.subprocess.SubprocessHook"}
{"timestamp":"2026-10-05T11:41:32.050610","level":"info","event":"Surabaya: 4 rows before cleaning, 4 rows after cleaning, 0 rows removed.","logger":"airflow.task.hooks.airflow.providers.standard.hooks.subprocess.SubprocessHook"}
{"timestamp":"2026-10-05T11:41:32.050678","level":"info","event":"Surabaya: 3 rows before cleaning, 3 rows after cleaning, 0 rows removed.","logger":"airflow.task.hooks.airflow.providers.standard.hooks.subprocess.SubprocessHook"}
{"timestamp":"2026-10-05T11:41:32.050756","level":"info","event":"Surabaya: 4 rows before cleaning, 4 rows after cleaning, 0 rows removed.","logger":"airflow.task.hooks.airflow.providers.standard.hooks.subprocess.SubprocessHook"}
{"timestamp":"2026-10-05T11:41:32.050841","level":"info","event":"Surabaya: 4 rows before cleaning, 4 rows after cleaning, 0 rows removed.","logger":"airflow.task.hooks.airflow.providers.standard.hooks.subprocess.SubprocessHook"}
{"timestamp":"2026-10-05T11:41:32.050913","level":"info","event":"Surabaya: 4 rows before cleaning, 4 rows after cleaning, 0 rows removed.","logger":"airflow.task.hooks.airflow.providers.standard.hooks.subprocess.SubprocessHook"}
{"timestamp":"2026-10-05T11:41:32.051063","level":"info","event":"Surabaya: 4 rows before cleaning, 4 rows after cleaning, 0 rows removed.","logger":"airflow.task.hooks.airflow.providers.standard.hooks.subprocess.SubprocessHook"}
{"timestamp":"2026-10-05T11:41:32.051156","level":"info","event":"Surabaya: 1 rows before cleaning, 1 rows after cleaning, 0 rows removed.","logger":"airflow.task.hooks.airflow.providers.standard.hooks.subprocess.SubprocessHook"}
{"timestamp":"2026-10-05T11:41:32.051228","level":"info","event":"Surabaya: 0 rows before cleaning, 0 rows after cleaning, 0 rows removed.","logger":"airflow.task.hooks.airflow.providers.standard.hooks.subprocess.SubprocessHook"}
{"timestamp":"2026-10-05T11:41:32.051301","level":"info","event":"Surabaya: 24 rows before cleaning, 24 rows after cleaning, 0 rows removed.","logger":"airflow.task.hooks.airflow.providers.standard.hooks.subprocess.SubprocessHook"}
{"timestamp":"2026-10-05T11:41:32.051368","level":"info","event":"Bandung: 288 rows before cleaning, 288 rows after cleaning, 0 rows removed.","logger":"airflow.task.hooks.airflow.providers.standard.hooks.subprocess.SubprocessHook"}
{"timestamp":"2026-10-05T11:41:32.051429","level":"info","event":"Bandung: 72 rows before cleaning, 72 rows after cleaning, 0 rows removed.","logger":"airflow.task.hooks.airflow.providers.standard.hooks.subprocess.SubprocessHook"}
{"timestamp":"2026-10-05T11:41:32.051496","level":"info","event":"Bandung: 120 rows before cleaning, 120 rows after cleaning, 0 rows removed.","logger":"airflow.task.hooks.airflow.providers.standard.hooks.subprocess.SubprocessHook"}
{"timestamp":"2026-10-05T11:41:32.051563","level":"info","event":"Bandung: 4 rows before cleaning, 4 rows after cleaning, 0 rows removed.","logger":"airflow.task.hooks.airflow.providers.standard.hooks.subprocess.SubprocessHook"}
{"timestamp":"2026-10-05T11:41:32.051628","level":"info","event":"Bandung: 3 rows before cleaning, 3 rows after cleaning, 0 rows removed.","logger":"airflow.task.hooks.airflow.providers.standard.hooks.subprocess.SubprocessHook"}
{"timestamp":"2026-10-05T11:41:32.051693","level":"info","event":"Bandung: 4 rows before cleaning, 4 rows after cleaning, 0 rows removed.","logger":"airflow.task.hooks.airflow.providers.standard.hooks.subprocess.SubprocessHook"}
{"timestamp":"2026-10-05T11:41:32.051755","level":"info","event":"Bandung: 4 rows before cleaning, 4 rows after cleaning, 0 rows removed.","logger":"airflow.task.hooks.airflow.providers.standard.hooks.subprocess.SubprocessHook"}
{"timestamp":"2026-10-05T11:41:32.051810","level":"info","event":"Bandung: 4 rows before cleaning, 4 rows after cleaning, 0 rows removed.","logger":"airflow.task.hooks.airflow.providers.standard.hooks.subprocess.SubprocessHook"}
{"timestamp":"2026-10-05T11:41:32.051869","level":"info","event":"Bandung: 4 rows before cleaning, 4 rows after cleaning, 0 rows removed.","logger":"airflow.task.hooks.airflow.providers.standard.hooks.subprocess.SubprocessHook"}
{"timestamp":"2026-10-05T11:41:32.051929","level":"info","event":"Bandung: 4 rows before cleaning, 4 rows after cleaning, 0 rows removed.","logger":"airflow.task.hooks.airflow.providers.standard.hooks.subprocess.SubprocessHook"}
{"timestamp":"2026-10-05T11:41:32.051984","level":"info","event":"Bandung: 1 rows before cleaning, 1 rows after cleaning, 0 rows removed.","logger":"airflow.task.hooks.airflow.providers.standard.hooks.subprocess.SubprocessHook"}
{"timestamp":"2026-10-05T11:41:32.052037","level":"info","event":"Bandung: 0 rows before cleaning, 0 rows after cleaning, 0 rows removed.","logger":"airflow.task.hooks.airflow.providers.standard.hooks.subprocess.SubprocessHook"}
{"timestamp":"2026-10-05T11:41:32.052093","level":"info","event":"Bandung: 24 rows before cleaning, 24 rows after cleaning, 0 rows removed.","logger":"airflow.task.hooks.airflow.providers.standard.hooks.subprocess.SubprocessHook"}
{"timestamp":"2026-10-05T11:41:32.052146","level":"info","event":"Jakarta: 288 rows before cleaning, 288 rows after cleaning, 0 rows removed.","logger":"airflow.task.hooks.airflow.providers.standard.hooks.subprocess.SubprocessHook"}
{"timestamp":"2026-10-05T11:41:32.052199","level":"info","event":"Jakarta: 72 rows before cleaning, 72 rows after cleaning, 0 rows removed.","logger":"airflow.task.hooks.airflow.providers.standard.hooks.subprocess.SubprocessHook"}
{"timestamp":"2026-10-05T11:41:32.052251","level":"info","event":"Jakarta: 120 rows before cleaning, 120 rows after cleaning, 0 rows removed.","logger":"airflow.task.hooks.airflow.providers.standard.hooks.subprocess.SubprocessHook"}
{"timestamp":"2026-10-05T11:41:32.052306","level":"info","event":"Jakarta: 4 rows before cleaning, 4 rows after cleaning, 0 rows removed.","logger":"airflow.task.hooks.airflow.providers.standard.hooks.subprocess.SubprocessHook"}
{"timestamp":"2026-10-05T11:41:32.052362","level":"info","event":"Jakarta: 3 rows before cleaning, 3 rows after cleaning, 0 rows removed.","logger":"airflow.task.hooks.airflow.providers.standard.hooks.subprocess.SubprocessHook"}
{"timestamp":"2026-10-05T11:41:32.052416","level":"info","event":"Jakarta: 4 rows before cleaning, 4 rows after cleaning, 0 rows removed.","logger":"airflow.task.hooks.airflow.providers.standard.hooks.subprocess.SubprocessHook"}
{"timestamp":"2026-10-05T11:41:32.052470","level":"info","event":"Jakarta: 4 rows before cleaning, 4 rows after cleaning, 0 rows removed.","logger":"airflow.task.hooks.airflow.providers.standard.hooks.subprocess.SubprocessHook"}
{"timestamp":"2026-10-05T11:41:32.052523","level":"info","event":"Jakarta: 4 rows before cleaning, 4 rows after cleaning, 0 rows removed.","logger":"airflow.task.hooks.airflow.providers.standard.hooks.subprocess.SubprocessHook"}
{"timestamp":"2026-10-05T11:41:32.052575","level":"info","event":"Jakarta: 4 rows before cleaning, 4 rows after cleaning, 0 rows removed.","logger":"airflow.task.hooks.airflow.providers.standard.hooks.subprocess.SubprocessHook"}
{"timestamp":"2026-10-05T11:41:32.052628","level":"info","event":"Jakarta: 4 rows before cleaning, 4 rows after cleaning, 0 rows removed.","logger":"airflow.task.hooks.airflow.providers.standard.hooks.subprocess.SubprocessHook"}
{"timestamp":"2026-10-05T11:41:32.052681","level":"info","event":"Jakarta: 1 rows before cleaning, 1 rows after cleaning, 0 rows removed.","logger":"airflow.task.hooks.airflow.providers.standard.hooks.subprocess.SubprocessHook"}
{"timestamp":"2026-10-05T11:41:32.052734","level":"info","event":"Jakarta: 0 rows before cleaning, 0 rows after cleaning, 0 rows removed.","logger":"airflow.task.hooks.airflow.providers.standard.hooks.subprocess.SubprocessHook"}
{"timestamp":"2026-10-05T11:41:32.052790","level":"info","event":"Jakarta: 24 rows before cleaning, 24 rows after cleaning, 0 rows removed.","logger":"airflow.task.hooks.airflow.providers.standard.hooks.subprocess.SubprocessHook"}
{"timestamp":"2026-10-05T11:41:32.052848","level":"info","event":"Surabaya: 288 rows before cleaning, 288 rows after cleaning, 0 rows removed.","logger":"airflow.task.hooks.airflow.providers.standard.hooks.subprocess.SubprocessHook"}
{"timestamp":"2026-10-05T11:41:32.052908","level":"info","event":"Surabaya: 72 rows before cleaning, 72 rows after cleaning, 0 rows removed.","logger":"airflow.task.hooks.airflow.providers.standard.hooks.subprocess.SubprocessHook"}
{"timestamp":"2026-10-05T11:41:32.052963","level":"info","event":"Surabaya: 120 rows before cleaning, 120 rows after cleaning, 0 rows removed.","logger":"airflow.task.hooks.airflow.providers.standard.hooks.subprocess.SubprocessHook"}
{"timestamp":"2026-10-05T11:41:32.053099","level":"info","event":"Surabaya: 4 rows before cleaning, 4 rows after cleaning, 0 rows removed.","logger":"airflow.task.hooks.airflow.providers.standard.hooks.subprocess.SubprocessHook"}
{"timestamp":"2026-10-05T11:41:32.053180","level":"info","event":"Surabaya: 3 rows before cleaning, 3 rows after cleaning, 0 rows removed.","logger":"airflow.task.hooks.airflow.providers.standard.hooks.subprocess.SubprocessHook"}
{"timestamp":"2026-10-05T11:41:32.053234","level":"info","event":"Surabaya: 4 rows before cleaning, 4 rows after cleaning, 0 rows removed.","logger":"airflow.task.hooks.airflow.providers.standard.hooks.subprocess.SubprocessHook"}
{"timestamp":"2026-10-05T11:41:32.053294","level":"info","event":"Surabaya: 4 rows before cleaning, 4 rows after cleaning, 0 rows removed.","logger":"airflow.task.hooks.airflow.providers.standard.hooks.subprocess.SubprocessHook"}
{"timestamp":"2026-10-05T11:41:32.053358","level":"info","event":"Surabaya: 4 rows before cleaning, 4 rows after cleaning, 0 rows removed.","logger":"airflow.task.hooks.airflow.providers.standard.hooks.subprocess.SubprocessHook"}
{"timestamp":"2026-10-05T11:41:32.053427","level":"info","event":"Surabaya: 4 rows before cleaning, 4 rows after cleaning, 0 rows removed.","logger":"airflow.task.hooks.airflow.providers.standard.hooks.subprocess.SubprocessHook"}
{"timestamp":"2026-10-05T11:41:32.053485","level":"info","event":"Surabaya: 4 rows before cleaning, 4 rows after cleaning, 0 rows removed.","logger":"airflow.task.hooks.airflow.providers.standard.hooks.subprocess.SubprocessHook"}
{"timestamp":"2026-10-05T11:41:32.053540","level":"info","event":"Surabaya: 1 rows before cleaning, 1 rows after cleaning, 0 rows removed.","logger":"airflow.task.hooks.airflow.providers.standard.hooks.subprocess.SubprocessHook"}
{"timestamp":"2026-10-05T11:41:32.053593","level":"info","event":"Surabaya: 0 rows before cleaning, 0 rows after cleaning, 0 rows removed.","logger":"airflow.task.hooks.airflow.providers.standard.hooks.subprocess.SubprocessHook"}
{"timestamp":"2026-10-05T11:41:32.053712","level":"info","event":"Surabaya: 24 rows before cleaning, 24 rows after cleaning, 0 rows removed.","logger":"airflow.task.hooks.airflow.providers.standard.hooks.subprocess.SubprocessHook"}
{"timestamp":"2026-10-05T11:41:32.053776","level":"info","event":"Bandung: 288 rows before cleaning, 288 rows after cleaning, 0 rows removed.","logger":"airflow.task.hooks.airflow.providers.standard.hooks.subprocess.SubprocessHook"}
{"timestamp":"2026-10-05T11:41:32.053836","level":"info","event":"Bandung: 72 rows before cleaning, 72 rows after cleaning, 0 rows removed.","logger":"airflow.task.hooks.airflow.providers.standard.hooks.subprocess.SubprocessHook"}
{"timestamp":"2026-10-05T11:41:32.054001","level":"info","event":"Bandung: 120 rows before cleaning, 120 rows after cleaning, 0 rows removed.","logger":"airflow.task.hooks.airflow.providers.standard.hooks.subprocess.SubprocessHook"}
{"timestamp":"2026-10-05T11:41:32.054121","level":"info","event":"Bandung: 4 rows before cleaning, 4 rows after cleaning, 0 rows removed.","logger":"airflow.task.hooks.airflow.providers.standard.hooks.subprocess.SubprocessHook"}
{"timestamp":"2026-10-05T11:41:32.054217","level":"info","event":"Bandung: 3 rows before cleaning, 3 rows after cleaning, 0 rows removed.","logger":"airflow.task.hooks.airflow.providers.standard.hooks.subprocess.SubprocessHook"}
{"timestamp":"2026-10-05T11:41:32.054282","level":"info","event":"Bandung: 4 rows before cleaning, 4 rows after cleaning, 0 rows removed.","logger":"airflow.task.hooks.airflow.providers.standard.hooks.subprocess.SubprocessHook"}
{"timestamp":"2026-10-05T11:41:32.054341","level":"info","event":"Bandung: 4 rows before cleaning, 4 rows after cleaning, 0 rows removed.","logger":"airflow.task.hooks.airflow.providers.standard.hooks.subprocess.SubprocessHook"}
{"timestamp":"2026-10-05T11:41:32.054401","level":"info","event":"Bandung: 4 rows before cleaning, 4 rows after cleaning, 0 rows removed.","logger":"airflow.task.hooks.airflow.providers.standard.hooks.subprocess.SubprocessHook"}
{"timestamp":"2026-10-05T11:41:32.054455","level":"info","event":"Bandung: 4 rows before cleaning, 4 rows after cleaning, 0 rows removed.","logger":"airflow.task.hooks.airflow.providers.standard.hooks.subprocess.SubprocessHook"}
{"timestamp":"2026-10-05T11:41:32.054536","level":"info","event":"Bandung: 4 rows before cleaning, 4 rows after cleaning, 0 rows removed.","logger":"airflow.task.hooks.airflow.providers.standard.hooks.subprocess.SubprocessHook"}
{"timestamp":"2026-10-05T11:41:32.054607","level":"info","event":"Bandung: 1 rows before cleaning, 1 rows after cleaning, 0 rows removed.","logger":"airflow.task.hooks.airflow.providers.standard.hooks.subprocess.SubprocessHook"}
{"timestamp":"2026-10-05T11:41:32.531393","level":"info","event":"Bandung: 0 rows before cleaning, 0 rows after cleaning, 0 rows removed.","logger":"airflow.task.hooks.airflow.providers.standard.hooks.subprocess.SubprocessHook"}
{"timestamp":"2026-10-05T11:41:32.531548","level":"info","event":"Bandung: 3 rows before cleaning, 3 rows after cleaning, 0 rows removed.","logger":"airflow.task.hooks.airflow.providers.standard.hooks.subprocess.SubprocessHook"}
{"timestamp":"2026-10-05T11:41:32.531597","level":"info","event":"Bandung: 24 rows before cleaning, 24 rows after cleaning, 0 rows removed.","logger":"airflow.task.hooks.airflow.providers.standard.hooks.subprocess.SubprocessHook"}
{"timestamp":"2026-10-05T11:41:32.531632","level":"info","event":"Jakarta: 288 rows before cleaning, 288 rows after cleaning, 0 rows removed.","logger":"airflow.task.hooks.airflow.providers.standard.hooks.subprocess.SubprocessHook"}
{"timestamp":"2026-10-05T11:41:32.531664","level":"info","event":"Jakarta: 72 rows before cleaning, 72 rows after cleaning, 0 rows removed.","logger":"airflow.task.hooks.airflow.providers.standard.hooks.subprocess.SubprocessHook"}
{"timestamp":"2026-10-05T11:41:32.531694","level":"info","event":"Jakarta: 120 rows before cleaning, 120 rows after cleaning, 0 rows removed.","logger":"airflow.task.hooks.airflow.providers.standard.hooks.subprocess.SubprocessHook"}
{"timestamp":"2026-10-05T11:41:32.531724","level":"info","event":"Jakarta: 4 rows before cleaning, 4 rows after cleaning, 0 rows removed.","logger":"airflow.task.hooks.airflow.providers.standard.hooks.subprocess.SubprocessHook"}
{"timestamp":"2026-10-05T11:41:32.531751","level":"info","event":"Jakarta: 3 rows before cleaning, 3 rows after cleaning, 0 rows removed.","logger":"airflow.task.hooks.airflow.providers.standard.hooks.subprocess.SubprocessHook"}
{"timestamp":"2026-10-05T11:41:32.531779","level":"info","event":"Jakarta: 4 rows before cleaning, 4 rows after cleaning, 0 rows removed.","logger":"airflow.task.hooks.airflow.providers.standard.hooks.subprocess.SubprocessHook"}
{"timestamp":"2026-10-05T11:41:32.531828","level":"info","event":"Jakarta: 4 rows before cleaning, 4 rows after cleaning, 0 rows removed.","logger":"airflow.task.hooks.airflow.providers.standard.hooks.subprocess.SubprocessHook"}
{"timestamp":"2026-10-05T11:41:32.531871","level":"info","event":"Jakarta: 4 rows before cleaning, 4 rows after cleaning, 0 rows removed.","logger":"airflow.task.hooks.airflow.providers.standard.hooks.subprocess.SubprocessHook"}
{"timestamp":"2026-10-05T11:41:32.531905","level":"info","event":"Jakarta: 4 rows before cleaning, 4 rows after cleaning, 0 rows removed.","logger":"airflow.task.hooks.airflow.providers.standard.hooks.subprocess.SubprocessHook"}
{"timestamp":"2026-10-05T11:41:32.531966","level":"info","event":"Jakarta: 4 rows before cleaning, 4 rows after cleaning, 0 rows removed.","logger":"airflow.task.hooks.airflow.providers.standard.hooks.subprocess.SubprocessHook"}
{"timestamp":"2026-10-05T11:41:32.532006","level":"info","event":"Jakarta: 1 rows before cleaning, 1 rows after cleaning, 0 rows removed.","logger":"airflow.task.hooks.airflow.providers.standard.hooks.subprocess.SubprocessHook"}
{"timestamp":"2026-10-05T11:41:32.532038","level":"info","event":"Jakarta: 0 rows before cleaning, 0 rows after cleaning, 0 rows removed.","logger":"airflow.task.hooks.airflow.providers.standard.hooks.subprocess.SubprocessHook"}
{"timestamp":"2026-10-05T11:41:32.532068","level":"info","event":"Jakarta: 3 rows before cleaning, 3 rows after cleaning, 0 rows removed.","logger":"airflow.task.hooks.airflow.providers.standard.hooks.subprocess.SubprocessHook"}
{"timestamp":"2026-10-05T11:41:32.532097","level":"info","event":"Jakarta: 24 rows before cleaning, 24 rows after cleaning, 0 rows removed.","logger":"airflow.task.hooks.airflow.providers.standard.hooks.subprocess.SubprocessHook"}
{"timestamp":"2026-10-05T11:41:32.532126","level":"info","event":"Surabaya: 288 rows before cleaning, 288 rows after cleaning, 0 rows removed.","logger":"airflow.task.hooks.airflow.providers.standard.hooks.subprocess.SubprocessHook"}
{"timestamp":"2026-10-05T11:41:32.532155","level":"info","event":"Surabaya: 72 rows before cleaning, 72 rows after cleaning, 0 rows removed.","logger":"airflow.task.hooks.airflow.providers.standard.hooks.subprocess.SubprocessHook"}
{"timestamp":"2026-10-05T11:41:32.532183","level":"info","event":"Surabaya: 120 rows before cleaning, 120 rows after cleaning, 0 rows removed.","logger":"airflow.task.hooks.airflow.providers.standard.hooks.subprocess.SubprocessHook"}
{"timestamp":"2026-10-05T11:41:32.532211","level":"info","event":"Surabaya: 4 rows before cleaning, 4 rows after cleaning, 0 rows removed.","logger":"airflow.task.hooks.airflow.providers.standard.hooks.subprocess.SubprocessHook"}
{"timestamp":"2026-10-05T11:41:32.532240","level":"info","event":"Surabaya: 3 rows before cleaning, 3 rows after cleaning, 0 rows removed.","logger":"airflow.task.hooks.airflow.providers.standard.hooks.subprocess.SubprocessHook"}
{"timestamp":"2026-10-05T11:41:32.532268","level":"info","event":"Surabaya: 4 rows before cleaning, 4 rows after cleaning, 0 rows removed.","logger":"airflow.task.hooks.airflow.providers.standard.hooks.subprocess.SubprocessHook"}
{"timestamp":"2026-10-05T11:41:32.532294","level":"info","event":"Surabaya: 4 rows before cleaning, 4 rows after cleaning, 0 rows removed.","logger":"airflow.task.hooks.airflow.providers.standard.hooks.subprocess.SubprocessHook"}
{"timestamp":"2026-10-05T11:41:32.532321","level":"info","event":"Surabaya: 4 rows before cleaning, 4 rows after cleaning, 0 rows removed.","logger":"airflow.task.hooks.airflow.providers.standard.hooks.subprocess.SubprocessHook"}
{"timestamp":"2026-10-05T11:41:32.532348","level":"info","event":"Surabaya: 4 rows before cleaning, 4 rows after cleaning, 0 rows removed.","logger":"airflow.task.hooks.airflow.providers.standard.hooks.subprocess.SubprocessHook"}
{"timestamp":"2026-10-05T11:41:32.532375","level":"info","event":"Surabaya: 4 rows before cleaning, 4 rows after cleaning, 0 rows removed.","logger":"airflow.task.hooks.airflow.providers.standard.hooks.subprocess.SubprocessHook"}
{"timestamp":"2026-10-05T11:41:32.532400","level":"info","event":"Surabaya: 1 rows before cleaning, 1 rows after cleaning, 0 rows removed.","logger":"airflow.task.hooks.airflow.providers.standard.hooks.subprocess.SubprocessHook"}
{"timestamp":"2026-10-05T11:41:32.532426","level":"info","event":"Surabaya: 0 rows before cleaning, 0 rows after cleaning, 0 rows removed.","logger":"airflow.task.hooks.airflow.providers.standard.hooks.subprocess.SubprocessHook"}
{"timestamp":"2026-10-05T11:41:32.532453","level":"info","event":"Surabaya: 3 rows before cleaning, 3 rows after cleaning, 0 rows removed.","logger":"airflow.task.hooks.airflow.providers.standard.hooks.subprocess.SubprocessHook"}
{"timestamp":"2026-10-05T11:41:32.532479","level":"info","event":"Surabaya: 24 rows before cleaning, 24 rows after cleaning, 0 rows removed.","logger":"airflow.task.hooks.airflow.providers.standard.hooks.subprocess.SubprocessHook"}
{"timestamp":"2026-10-05T11:41:32.532505","level":"info","event":"Bandung: 288 rows before cleaning, 288 rows after cleaning, 0 rows removed.","logger":"airflow.task.hooks.airflow.providers.standard.hooks.subprocess.SubprocessHook"}
{"timestamp":"2026-10-05T11:41:32.532529","level":"info","event":"Bandung: 72 rows before cleaning, 72 rows after cleaning, 0 rows removed.","logger":"airflow.task.hooks.airflow.providers.standard.hooks.subprocess.SubprocessHook"}
{"timestamp":"2026-10-05T11:41:32.532555","level":"info","event":"Bandung: 120 rows before cleaning, 120 rows after cleaning, 0 rows removed.","logger":"airflow.task.hooks.airflow.providers.standard.hooks.subprocess.SubprocessHook"}
{"timestamp":"2026-10-05T11:41:32.532582","level":"info","event":"Bandung: 4 rows before cleaning, 4 rows after cleaning, 0 rows removed.","logger":"airflow.task.hooks.airflow.providers.standard.hooks.subprocess.SubprocessHook"}
{"timestamp":"2026-10-05T11:41:32.532607","level":"info","event":"Bandung: 3 rows before cleaning, 3 rows after cleaning, 0 rows removed.","logger":"airflow.task.hooks.airflow.providers.standard.hooks.subprocess.SubprocessHook"}
{"timestamp":"2026-10-05T11:41:32.532632","level":"info","event":"Bandung: 4 rows before cleaning, 4 rows after cleaning, 0 rows removed.","logger":"airflow.task.hooks.airflow.providers.standard.hooks.subprocess.SubprocessHook"}
{"timestamp":"2026-10-05T11:41:32.532657","level":"info","event":"Bandung: 4 rows before cleaning, 4 rows after cleaning, 0 rows removed.","logger":"airflow.task.hooks.airflow.providers.standard.hooks.subprocess.SubprocessHook"}
{"timestamp":"2026-10-05T11:41:32.532683","level":"info","event":"Bandung: 4 rows before cleaning, 4 rows after cleaning, 0 rows removed.","logger":"airflow.task.hooks.airflow.providers.standard.hooks.subprocess.SubprocessHook"}
{"timestamp":"2026-10-05T11:41:32.532708","level":"info","event":"Bandung: 4 rows before cleaning, 4 rows after cleaning, 0 rows removed.","logger":"airflow.task.hooks.airflow.providers.standard.hooks.subprocess.SubprocessHook"}
{"timestamp":"2026-10-05T11:41:32.532733","level":"info","event":"Bandung: 4 rows before cleaning, 4 rows after cleaning, 0 rows removed.","logger":"airflow.task.hooks.airflow.providers.standard.hooks.subprocess.SubprocessHook"}
{"timestamp":"2026-10-05T11:41:32.532759","level":"info","event":"Bandung: 1 rows before cleaning, 1 rows after cleaning, 0 rows removed.","logger":"airflow.task.hooks.airflow.providers.standard.hooks.subprocess.SubprocessHook"}
{"timestamp":"2026-10-05T11:41:32.532784","level":"info","event":"Bandung: 0 rows before cleaning, 0 rows after cleaning, 0 rows removed.","logger":"airflow.task.hooks.airflow.providers.standard.hooks.subprocess.SubprocessHook"}
{"timestamp":"2026-10-05T11:41:32.532809","level":"info","event":"Bandung: 3 rows before cleaning, 3 rows after cleaning, 0 rows removed.","logger":"airflow.task.hooks.airflow.providers.standard.hooks.subprocess.SubprocessHook"}
{"timestamp":"2026-10-05T11:41:32.532834","level":"info","event":"Bandung: 4 rows before cleaning, 4 rows after cleaning, 0 rows removed.","logger":"airflow.task.hooks.airflow.providers.standard.hooks.subprocess.SubprocessHook"}
{"timestamp":"2026-10-05T11:41:32.532859","level":"info","event":"Bandung: 24 rows before cleaning, 24 rows after cleaning, 0 rows removed.","logger":"airflow.task.hooks.airflow.providers.standard.hooks.subprocess.SubprocessHook"}
{"timestamp":"2026-10-05T11:41:32.532885","level":"info","event":"Jakarta: 288 rows before cleaning, 288 rows after cleaning, 0 rows removed.","logger":"airflow.task.hooks.airflow.providers.standard.hooks.subprocess.SubprocessHook"}
{"timestamp":"2026-10-05T11:41:32.532912","level":"info","event":"Jakarta: 72 rows before cleaning, 72 rows after cleaning, 0 rows removed.","logger":"airflow.task.hooks.airflow.providers.standard.hooks.subprocess.SubprocessHook"}
{"timestamp":"2026-10-05T11:41:32.532939","level":"info","event":"Jakarta: 120 rows before cleaning, 120 rows after cleaning, 0 rows removed.","logger":"airflow.task.hooks.airflow.providers.standard.hooks.subprocess.SubprocessHook"}
{"timestamp":"2026-10-05T11:41:32.532968","level":"info","event":"Jakarta: 4 rows before cleaning, 4 rows after cleaning, 0 rows removed.","logger":"airflow.task.hooks.airflow.providers.standard.hooks.subprocess.SubprocessHook"}
{"timestamp":"2026-10-05T11:41:32.533031","level":"info","event":"Jakarta: 3 rows before cleaning, 3 rows after cleaning, 0 rows removed.","logger":"airflow.task.hooks.airflow.providers.standard.hooks.subprocess.SubprocessHook"}
{"timestamp":"2026-10-05T11:41:32.533070","level":"info","event":"Jakarta: 4 rows before cleaning, 4 rows after cleaning, 0 rows removed.","logger":"airflow.task.hooks.airflow.providers.standard.hooks.subprocess.SubprocessHook"}
{"timestamp":"2026-10-05T11:41:32.533102","level":"info","event":"Jakarta: 4 rows before cleaning, 4 rows after cleaning, 0 rows removed.","logger":"airflow.task.hooks.airflow.providers.standard.hooks.subprocess.SubprocessHook"}
{"timestamp":"2026-10-05T11:41:32.533132","level":"info","event":"Jakarta: 4 rows before cleaning, 4 rows after cleaning, 0 rows removed.","logger":"airflow.task.hooks.airflow.providers.standard.hooks.subprocess.SubprocessHook"}
{"timestamp":"2026-10-05T11:41:32.533163","level":"info","event":"Jakarta: 4 rows before cleaning, 4 rows after cleaning, 0 rows removed.","logger":"airflow.task.hooks.airflow.providers.standard.hooks.subprocess.SubprocessHook"}
{"timestamp":"2026-10-05T11:41:32.533192","level":"info","event":"Jakarta: 4 rows before cleaning, 4 rows after cleaning, 0 rows removed.","logger":"airflow.task.hooks.airflow.providers.standard.hooks.subprocess.SubprocessHook"}
{"timestamp":"2026-10-05T11:41:32.533221","level":"info","event":"Jakarta: 1 rows before cleaning, 1 rows after cleaning, 0 rows removed.","logger":"airflow.task.hooks.airflow.providers.standard.hooks.subprocess.SubprocessHook"}
{"timestamp":"2026-10-05T11:41:32.533253","level":"info","event":"Jakarta: 0 rows before cleaning, 0 rows after cleaning, 0 rows removed.","logger":"airflow.task.hooks.airflow.providers.standard.hooks.subprocess.SubprocessHook"}
{"timestamp":"2026-10-05T11:41:32.533282","level":"info","event":"Jakarta: 3 rows before cleaning, 3 rows after cleaning, 0 rows removed.","logger":"airflow.task.hooks.airflow.providers.standard.hooks.subprocess.SubprocessHook"}
{"timestamp":"2026-10-05T11:41:32.533310","level":"info","event":"Jakarta: 4 rows before cleaning, 4 rows after cleaning, 0 rows removed.","logger":"airflow.task.hooks.airflow.providers.standard.hooks.subprocess.SubprocessHook"}
{"timestamp":"2026-10-05T11:41:32.533338","level":"info","event":"Jakarta: 24 rows before cleaning, 24 rows after cleaning, 0 rows removed.","logger":"airflow.task.hooks.airflow.providers.standard.hooks.subprocess.SubprocessHook"}
{"timestamp":"2026-10-05T11:41:32.533367","level":"info","event":"Surabaya: 288 rows before cleaning, 288 rows after cleaning, 0 rows removed.","logger":"airflow.task.hooks.airflow.providers.standard.hooks.subprocess.SubprocessHook"}
{"timestamp":"2026-10-05T11:41:32.533400","level":"info","event":"Surabaya: 72 rows before cleaning, 72 rows after cleaning, 0 rows removed.","logger":"airflow.task.hooks.airflow.providers.standard.hooks.subprocess.SubprocessHook"}
{"timestamp":"2026-10-05T11:41:32.533429","level":"info","event":"Surabaya: 120 rows before cleaning, 120 rows after cleaning, 0 rows removed.","logger":"airflow.task.hooks.airflow.providers.standard.hooks.subprocess.SubprocessHook"}
{"timestamp":"2026-10-05T11:41:32.533457","level":"info","event":"Surabaya: 4 rows before cleaning, 4 rows after cleaning, 0 rows removed.","logger":"airflow.task.hooks.airflow.providers.standard.hooks.subprocess.SubprocessHook"}
{"timestamp":"2026-10-05T11:41:32.533484","level":"info","event":"Surabaya: 3 rows before cleaning, 3 rows after cleaning, 0 rows removed.","logger":"airflow.task.hooks.airflow.providers.standard.hooks.subprocess.SubprocessHook"}
{"timestamp":"2026-10-05T11:41:32.533512","level":"info","event":"Surabaya: 4 rows before cleaning, 4 rows after cleaning, 0 rows removed.","logger":"airflow.task.hooks.airflow.providers.standard.hooks.subprocess.SubprocessHook"}
{"timestamp":"2026-10-05T11:41:32.533540","level":"info","event":"Surabaya: 4 rows before cleaning, 4 rows after cleaning, 0 rows removed.","logger":"airflow.task.hooks.airflow.providers.standard.hooks.subprocess.SubprocessHook"}
{"timestamp":"2026-10-05T11:41:32.533643","level":"info","event":"Surabaya: 4 rows before cleaning, 4 rows after cleaning, 0 rows removed.","logger":"airflow.task.hooks.airflow.providers.standard.hooks.subprocess.SubprocessHook"}
{"timestamp":"2026-10-05T11:41:32.533694","level":"info","event":"Surabaya: 4 rows before cleaning, 4 rows after cleaning, 0 rows removed.","logger":"airflow.task.hooks.airflow.providers.standard.hooks.subprocess.SubprocessHook"}
{"timestamp":"2026-10-05T11:41:32.533728","level":"info","event":"Surabaya: 4 rows before cleaning, 4 rows after cleaning, 0 rows removed.","logger":"airflow.task.hooks.airflow.providers.standard.hooks.subprocess.SubprocessHook"}
{"timestamp":"2026-10-05T11:41:32.533776","level":"info","event":"Surabaya: 1 rows before cleaning, 1 rows after cleaning, 0 rows removed.","logger":"airflow.task.hooks.airflow.providers.standard.hooks.subprocess.SubprocessHook"}
{"timestamp":"2026-10-05T11:41:32.533830","level":"info","event":"Surabaya: 0 rows before cleaning, 0 rows after cleaning, 0 rows removed.","logger":"airflow.task.hooks.airflow.providers.standard.hooks.subprocess.SubprocessHook"}
{"timestamp":"2026-10-05T11:41:32.533860","level":"info","event":"Surabaya: 3 rows before cleaning, 3 rows after cleaning, 0 rows removed.","logger":"airflow.task.hooks.airflow.providers.standard.hooks.subprocess.SubprocessHook"}
{"timestamp":"2026-10-05T11:41:32.533890","level":"info","event":"Surabaya: 4 rows before cleaning, 4 rows after cleaning, 0 rows removed.","logger":"airflow.task.hooks.airflow.providers.standard.hooks.subprocess.SubprocessHook"}
{"timestamp":"2026-10-05T11:41:32.533920","level":"info","event":"Surabaya: 24 rows before cleaning, 24 rows after cleaning, 0 rows removed.","logger":"airflow.task.hooks.airflow.providers.standard.hooks.subprocess.SubprocessHook"}
{"timestamp":"2026-10-05T11:41:32.533949","level":"info","event":"Bandung: 288 rows before cleaning, 288 rows after cleaning, 0 rows removed.","logger":"airflow.task.hooks.airflow.providers.standard.hooks.subprocess.SubprocessHook"}
{"timestamp":"2026-10-05T11:41:32.533978","level":"info","event":"Bandung: 72 rows before cleaning, 72 rows after cleaning, 0 rows removed.","logger":"airflow.task.hooks.airflow.providers.standard.hooks.subprocess.SubprocessHook"}
{"timestamp":"2026-10-05T11:41:32.534007","level":"info","event":"Bandung: 120 rows before cleaning, 120 rows after cleaning, 0 rows removed.","logger":"airflow.task.hooks.airflow.providers.standard.hooks.subprocess.SubprocessHook"}
{"timestamp":"2026-10-05T11:41:32.534036","level":"info","event":"Bandung: 4 rows before cleaning, 4 rows after cleaning, 0 rows removed.","logger":"airflow.task.hooks.airflow.providers.standard.hooks.subprocess.SubprocessHook"}
{"timestamp":"2026-10-05T11:41:32.534064","level":"info","event":"Bandung: 3 rows before cleaning, 3 rows after cleaning, 0 rows removed.","logger":"airflow.task.hooks.airflow.providers.standard.hooks.subprocess.SubprocessHook"}
{"timestamp":"2026-10-05T11:41:32.534091","level":"info","event":"Bandung: 4 rows before cleaning, 4 rows after cleaning, 0 rows removed.","logger":"airflow.task.hooks.airflow.providers.standard.hooks.subprocess.SubprocessHook"}
{"timestamp":"2026-10-05T11:41:32.534129","level":"info","event":"Bandung: 4 rows before cleaning, 4 rows after cleaning, 0 rows removed.","logger":"airflow.task.hooks.airflow.providers.standard.hooks.subprocess.SubprocessHook"}
{"timestamp":"2026-10-05T11:41:32.534156","level":"info","event":"Bandung: 4 rows before cleaning, 4 rows after cleaning, 0 rows removed.","logger":"airflow.task.hooks.airflow.providers.standard.hooks.subprocess.SubprocessHook"}
{"timestamp":"2026-10-05T11:41:32.534185","level":"info","event":"Bandung: 4 rows before cleaning, 4 rows after cleaning, 0 rows removed.","logger":"airflow.task.hooks.airflow.providers.standard.hooks.subprocess.SubprocessHook"}
{"timestamp":"2026-10-05T11:41:32.534216","level":"info","event":"Bandung: 4 rows before cleaning, 4 rows after cleaning, 0 rows removed.","logger":"airflow.task.hooks.airflow.providers.standard.hooks.subprocess.SubprocessHook"}
{"timestamp":"2026-10-05T11:41:32.534244","level":"info","event":"Bandung: 1 rows before cleaning, 1 rows after cleaning, 0 rows removed.","logger":"airflow.task.hooks.airflow.providers.standard.hooks.subprocess.SubprocessHook"}
{"timestamp":"2026-10-05T11:41:32.534273","level":"info","event":"Bandung: 0 rows before cleaning, 0 rows after cleaning, 0 rows removed.","logger":"airflow.task.hooks.airflow.providers.standard.hooks.subprocess.SubprocessHook"}
{"timestamp":"2026-10-05T11:41:32.534344","level":"info","event":"Bandung: 3 rows before cleaning, 3 rows after cleaning, 0 rows removed.","logger":"airflow.task.hooks.airflow.providers.standard.hooks.subprocess.SubprocessHook"}
{"timestamp":"2026-10-05T11:41:32.534381","level":"info","event":"Bandung: 4 rows before cleaning, 4 rows after cleaning, 0 rows removed.","logger":"airflow.task.hooks.airflow.providers.standard.hooks.subprocess.SubprocessHook"}
{"timestamp":"2026-10-05T11:41:32.534412","level":"info","event":"Bandung: 1 rows before cleaning, 1 rows after cleaning, 0 rows removed.","logger":"airflow.task.hooks.airflow.providers.standard.hooks.subprocess.SubprocessHook"}
{"timestamp":"2026-10-05T11:41:32.534442","level":"info","event":"Bandung: 24 rows before cleaning, 24 rows after cleaning, 0 rows removed.","logger":"airflow.task.hooks.airflow.providers.standard.hooks.subprocess.SubprocessHook"}
{"timestamp":"2026-10-05T11:41:32.534470","level":"info","event":"Jakarta: 288 rows before cleaning, 288 rows after cleaning, 0 rows removed.","logger":"airflow.task.hooks.airflow.providers.standard.hooks.subprocess.SubprocessHook"}
{"timestamp":"2026-10-05T11:41:32.534498","level":"info","event":"Jakarta: 72 rows before cleaning, 72 rows after cleaning, 0 rows removed.","logger":"airflow.task.hooks.airflow.providers.standard.hooks.subprocess.SubprocessHook"}
{"timestamp":"2026-10-05T11:41:32.534528","level":"info","event":"Jakarta: 120 rows before cleaning, 120 rows after cleaning, 0 rows removed.","logger":"airflow.task.hooks.airflow.providers.standard.hooks.subprocess.SubprocessHook"}
{"timestamp":"2026-10-05T11:41:32.534556","level":"info","event":"Jakarta: 4 rows before cleaning, 4 rows after cleaning, 0 rows removed.","logger":"airflow.task.hooks.airflow.providers.standard.hooks.subprocess.SubprocessHook"}
{"timestamp":"2026-10-05T11:41:32.534591","level":"info","event":"Jakarta: 3 rows before cleaning, 3 rows after cleaning, 0 rows removed.","logger":"airflow.task.hooks.airflow.providers.standard.hooks.subprocess.SubprocessHook"}
{"timestamp":"2026-10-05T11:41:32.534617","level":"info","event":"Jakarta: 4 rows before cleaning, 4 rows after cleaning, 0 rows removed.","logger":"airflow.task.hooks.airflow.providers.standard.hooks.subprocess.SubprocessHook"}
{"timestamp":"2026-10-05T11:41:32.534643","level":"info","event":"Jakarta: 4 rows before cleaning, 4 rows after cleaning, 0 rows removed.","logger":"airflow.task.hooks.airflow.providers.standard.hooks.subprocess.SubprocessHook"}
{"timestamp":"2026-10-05T11:41:32.534669","level":"info","event":"Jakarta: 4 rows before cleaning, 4 rows after cleaning, 0 rows removed.","logger":"airflow.task.hooks.airflow.providers.standard.hooks.subprocess.SubprocessHook"}
{"timestamp":"2026-10-05T11:41:32.534696","level":"info","event":"Jakarta: 4 rows before cleaning, 4 rows after cleaning, 0 rows removed.","logger":"airflow.task.hooks.airflow.providers.standard.hooks.subprocess.SubprocessHook"}
{"timestamp":"2026-10-05T11:41:32.534720","level":"info","event":"Jakarta: 4 rows before cleaning, 4 rows after cleaning, 0 rows removed.","logger":"airflow.task.hooks.airflow.providers.standard.hooks.subprocess.SubprocessHook"}
{"timestamp":"2026-10-05T11:41:32.534746","level":"info","event":"Jakarta: 1 rows before cleaning, 1 rows after cleaning, 0 rows removed.","logger":"airflow.task.hooks.airflow.providers.standard.hooks.subprocess.SubprocessHook"}
{"timestamp":"2026-10-05T11:41:32.534774","level":"info","event":"Jakarta: 0 rows before cleaning, 0 rows after cleaning, 0 rows removed.","logger":"airflow.task.hooks.airflow.providers.standard.hooks.subprocess.SubprocessHook"}
{"timestamp":"2026-10-05T11:41:32.534800","level":"info","event":"Jakarta: 3 rows before cleaning, 3 rows after cleaning, 0 rows removed.","logger":"airflow.task.hooks.airflow.providers.standard.hooks.subprocess.SubprocessHook"}
{"timestamp":"2026-10-05T11:41:32.534826","level":"info","event":"Jakarta: 4 rows before cleaning, 4 rows after cleaning, 0 rows removed.","logger":"airflow.task.hooks.airflow.providers.standard.hooks.subprocess.SubprocessHook"}
{"timestamp":"2026-10-05T11:41:32.534852","level":"info","event":"Jakarta: 1 rows before cleaning, 1 rows after cleaning, 0 rows removed.","logger":"airflow.task.hooks.airflow.providers.standard.hooks.subprocess.SubprocessHook"}
{"timestamp":"2026-10-05T11:41:32.534879","level":"info","event":"Jakarta: 24 rows before cleaning, 24 rows after cleaning, 0 rows removed.","logger":"airflow.task.hooks.airflow.providers.standard.hooks.subprocess.SubprocessHook"}
{"timestamp":"2026-10-05T11:41:32.534906","level":"info","event":"Surabaya: 288 rows before cleaning, 288 rows after cleaning, 0 rows removed.","logger":"airflow.task.hooks.airflow.providers.standard.hooks.subprocess.SubprocessHook"}
{"timestamp":"2026-10-05T11:41:32.534931","level":"info","event":"Surabaya: 72 rows before cleaning, 72 rows after cleaning, 0 rows removed.","logger":"airflow.task.hooks.airflow.providers.standard.hooks.subprocess.SubprocessHook"}
{"timestamp":"2026-10-05T11:41:32.534959","level":"info","event":"Surabaya: 120 rows before cleaning, 120 rows after cleaning, 0 rows removed.","logger":"airflow.task.hooks.airflow.providers.standard.hooks.subprocess.SubprocessHook"}
{"timestamp":"2026-10-05T11:41:32.534986","level":"info","event":"Surabaya: 4 rows before cleaning, 4 rows after cleaning, 0 rows removed.","logger":"airflow.task.hooks.airflow.providers.standard.hooks.subprocess.SubprocessHook"}
{"timestamp":"2026-10-05T11:41:48.758488","level":"info","event":"Surabaya: 3 rows before cleaning, 3 rows after cleaning, 0 rows removed.","logger":"airflow.task.hooks.airflow.providers.standard.hooks.subprocess.SubprocessHook"}
{"timestamp":"2026-10-05T11:41:48.758748","level":"info","event":"Surabaya: 4 rows before cleaning, 4 rows after cleaning, 0 rows removed.","logger":"airflow.task.hooks.airflow.providers.standard.hooks.subprocess.SubprocessHook"}
{"timestamp":"2026-10-05T11:41:48.758837","level":"info","event":"Surabaya: 4 rows before cleaning, 4 rows after cleaning, 0 rows removed.","logger":"airflow.task.hooks.airflow.providers.standard.hooks.subprocess.SubprocessHook"}
{"timestamp":"2026-10-05T11:41:48.758903","level":"info","event":"Surabaya: 4 rows before cleaning, 4 rows after cleaning, 0 rows removed.","logger":"airflow.task.hooks.airflow.providers.standard.hooks.subprocess.SubprocessHook"}
{"timestamp":"2026-10-05T11:41:48.758964","level":"info","event":"Surabaya: 4 rows before cleaning, 4 rows after cleaning, 0 rows removed.","logger":"airflow.task.hooks.airflow.providers.standard.hooks.subprocess.SubprocessHook"}
{"timestamp":"2026-10-05T11:41:48.759009","level":"info","event":"Surabaya: 4 rows before cleaning, 4 rows after cleaning, 0 rows removed.","logger":"airflow.task.hooks.airflow.providers.standard.hooks.subprocess.SubprocessHook"}
{"timestamp":"2026-10-05T11:41:48.759061","level":"info","event":"Surabaya: 1 rows before cleaning, 1 rows after cleaning, 0 rows removed.","logger":"airflow.task.hooks.airflow.providers.standard.hooks.subprocess.SubprocessHook"}
{"timestamp":"2026-10-05T11:41:48.759119","level":"info","event":"Surabaya: 0 rows before cleaning, 0 rows after cleaning, 0 rows removed.","logger":"airflow.task.hooks.airflow.providers.standard.hooks.subprocess.SubprocessHook"}
{"timestamp":"2026-10-05T11:41:48.759173","level":"info","event":"Surabaya: 3 rows before cleaning, 3 rows after cleaning, 0 rows removed.","logger":"airflow.task.hooks.airflow.providers.standard.hooks.subprocess.SubprocessHook"}
{"timestamp":"2026-10-05T11:41:48.759223","level":"info","event":"Surabaya: 4 rows before cleaning, 4 rows after cleaning, 0 rows removed.","logger":"airflow.task.hooks.airflow.providers.standard.hooks.subprocess.SubprocessHook"}
{"timestamp":"2026-10-05T11:41:48.759276","level":"info","event":"Surabaya: 1 rows before cleaning, 1 rows after cleaning, 0 rows removed.","logger":"airflow.task.hooks.airflow.providers.standard.hooks.subprocess.SubprocessHook"}
{"timestamp":"2026-10-05T11:41:48.759333","level":"info","event":"Surabaya: 24 rows before cleaning, 24 rows after cleaning, 0 rows removed.","logger":"airflow.task.hooks.airflow.providers.standard.hooks.subprocess.SubprocessHook"}
{"timestamp":"2026-10-05T11:41:48.759392","level":"info","event":"","logger":"airflow.task.hooks.airflow.providers.standard.hooks.subprocess.SubprocessHook"}
{"timestamp":"2026-10-05T11:41:48.759450","level":"info","event":"Total rows after cleaning: 18870","logger":"airflow.task.hooks.airflow.providers.standard.hooks.subprocess.SubprocessHook"}
{"timestamp":"2026-10-05T11:41:48.759507","level":"info","event":"","logger":"airflow.task.hooks.airflow.providers.standard.hooks.subprocess.SubprocessHook"}
{"timestamp":"2026-10-05T11:41:48.759567","level":"info","event":"RAW → STAGING completed.","logger":"airflow.task.hooks.airflow.providers.standard.hooks.subprocess.SubprocessHook"}
{"timestamp":"2026-10-05T11:41:48.759639","level":"info","event":"","logger":"airflow.task.hooks.airflow.providers.standard.hooks.subprocess.SubprocessHook"}
{"timestamp":"2026-10-05T11:41:48.759697","level":"info","event":"Total staging rows processed:","logger":"airflow.task.hooks.airflow.providers.standard.hooks.subprocess.SubprocessHook"}
{"timestamp":"2026-10-05T11:41:48.759755","level":"info","event":"18870","logger":"airflow.task.hooks.airflow.providers.standard.hooks.subprocess.SubprocessHook"}
{"timestamp":"2026-10-05T11:41:48.759815","level":"info","event":"","logger":"airflow.task.hooks.airflow.providers.standard.hooks.subprocess.SubprocessHook"}
{"timestamp":"2026-10-05T11:41:48.759871","level":"info","event":"MART dim_city loaded.","logger":"airflow.task.hooks.airflow.providers.standard.hooks.subprocess.SubprocessHook"}
{"timestamp":"2026-10-05T11:41:48.759924","level":"info","event":"","logger":"airflow.task.hooks.airflow.providers.standard.hooks.subprocess.SubprocessHook"}
{"timestamp":"2026-10-05T11:41:48.759978","level":"info","event":"MART dim_date loaded.","logger":"airflow.task.hooks.airflow.providers.standard.hooks.subprocess.SubprocessHook"}
{"timestamp":"2026-10-05T11:41:48.760064","level":"info","event":"","logger":"airflow.task.hooks.airflow.providers.standard.hooks.subprocess.SubprocessHook"}
{"timestamp":"2026-10-05T11:41:48.760139","level":"info","event":"MART fact_weather loaded.","logger":"airflow.task.hooks.airflow.providers.standard.hooks.subprocess.SubprocessHook"}
{"timestamp":"2026-10-05T11:41:48.760200","level":"info","event":"","logger":"airflow.task.hooks.airflow.providers.standard.hooks.subprocess.SubprocessHook"}
{"timestamp":"2026-10-05T11:41:48.760266","level":"info","event":"RAW → STAGING → MART completed successfully.","logger":"airflow.task.hooks.airflow.providers.standard.hooks.subprocess.SubprocessHook"}
{"timestamp":"2026-10-05T11:41:48.893806","level":"info","event":"Command exited with return code 0","logger":"airflow.task.hooks.airflow.providers.standard.hooks.subprocess.SubprocessHook"}
{"timestamp":"2026-10-05T11:41:48.894754","level":"info","event":"Pushing xcom","ti":"RuntimeTaskInstance(id=UUID('01a10bde-2431-7ba9-a585-430ab8832535'), task_id='transform_load', dag_id='weather_pipeline', run_id='manual__2026-10-05T11:41:10.040053+00:00', try_number=1, map_index=-1, hostname='c98161626874', context_carrier=None, task=<Task(BashOperator): transform_load>, bundle_instance=LocalDagBundle(name=dags-folder), max_tries=2, start_date=datetime.datetime(2026, 10, 5, 11, 41, 24, 234471, tzinfo=datetime.timezone.utc), end_date=None, state=<TaskInstanceState.RUNNING: 'running'>, is_mapped=False, rendered_map_index=None, log_url='http://localhost:8080/dags/weather_pipeline/runs/manual__2026-10-05T11%3A41%3A10.040053%2B00%3A00/tasks/transform_load?try_number=1')","logger":"task"}
{"timestamp":"2026-10-05T11:41:49.495199","level":"info","event":"OpenLineageClient will use `http` transport","logger":"openlineage.client.client"}
{"timestamp":"2026-10-05T11:41:54.247318","level":"info","event":"Successfully emitted OpenLineage `COMPLETE` event of id `01a10bde-1fdd-7e3a-8779-5e08753571ad`","logger":"airflow.providers.openlineage.plugins.adapter.OpenLineageAdapter"}
