{"timestamp":"2026-10-06T02:12:23.097258","level":"info","event":"DAG bundles loaded: dags-folder","logger":"airflow.dag_processing.bundles.manager.DagBundlesManager"}
{"timestamp":"2026-10-06T02:12:23.101494","level":"info","event":"Filling up the DagBag from /opt/airflow/dags/weather_pipeline.py","logger":"airflow.models.dagbag.DagBag"}
{"timestamp":"2026-10-06T02:12:23.208610","level":"warning","event":"This process (pid=555) is multi-threaded, use of fork() may lead to deadlocks in the child.","category":"DeprecationWarning","filename":"/home/airflow/.local/lib/python3.12/site-packages/airflow/providers/openlineage/plugins/listener.py","lineno":768,"logger":"py.warnings"}
{"timestamp":"2026-10-06T02:12:24.131692","level":"info","event":"OpenLineageClient will use `http` transport","logger":"openlineage.client.client"}
{"timestamp":"2026-10-06T02:12:28.220055","level":"info","event":"Successfully emitted OpenLineage `START` event of id `01a10efb-8915-7b35-942e-0a503540ecc8`","logger":"airflow.providers.openlineage.plugins.adapter.OpenLineageAdapter"}
{"timestamp":"2026-10-06T02:12:28.252868","level":"info","event":"Tmp dir root location: /tmp","logger":"airflow.task.hooks.airflow.providers.standard.hooks.subprocess.SubprocessHook"}
{"timestamp":"2026-10-06T02:12:28.253941","level":"info","event":"Running command: ['/usr/bin/bash', '-c', 'python /opt/airflow/src/transform_load.py staging']","logger":"airflow.task.hooks.airflow.providers.standard.hooks.subprocess.SubprocessHook"}
{"timestamp":"2026-10-06T02:12:28.265048","level":"info","event":"Output:","logger":"airflow.task.hooks.airflow.providers.standard.hooks.subprocess.SubprocessHook"}
{"timestamp":"2026-10-06T02:12:29.634283","level":"info","event":"Starting RAW → STAGING...","logger":"airflow.task.hooks.airflow.providers.standard.hooks.subprocess.SubprocessHook"}
{"timestamp":"2026-10-06T02:12:29.634451","level":"info","event":"Processing file: /opt/airflow/raw/bandung_2026-09-20_2026-10-01_2026-10-05_12-08-36.json","logger":"airflow.task.hooks.airflow.providers.standard.hooks.subprocess.SubprocessHook"}
{"timestamp":"2026-10-06T02:12:29.634502","level":"info","event":"Bandung: Raw data loaded into PostgreSQL.","logger":"airflow.task.hooks.airflow.providers.standard.hooks.subprocess.SubprocessHook"}
{"timestamp":"2026-10-06T02:12:29.634534","level":"info","event":"Processing file: /opt/airflow/raw/bandung_2026-10-01_2026-10-03_2026-10-05_12-24-24.json","logger":"airflow.task.hooks.airflow.providers.standard.hooks.subprocess.SubprocessHook"}
{"timestamp":"2026-10-06T02:12:29.634561","level":"info","event":"Bandung: Raw data loaded into PostgreSQL.","logger":"airflow.task.hooks.airflow.providers.standard.hooks.subprocess.SubprocessHook"}
{"timestamp":"2026-10-06T02:12:29.634585","level":"info","event":"Processing file: /opt/airflow/raw/bandung_2026-10-01_2026-10-05_2026-10-05_12-06-04.json","logger":"airflow.task.hooks.airflow.providers.standard.hooks.subprocess.SubprocessHook"}
{"timestamp":"2026-10-06T02:12:29.634610","level":"info","event":"Bandung: Raw data loaded into PostgreSQL.","logger":"airflow.task.hooks.airflow.providers.standard.hooks.subprocess.SubprocessHook"}
{"timestamp":"2026-10-06T02:12:29.634634","level":"info","event":"Processing file: /opt/airflow/raw/bandung_2026-10-05T12-00_2026-10-05T15-00_2026-10-05_14-43-08.json","logger":"airflow.task.hooks.airflow.providers.standard.hooks.subprocess.SubprocessHook"}
{"timestamp":"2026-10-06T02:12:29.634660","level":"info","event":"Bandung: Raw data loaded into PostgreSQL.","logger":"airflow.task.hooks.airflow.providers.standard.hooks.subprocess.SubprocessHook"}
{"timestamp":"2026-10-06T02:12:29.634682","level":"info","event":"Processing file: /opt/airflow/raw/bandung_2026-10-05T12-00_2026-10-05T15-00_2026-10-05_14-45-57.json","logger":"airflow.task.hooks.airflow.providers.standard.hooks.subprocess.SubprocessHook"}
{"timestamp":"2026-10-06T02:12:29.634704","level":"info","event":"Bandung: Raw data loaded into PostgreSQL.","logger":"airflow.task.hooks.airflow.providers.standard.hooks.subprocess.SubprocessHook"}
{"timestamp":"2026-10-06T02:12:29.634726","level":"info","event":"Processing file: /opt/airflow/raw/bandung_2026-10-05T13-26_2026-10-05T16-26_2026-10-05_16-27-05.json","logger":"airflow.task.hooks.airflow.providers.standard.hooks.subprocess.SubprocessHook"}
{"timestamp":"2026-10-06T02:12:29.634748","level":"info","event":"Bandung: Raw data loaded into PostgreSQL.","logger":"airflow.task.hooks.airflow.providers.standard.hooks.subprocess.SubprocessHook"}
{"timestamp":"2026-10-06T02:12:29.634877","level":"info","event":"Processing file: /opt/airflow/raw/bandung_2026-10-05T13-41_2026-10-05T16-41_2026-10-05_16-41-48.json","logger":"airflow.task.hooks.airflow.providers.standard.hooks.subprocess.SubprocessHook"}
{"timestamp":"2026-10-06T02:12:29.634942","level":"info","event":"Bandung: Raw data loaded into PostgreSQL.","logger":"airflow.task.hooks.airflow.providers.standard.hooks.subprocess.SubprocessHook"}
{"timestamp":"2026-10-06T02:12:29.635000","level":"info","event":"Processing file: /opt/airflow/raw/bandung_2026-10-05T13-48_2026-10-05T16-48_2026-10-05_16-48-24.json","logger":"airflow.task.hooks.airflow.providers.standard.hooks.subprocess.SubprocessHook"}
{"timestamp":"2026-10-06T02:12:29.635066","level":"info","event":"Bandung: Raw data loaded into PostgreSQL.","logger":"airflow.task.hooks.airflow.providers.standard.hooks.subprocess.SubprocessHook"}
{"timestamp":"2026-10-06T02:12:29.635104","level":"info","event":"Processing file: /opt/airflow/raw/bandung_2026-10-05T13-53_2026-10-05T16-53_2026-10-05_16-53-34.json","logger":"airflow.task.hooks.airflow.providers.standard.hooks.subprocess.SubprocessHook"}
{"timestamp":"2026-10-06T02:12:29.635197","level":"info","event":"Bandung: Raw data loaded into PostgreSQL.","logger":"airflow.task.hooks.airflow.providers.standard.hooks.subprocess.SubprocessHook"}
{"timestamp":"2026-10-06T02:12:29.635280","level":"info","event":"Processing file: /opt/airflow/raw/bandung_2026-10-05T14-03_2026-10-05T17-03_2026-10-05_17-03-27.json","logger":"airflow.task.hooks.airflow.providers.standard.hooks.subprocess.SubprocessHook"}
{"timestamp":"2026-10-06T02:12:29.635340","level":"info","event":"Bandung: Raw data loaded into PostgreSQL.","logger":"airflow.task.hooks.airflow.providers.standard.hooks.subprocess.SubprocessHook"}
{"timestamp":"2026-10-06T02:12:29.635374","level":"info","event":"Processing file: /opt/airflow/raw/bandung_2026-10-05T14-49_2026-10-05T14-49_2026-10-05_14-49-28.json","logger":"airflow.task.hooks.airflow.providers.standard.hooks.subprocess.SubprocessHook"}
{"timestamp":"2026-10-06T02:12:29.635403","level":"info","event":"Bandung: Raw data loaded into PostgreSQL.","logger":"airflow.task.hooks.airflow.providers.standard.hooks.subprocess.SubprocessHook"}
{"timestamp":"2026-10-06T02:12:29.635427","level":"info","event":"Processing file: /opt/airflow/raw/bandung_2026-10-05T15-00_2026-10-05T15-00_2026-10-05_15-00-07.json","logger":"airflow.task.hooks.airflow.providers.standard.hooks.subprocess.SubprocessHook"}
{"timestamp":"2026-10-06T02:12:29.635451","level":"info","event":"Bandung: Raw data loaded into PostgreSQL.","logger":"airflow.task.hooks.airflow.providers.standard.hooks.subprocess.SubprocessHook"}
{"timestamp":"2026-10-06T02:12:29.635475","level":"info","event":"Processing file: /opt/airflow/raw/bandung_2026-10-05T15-00_2026-10-05T18-00_2026-10-05_18-00-10.json","logger":"airflow.task.hooks.airflow.providers.standard.hooks.subprocess.SubprocessHook"}
{"timestamp":"2026-10-06T02:12:29.635497","level":"info","event":"Bandung: Raw data loaded into PostgreSQL.","logger":"airflow.task.hooks.airflow.providers.standard.hooks.subprocess.SubprocessHook"}
{"timestamp":"2026-10-06T02:12:29.635519","level":"info","event":"Processing file: /opt/airflow/raw/bandung_2026-10-05T15-00_2026-10-05T18-00_2026-10-05_18-48-01.json","logger":"airflow.task.hooks.airflow.providers.standard.hooks.subprocess.SubprocessHook"}
{"timestamp":"2026-10-06T02:12:29.635542","level":"info","event":"Bandung: Raw data loaded into PostgreSQL.","logger":"airflow.task.hooks.airflow.providers.standard.hooks.subprocess.SubprocessHook"}
{"timestamp":"2026-10-06T02:12:29.635564","level":"info","event":"Processing file: /opt/airflow/raw/bandung_2026-10-05T15-23_2026-10-05T18-23_2026-10-05_18-23-24.json","logger":"airflow.task.hooks.airflow.providers.standard.hooks.subprocess.SubprocessHook"}
{"timestamp":"2026-10-06T02:12:29.635625","level":"info","event":"Bandung: Raw data loaded into PostgreSQL.","logger":"airflow.task.hooks.airflow.providers.standard.hooks.subprocess.SubprocessHook"}
{"timestamp":"2026-10-06T02:12:29.635660","level":"info","event":"Processing file: /opt/airflow/raw/bandung_2026-10-05T18-41_2026-10-05T18-41_2026-10-05_18-41-20.json","logger":"airflow.task.hooks.airflow.providers.standard.hooks.subprocess.SubprocessHook"}
{"timestamp":"2026-10-06T02:12:29.635687","level":"info","event":"Bandung: Raw data loaded into PostgreSQL.","logger":"airflow.task.hooks.airflow.providers.standard.hooks.subprocess.SubprocessHook"}
{"timestamp":"2026-10-06T02:12:29.635713","level":"info","event":"Processing file: /opt/airflow/raw/bandung_2026-10-05_2026-10-05_2026-10-05_14-19-22.json","logger":"airflow.task.hooks.airflow.providers.standard.hooks.subprocess.SubprocessHook"}
{"timestamp":"2026-10-06T02:12:29.635738","level":"info","event":"Bandung: Raw data loaded into PostgreSQL.","logger":"airflow.task.hooks.airflow.providers.standard.hooks.subprocess.SubprocessHook"}
{"timestamp":"2026-10-06T02:12:29.635760","level":"info","event":"Processing file: /opt/airflow/raw/bandung_2026-10-06T03-00_2026-10-06T06-00_2026-10-06_07-49-00.json","logger":"airflow.task.hooks.airflow.providers.standard.hooks.subprocess.SubprocessHook"}
{"timestamp":"2026-10-06T02:12:29.635783","level":"info","event":"Bandung: Raw data loaded into PostgreSQL.","logger":"airflow.task.hooks.airflow.providers.standard.hooks.subprocess.SubprocessHook"}
{"timestamp":"2026-10-06T02:12:29.635806","level":"info","event":"Processing file: /opt/airflow/raw/bandung_2026-10-06T06-00_2026-10-06T09-00_2026-10-06_09-00-12.json","logger":"airflow.task.hooks.airflow.providers.standard.hooks.subprocess.SubprocessHook"}
{"timestamp":"2026-10-06T02:12:29.635828","level":"info","event":"Bandung: Raw data loaded into PostgreSQL.","logger":"airflow.task.hooks.airflow.providers.standard.hooks.subprocess.SubprocessHook"}
{"timestamp":"2026-10-06T02:12:29.635851","level":"info","event":"Processing file: /opt/airflow/raw/bandung_2026-10-06T06-00_2026-10-06T09-00_2026-10-06_09-12-19.json","logger":"airflow.task.hooks.airflow.providers.standard.hooks.subprocess.SubprocessHook"}
{"timestamp":"2026-10-06T02:12:29.635895","level":"info","event":"Bandung: Raw data loaded into PostgreSQL.","logger":"airflow.task.hooks.airflow.providers.standard.hooks.subprocess.SubprocessHook"}
{"timestamp":"2026-10-06T02:12:29.635930","level":"info","event":"Processing file: /opt/airflow/raw/jakarta_2026-09-20_2026-10-01_2026-10-05_12-08-33.json","logger":"airflow.task.hooks.airflow.providers.standard.hooks.subprocess.SubprocessHook"}
{"timestamp":"2026-10-06T02:12:29.635960","level":"info","event":"Jakarta: Raw data loaded into PostgreSQL.","logger":"airflow.task.hooks.airflow.providers.standard.hooks.subprocess.SubprocessHook"}
{"timestamp":"2026-10-06T02:12:29.635987","level":"info","event":"Processing file: /opt/airflow/raw/jakarta_2026-10-01_2026-10-03_2026-10-05_12-24-21.json","logger":"airflow.task.hooks.airflow.providers.standard.hooks.subprocess.SubprocessHook"}
{"timestamp":"2026-10-06T02:12:29.636033","level":"info","event":"Jakarta: Raw data loaded into PostgreSQL.","logger":"airflow.task.hooks.airflow.providers.standard.hooks.subprocess.SubprocessHook"}
{"timestamp":"2026-10-06T02:12:29.636096","level":"info","event":"Processing file: /opt/airflow/raw/jakarta_2026-10-01_2026-10-05_2026-10-05_12-06-02.json","logger":"airflow.task.hooks.airflow.providers.standard.hooks.subprocess.SubprocessHook"}
{"timestamp":"2026-10-06T02:12:29.636134","level":"info","event":"Jakarta: Raw data loaded into PostgreSQL.","logger":"airflow.task.hooks.airflow.providers.standard.hooks.subprocess.SubprocessHook"}
{"timestamp":"2026-10-06T02:12:29.636168","level":"info","event":"Processing file: /opt/airflow/raw/jakarta_2026-10-05T12-00_2026-10-05T15-00_2026-10-05_14-43-06.json","logger":"airflow.task.hooks.airflow.providers.standard.hooks.subprocess.SubprocessHook"}
{"timestamp":"2026-10-06T02:12:29.636217","level":"info","event":"Jakarta: Raw data loaded into PostgreSQL.","logger":"airflow.task.hooks.airflow.providers.standard.hooks.subprocess.SubprocessHook"}
{"timestamp":"2026-10-06T02:12:29.636255","level":"info","event":"Processing file: /opt/airflow/raw/jakarta_2026-10-05T12-00_2026-10-05T15-00_2026-10-05_14-45-53.json","logger":"airflow.task.hooks.airflow.providers.standard.hooks.subprocess.SubprocessHook"}
{"timestamp":"2026-10-06T02:12:29.636281","level":"info","event":"Jakarta: Raw data loaded into PostgreSQL.","logger":"airflow.task.hooks.airflow.providers.standard.hooks.subprocess.SubprocessHook"}
{"timestamp":"2026-10-06T02:12:29.636307","level":"info","event":"Processing file: /opt/airflow/raw/jakarta_2026-10-05T13-26_2026-10-05T16-26_2026-10-05_16-27-03.json","logger":"airflow.task.hooks.airflow.providers.standard.hooks.subprocess.SubprocessHook"}
{"timestamp":"2026-10-06T02:12:29.636333","level":"info","event":"Jakarta: Raw data loaded into PostgreSQL.","logger":"airflow.task.hooks.airflow.providers.standard.hooks.subprocess.SubprocessHook"}
{"timestamp":"2026-10-06T02:12:29.636360","level":"info","event":"Processing file: /opt/airflow/raw/jakarta_2026-10-05T13-41_2026-10-05T16-41_2026-10-05_16-41-46.json","logger":"airflow.task.hooks.airflow.providers.standard.hooks.subprocess.SubprocessHook"}
{"timestamp":"2026-10-06T02:12:29.636403","level":"info","event":"Jakarta: Raw data loaded into PostgreSQL.","logger":"airflow.task.hooks.airflow.providers.standard.hooks.subprocess.SubprocessHook"}
{"timestamp":"2026-10-06T02:12:29.636457","level":"info","event":"Processing file: /opt/airflow/raw/jakarta_2026-10-05T13-48_2026-10-05T16-48_2026-10-05_16-48-21.json","logger":"airflow.task.hooks.airflow.providers.standard.hooks.subprocess.SubprocessHook"}
{"timestamp":"2026-10-06T02:12:29.636492","level":"info","event":"Jakarta: Raw data loaded into PostgreSQL.","logger":"airflow.task.hooks.airflow.providers.standard.hooks.subprocess.SubprocessHook"}
{"timestamp":"2026-10-06T02:12:29.636517","level":"info","event":"Processing file: /opt/airflow/raw/jakarta_2026-10-05T13-53_2026-10-05T16-53_2026-10-05_16-53-29.json","logger":"airflow.task.hooks.airflow.providers.standard.hooks.subprocess.SubprocessHook"}
{"timestamp":"2026-10-06T02:12:29.636542","level":"info","event":"Jakarta: Raw data loaded into PostgreSQL.","logger":"airflow.task.hooks.airflow.providers.standard.hooks.subprocess.SubprocessHook"}
{"timestamp":"2026-10-06T02:12:29.636574","level":"info","event":"Processing file: /opt/airflow/raw/jakarta_2026-10-05T14-03_2026-10-05T17-03_2026-10-05_17-03-25.json","logger":"airflow.task.hooks.airflow.providers.standard.hooks.subprocess.SubprocessHook"}
{"timestamp":"2026-10-06T02:12:29.636597","level":"info","event":"Jakarta: Raw data loaded into PostgreSQL.","logger":"airflow.task.hooks.airflow.providers.standard.hooks.subprocess.SubprocessHook"}
{"timestamp":"2026-10-06T02:12:29.636619","level":"info","event":"Processing file: /opt/airflow/raw/jakarta_2026-10-05T14-49_2026-10-05T14-49_2026-10-05_14-49-26.json","logger":"airflow.task.hooks.airflow.providers.standard.hooks.subprocess.SubprocessHook"}
{"timestamp":"2026-10-06T02:12:29.636641","level":"info","event":"Jakarta: Raw data loaded into PostgreSQL.","logger":"airflow.task.hooks.airflow.providers.standard.hooks.subprocess.SubprocessHook"}
{"timestamp":"2026-10-06T02:12:29.636663","level":"info","event":"Processing file: /opt/airflow/raw/jakarta_2026-10-05T15-00_2026-10-05T15-00_2026-10-05_15-00-04.json","logger":"airflow.task.hooks.airflow.providers.standard.hooks.subprocess.SubprocessHook"}
{"timestamp":"2026-10-06T02:12:29.636685","level":"info","event":"Jakarta: Raw data loaded into PostgreSQL.","logger":"airflow.task.hooks.airflow.providers.standard.hooks.subprocess.SubprocessHook"}
{"timestamp":"2026-10-06T02:12:29.636706","level":"info","event":"Processing file: /opt/airflow/raw/jakarta_2026-10-05T15-00_2026-10-05T18-00_2026-10-05_18-00-08.json","logger":"airflow.task.hooks.airflow.providers.standard.hooks.subprocess.SubprocessHook"}
{"timestamp":"2026-10-06T02:12:29.636727","level":"info","event":"Jakarta: Raw data loaded into PostgreSQL.","logger":"airflow.task.hooks.airflow.providers.standard.hooks.subprocess.SubprocessHook"}
{"timestamp":"2026-10-06T02:12:29.636747","level":"info","event":"Processing file: /opt/airflow/raw/jakarta_2026-10-05T15-00_2026-10-05T18-00_2026-10-05_18-47-58.json","logger":"airflow.task.hooks.airflow.providers.standard.hooks.subprocess.SubprocessHook"}
{"timestamp":"2026-10-06T02:12:29.636768","level":"info","event":"Jakarta: Raw data loaded into PostgreSQL.","logger":"airflow.task.hooks.airflow.providers.standard.hooks.subprocess.SubprocessHook"}
{"timestamp":"2026-10-06T02:12:29.636788","level":"info","event":"Processing file: /opt/airflow/raw/jakarta_2026-10-05T15-23_2026-10-05T18-23_2026-10-05_18-23-22.json","logger":"airflow.task.hooks.airflow.providers.standard.hooks.subprocess.SubprocessHook"}
{"timestamp":"2026-10-06T02:12:29.636808","level":"info","event":"Jakarta: Raw data loaded into PostgreSQL.","logger":"airflow.task.hooks.airflow.providers.standard.hooks.subprocess.SubprocessHook"}
{"timestamp":"2026-10-06T02:12:29.636830","level":"info","event":"Processing file: /opt/airflow/raw/jakarta_2026-10-05T18-41_2026-10-05T18-41_2026-10-05_18-41-17.json","logger":"airflow.task.hooks.airflow.providers.standard.hooks.subprocess.SubprocessHook"}
{"timestamp":"2026-10-06T02:12:29.636850","level":"info","event":"Jakarta: Raw data loaded into PostgreSQL.","logger":"airflow.task.hooks.airflow.providers.standard.hooks.subprocess.SubprocessHook"}
{"timestamp":"2026-10-06T02:12:29.636871","level":"info","event":"Processing file: /opt/airflow/raw/jakarta_2026-10-05_2026-10-05_2026-10-05_14-19-19.json","logger":"airflow.task.hooks.airflow.providers.standard.hooks.subprocess.SubprocessHook"}
{"timestamp":"2026-10-06T02:12:29.636892","level":"info","event":"Jakarta: Raw data loaded into PostgreSQL.","logger":"airflow.task.hooks.airflow.providers.standard.hooks.subprocess.SubprocessHook"}
{"timestamp":"2026-10-06T02:12:29.636913","level":"info","event":"Processing file: /opt/airflow/raw/jakarta_2026-10-06T03-00_2026-10-06T06-00_2026-10-06_07-48-56.json","logger":"airflow.task.hooks.airflow.providers.standard.hooks.subprocess.SubprocessHook"}
{"timestamp":"2026-10-06T02:12:29.636934","level":"info","event":"Jakarta: Raw data loaded into PostgreSQL.","logger":"airflow.task.hooks.airflow.providers.standard.hooks.subprocess.SubprocessHook"}
{"timestamp":"2026-10-06T02:12:29.636955","level":"info","event":"Processing file: /opt/airflow/raw/jakarta_2026-10-06T06-00_2026-10-06T09-00_2026-10-06_09-00-09.json","logger":"airflow.task.hooks.airflow.providers.standard.hooks.subprocess.SubprocessHook"}
{"timestamp":"2026-10-06T02:12:29.636976","level":"info","event":"Jakarta: Raw data loaded into PostgreSQL.","logger":"airflow.task.hooks.airflow.providers.standard.hooks.subprocess.SubprocessHook"}
{"timestamp":"2026-10-06T02:12:29.636998","level":"info","event":"Processing file: /opt/airflow/raw/jakarta_2026-10-06T06-00_2026-10-06T09-00_2026-10-06_09-12-17.json","logger":"airflow.task.hooks.airflow.providers.standard.hooks.subprocess.SubprocessHook"}
{"timestamp":"2026-10-06T02:12:29.637019","level":"info","event":"Jakarta: Raw data loaded into PostgreSQL.","logger":"airflow.task.hooks.airflow.providers.standard.hooks.subprocess.SubprocessHook"}
{"timestamp":"2026-10-06T02:12:29.637040","level":"info","event":"Processing file: /opt/airflow/raw/surabaya_2026-09-20_2026-10-01_2026-10-05_12-08-39.json","logger":"airflow.task.hooks.airflow.providers.standard.hooks.subprocess.SubprocessHook"}
{"timestamp":"2026-10-06T02:12:29.637062","level":"info","event":"Surabaya: Raw data loaded into PostgreSQL.","logger":"airflow.task.hooks.airflow.providers.standard.hooks.subprocess.SubprocessHook"}
{"timestamp":"2026-10-06T02:12:29.637085","level":"info","event":"Processing file: /opt/airflow/raw/surabaya_2026-10-01_2026-10-03_2026-10-05_12-24-27.json","logger":"airflow.task.hooks.airflow.providers.standard.hooks.subprocess.SubprocessHook"}
{"timestamp":"2026-10-06T02:12:29.637133","level":"info","event":"Surabaya: Raw data loaded into PostgreSQL.","logger":"airflow.task.hooks.airflow.providers.standard.hooks.subprocess.SubprocessHook"}
{"timestamp":"2026-10-06T02:12:29.637163","level":"info","event":"Processing file: /opt/airflow/raw/surabaya_2026-10-01_2026-10-05_2026-10-05_12-06-07.json","logger":"airflow.task.hooks.airflow.providers.standard.hooks.subprocess.SubprocessHook"}
{"timestamp":"2026-10-06T02:12:29.637186","level":"info","event":"Surabaya: Raw data loaded into PostgreSQL.","logger":"airflow.task.hooks.airflow.providers.standard.hooks.subprocess.SubprocessHook"}
{"timestamp":"2026-10-06T02:12:29.637209","level":"info","event":"Processing file: /opt/airflow/raw/surabaya_2026-10-05T12-00_2026-10-05T15-00_2026-10-05_14-43-12.json","logger":"airflow.task.hooks.airflow.providers.standard.hooks.subprocess.SubprocessHook"}
{"timestamp":"2026-10-06T02:12:29.637232","level":"info","event":"Surabaya: Raw data loaded into PostgreSQL.","logger":"airflow.task.hooks.airflow.providers.standard.hooks.subprocess.SubprocessHook"}
{"timestamp":"2026-10-06T02:12:29.637256","level":"info","event":"Processing file: /opt/airflow/raw/surabaya_2026-10-05T12-00_2026-10-05T15-00_2026-10-05_14-46-00.json","logger":"airflow.task.hooks.airflow.providers.standard.hooks.subprocess.SubprocessHook"}
{"timestamp":"2026-10-06T02:12:29.637279","level":"info","event":"Surabaya: Raw data loaded into PostgreSQL.","logger":"airflow.task.hooks.airflow.providers.standard.hooks.subprocess.SubprocessHook"}
{"timestamp":"2026-10-06T02:12:29.637300","level":"info","event":"Processing file: /opt/airflow/raw/surabaya_2026-10-05T13-26_2026-10-05T16-26_2026-10-05_16-27-07.json","logger":"airflow.task.hooks.airflow.providers.standard.hooks.subprocess.SubprocessHook"}
{"timestamp":"2026-10-06T02:12:29.637320","level":"info","event":"Surabaya: Raw data loaded into PostgreSQL.","logger":"airflow.task.hooks.airflow.providers.standard.hooks.subprocess.SubprocessHook"}
{"timestamp":"2026-10-06T02:12:29.637341","level":"info","event":"Processing file: /opt/airflow/raw/surabaya_2026-10-05T13-41_2026-10-05T16-41_2026-10-05_16-41-51.json","logger":"airflow.task.hooks.airflow.providers.standard.hooks.subprocess.SubprocessHook"}
{"timestamp":"2026-10-06T02:12:29.637371","level":"info","event":"Surabaya: Raw data loaded into PostgreSQL.","logger":"airflow.task.hooks.airflow.providers.standard.hooks.subprocess.SubprocessHook"}
{"timestamp":"2026-10-06T02:12:29.637408","level":"info","event":"Processing file: /opt/airflow/raw/surabaya_2026-10-05T13-48_2026-10-05T16-48_2026-10-05_16-48-26.json","logger":"airflow.task.hooks.airflow.providers.standard.hooks.subprocess.SubprocessHook"}
{"timestamp":"2026-10-06T02:12:29.637434","level":"info","event":"Surabaya: Raw data loaded into PostgreSQL.","logger":"airflow.task.hooks.airflow.providers.standard.hooks.subprocess.SubprocessHook"}
{"timestamp":"2026-10-06T02:12:29.637457","level":"info","event":"Processing file: /opt/airflow/raw/surabaya_2026-10-05T13-53_2026-10-05T16-53_2026-10-05_16-53-36.json","logger":"airflow.task.hooks.airflow.providers.standard.hooks.subprocess.SubprocessHook"}
{"timestamp":"2026-10-06T02:12:29.637479","level":"info","event":"Surabaya: Raw data loaded into PostgreSQL.","logger":"airflow.task.hooks.airflow.providers.standard.hooks.subprocess.SubprocessHook"}
{"timestamp":"2026-10-06T02:12:29.637502","level":"info","event":"Processing file: /opt/airflow/raw/surabaya_2026-10-05T14-03_2026-10-05T17-03_2026-10-05_17-03-29.json","logger":"airflow.task.hooks.airflow.providers.standard.hooks.subprocess.SubprocessHook"}
{"timestamp":"2026-10-06T02:12:29.637523","level":"info","event":"Surabaya: Raw data loaded into PostgreSQL.","logger":"airflow.task.hooks.airflow.providers.standard.hooks.subprocess.SubprocessHook"}
{"timestamp":"2026-10-06T02:12:29.637546","level":"info","event":"Processing file: /opt/airflow/raw/surabaya_2026-10-05T14-49_2026-10-05T14-49_2026-10-05_14-49-31.json","logger":"airflow.task.hooks.airflow.providers.standard.hooks.subprocess.SubprocessHook"}
{"timestamp":"2026-10-06T02:12:29.637567","level":"info","event":"Surabaya: Raw data loaded into PostgreSQL.","logger":"airflow.task.hooks.airflow.providers.standard.hooks.subprocess.SubprocessHook"}
{"timestamp":"2026-10-06T02:12:29.637588","level":"info","event":"Processing file: /opt/airflow/raw/surabaya_2026-10-05T15-00_2026-10-05T15-00_2026-10-05_15-00-09.json","logger":"airflow.task.hooks.airflow.providers.standard.hooks.subprocess.SubprocessHook"}
{"timestamp":"2026-10-06T02:12:29.637608","level":"info","event":"Surabaya: Raw data loaded into PostgreSQL.","logger":"airflow.task.hooks.airflow.providers.standard.hooks.subprocess.SubprocessHook"}
{"timestamp":"2026-10-06T02:12:29.637629","level":"info","event":"Processing file: /opt/airflow/raw/surabaya_2026-10-05T15-00_2026-10-05T18-00_2026-10-05_18-00-13.json","logger":"airflow.task.hooks.airflow.providers.standard.hooks.subprocess.SubprocessHook"}
{"timestamp":"2026-10-06T02:12:29.637649","level":"info","event":"Surabaya: Raw data loaded into PostgreSQL.","logger":"airflow.task.hooks.airflow.providers.standard.hooks.subprocess.SubprocessHook"}
{"timestamp":"2026-10-06T02:12:29.637668","level":"info","event":"Processing file: /opt/airflow/raw/surabaya_2026-10-05T15-00_2026-10-05T18-00_2026-10-05_18-48-04.json","logger":"airflow.task.hooks.airflow.providers.standard.hooks.subprocess.SubprocessHook"}
{"timestamp":"2026-10-06T02:12:29.637688","level":"info","event":"Surabaya: Raw data loaded into PostgreSQL.","logger":"airflow.task.hooks.airflow.providers.standard.hooks.subprocess.SubprocessHook"}
{"timestamp":"2026-10-06T02:12:29.637708","level":"info","event":"Processing file: /opt/airflow/raw/surabaya_2026-10-05T15-23_2026-10-05T18-23_2026-10-05_18-23-28.json","logger":"airflow.task.hooks.airflow.providers.standard.hooks.subprocess.SubprocessHook"}
{"timestamp":"2026-10-06T02:12:29.637727","level":"info","event":"Surabaya: Raw data loaded into PostgreSQL.","logger":"airflow.task.hooks.airflow.providers.standard.hooks.subprocess.SubprocessHook"}
{"timestamp":"2026-10-06T02:12:29.637747","level":"info","event":"Processing file: /opt/airflow/raw/surabaya_2026-10-05T18-41_2026-10-05T18-41_2026-10-05_18-41-23.json","logger":"airflow.task.hooks.airflow.providers.standard.hooks.subprocess.SubprocessHook"}
{"timestamp":"2026-10-06T02:12:29.637767","level":"info","event":"Surabaya: Raw data loaded into PostgreSQL.","logger":"airflow.task.hooks.airflow.providers.standard.hooks.subprocess.SubprocessHook"}
{"timestamp":"2026-10-06T02:12:29.637787","level":"info","event":"Processing file: /opt/airflow/raw/surabaya_2026-10-05_2026-10-05_2026-10-05_14-19-24.json","logger":"airflow.task.hooks.airflow.providers.standard.hooks.subprocess.SubprocessHook"}
{"timestamp":"2026-10-06T02:12:29.637808","level":"info","event":"Surabaya: Raw data loaded into PostgreSQL.","logger":"airflow.task.hooks.airflow.providers.standard.hooks.subprocess.SubprocessHook"}
{"timestamp":"2026-10-06T02:12:29.637830","level":"info","event":"Processing file: /opt/airflow/raw/surabaya_2026-10-06T03-00_2026-10-06T06-00_2026-10-06_07-49-03.json","logger":"airflow.task.hooks.airflow.providers.standard.hooks.subprocess.SubprocessHook"}
{"timestamp":"2026-10-06T02:12:29.910517","level":"info","event":"Surabaya: Raw data loaded into PostgreSQL.","logger":"airflow.task.hooks.airflow.providers.standard.hooks.subprocess.SubprocessHook"}
{"timestamp":"2026-10-06T02:12:29.910654","level":"info","event":"Processing file: /opt/airflow/raw/surabaya_2026-10-06T06-00_2026-10-06T09-00_2026-10-06_09-00-15.json","logger":"airflow.task.hooks.airflow.providers.standard.hooks.subprocess.SubprocessHook"}
{"timestamp":"2026-10-06T02:12:29.910701","level":"info","event":"Surabaya: Raw data loaded into PostgreSQL.","logger":"airflow.task.hooks.airflow.providers.standard.hooks.subprocess.SubprocessHook"}
{"timestamp":"2026-10-06T02:12:29.910729","level":"info","event":"Processing file: /opt/airflow/raw/surabaya_2026-10-06T06-00_2026-10-06T09-00_2026-10-06_09-12-22.json","logger":"airflow.task.hooks.airflow.providers.standard.hooks.subprocess.SubprocessHook"}
{"timestamp":"2026-10-06T02:12:29.910754","level":"info","event":"Surabaya: Raw data loaded into PostgreSQL.","logger":"airflow.task.hooks.airflow.providers.standard.hooks.subprocess.SubprocessHook"}
{"timestamp":"2026-10-06T02:12:29.910778","level":"info","event":"","logger":"airflow.task.hooks.airflow.providers.standard.hooks.subprocess.SubprocessHook"}
{"timestamp":"2026-10-06T02:12:29.910805","level":"info","event":"RAW loading completed.","logger":"airflow.task.hooks.airflow.providers.standard.hooks.subprocess.SubprocessHook"}
{"timestamp":"2026-10-06T02:12:29.910830","level":"info","event":"Bandung: 120 rows before cleaning, 120 rows after cleaning, 0 rows removed.","logger":"airflow.task.hooks.airflow.providers.standard.hooks.subprocess.SubprocessHook"}
{"timestamp":"2026-10-06T02:12:29.910857","level":"info","event":"Jakarta: 120 rows before cleaning, 120 rows after cleaning, 0 rows removed.","logger":"airflow.task.hooks.airflow.providers.standard.hooks.subprocess.SubprocessHook"}
{"timestamp":"2026-10-06T02:12:29.910879","level":"info","event":"Surabaya: 120 rows before cleaning, 120 rows after cleaning, 0 rows removed.","logger":"airflow.task.hooks.airflow.providers.standard.hooks.subprocess.SubprocessHook"}
{"timestamp":"2026-10-06T02:12:29.910901","level":"info","event":"Bandung: 288 rows before cleaning, 288 rows after cleaning, 0 rows removed.","logger":"airflow.task.hooks.airflow.providers.standard.hooks.subprocess.SubprocessHook"}
{"timestamp":"2026-10-06T02:12:29.910921","level":"info","event":"Bandung: 120 rows before cleaning, 120 rows after cleaning, 0 rows removed.","logger":"airflow.task.hooks.airflow.providers.standard.hooks.subprocess.SubprocessHook"}
{"timestamp":"2026-10-06T02:12:29.910941","level":"info","event":"Jakarta: 288 rows before cleaning, 288 rows after cleaning, 0 rows removed.","logger":"airflow.task.hooks.airflow.providers.standard.hooks.subprocess.SubprocessHook"}
{"timestamp":"2026-10-06T02:12:29.910962","level":"info","event":"Jakarta: 120 rows before cleaning, 120 rows after cleaning, 0 rows removed.","logger":"airflow.task.hooks.airflow.providers.standard.hooks.subprocess.SubprocessHook"}
{"timestamp":"2026-10-06T02:12:29.910984","level":"info","event":"Surabaya: 288 rows before cleaning, 288 rows after cleaning, 0 rows removed.","logger":"airflow.task.hooks.airflow.providers.standard.hooks.subprocess.SubprocessHook"}
{"timestamp":"2026-10-06T02:12:29.911005","level":"info","event":"Surabaya: 120 rows before cleaning, 120 rows after cleaning, 0 rows removed.","logger":"airflow.task.hooks.airflow.providers.standard.hooks.subprocess.SubprocessHook"}
{"timestamp":"2026-10-06T02:12:29.911025","level":"info","event":"Bandung: 288 rows before cleaning, 288 rows after cleaning, 0 rows removed.","logger":"airflow.task.hooks.airflow.providers.standard.hooks.subprocess.SubprocessHook"}
{"timestamp":"2026-10-06T02:12:29.911045","level":"info","event":"Bandung: 72 rows before cleaning, 72 rows after cleaning, 0 rows removed.","logger":"airflow.task.hooks.airflow.providers.standard.hooks.subprocess.SubprocessHook"}
{"timestamp":"2026-10-06T02:12:29.911067","level":"info","event":"Bandung: 120 rows before cleaning, 120 rows after cleaning, 0 rows removed.","logger":"airflow.task.hooks.airflow.providers.standard.hooks.subprocess.SubprocessHook"}
{"timestamp":"2026-10-06T02:12:29.911087","level":"info","event":"Bandung: 24 rows before cleaning, 24 rows after cleaning, 0 rows removed.","logger":"airflow.task.hooks.airflow.providers.standard.hooks.subprocess.SubprocessHook"}
{"timestamp":"2026-10-06T02:12:29.911108","level":"info","event":"Jakarta: 288 rows before cleaning, 288 rows after cleaning, 0 rows removed.","logger":"airflow.task.hooks.airflow.providers.standard.hooks.subprocess.SubprocessHook"}
{"timestamp":"2026-10-06T02:12:29.911127","level":"info","event":"Jakarta: 72 rows before cleaning, 72 rows after cleaning, 0 rows removed.","logger":"airflow.task.hooks.airflow.providers.standard.hooks.subprocess.SubprocessHook"}
{"timestamp":"2026-10-06T02:12:29.911206","level":"info","event":"Jakarta: 120 rows before cleaning, 120 rows after cleaning, 0 rows removed.","logger":"airflow.task.hooks.airflow.providers.standard.hooks.subprocess.SubprocessHook"}
{"timestamp":"2026-10-06T02:12:29.911237","level":"info","event":"Jakarta: 24 rows before cleaning, 24 rows after cleaning, 0 rows removed.","logger":"airflow.task.hooks.airflow.providers.standard.hooks.subprocess.SubprocessHook"}
{"timestamp":"2026-10-06T02:12:29.911261","level":"info","event":"Surabaya: 288 rows before cleaning, 288 rows after cleaning, 0 rows removed.","logger":"airflow.task.hooks.airflow.providers.standard.hooks.subprocess.SubprocessHook"}
{"timestamp":"2026-10-06T02:12:29.911283","level":"info","event":"Surabaya: 72 rows before cleaning, 72 rows after cleaning, 0 rows removed.","logger":"airflow.task.hooks.airflow.providers.standard.hooks.subprocess.SubprocessHook"}
{"timestamp":"2026-10-06T02:12:29.911305","level":"info","event":"Surabaya: 120 rows before cleaning, 120 rows after cleaning, 0 rows removed.","logger":"airflow.task.hooks.airflow.providers.standard.hooks.subprocess.SubprocessHook"}
{"timestamp":"2026-10-06T02:12:29.911327","level":"info","event":"Surabaya: 24 rows before cleaning, 24 rows after cleaning, 0 rows removed.","logger":"airflow.task.hooks.airflow.providers.standard.hooks.subprocess.SubprocessHook"}
{"timestamp":"2026-10-06T02:12:29.911349","level":"info","event":"Bandung: 288 rows before cleaning, 288 rows after cleaning, 0 rows removed.","logger":"airflow.task.hooks.airflow.providers.standard.hooks.subprocess.SubprocessHook"}
{"timestamp":"2026-10-06T02:12:29.911371","level":"info","event":"Bandung: 72 rows before cleaning, 72 rows after cleaning, 0 rows removed.","logger":"airflow.task.hooks.airflow.providers.standard.hooks.subprocess.SubprocessHook"}
{"timestamp":"2026-10-06T02:12:29.911396","level":"info","event":"Bandung: 120 rows before cleaning, 120 rows after cleaning, 0 rows removed.","logger":"airflow.task.hooks.airflow.providers.standard.hooks.subprocess.SubprocessHook"}
{"timestamp":"2026-10-06T02:12:29.911421","level":"info","event":"Bandung: 4 rows before cleaning, 4 rows after cleaning, 0 rows removed.","logger":"airflow.task.hooks.airflow.providers.standard.hooks.subprocess.SubprocessHook"}
{"timestamp":"2026-10-06T02:12:29.911448","level":"info","event":"Bandung: 3 rows before cleaning, 3 rows after cleaning, 0 rows removed.","logger":"airflow.task.hooks.airflow.providers.standard.hooks.subprocess.SubprocessHook"}
{"timestamp":"2026-10-06T02:12:29.911474","level":"info","event":"Bandung: 1 rows before cleaning, 1 rows after cleaning, 0 rows removed.","logger":"airflow.task.hooks.airflow.providers.standard.hooks.subprocess.SubprocessHook"}
{"timestamp":"2026-10-06T02:12:29.911501","level":"info","event":"Bandung: 24 rows before cleaning, 24 rows after cleaning, 0 rows removed.","logger":"airflow.task.hooks.airflow.providers.standard.hooks.subprocess.SubprocessHook"}
{"timestamp":"2026-10-06T02:12:29.911527","level":"info","event":"Jakarta: 288 rows before cleaning, 288 rows after cleaning, 0 rows removed.","logger":"airflow.task.hooks.airflow.providers.standard.hooks.subprocess.SubprocessHook"}
{"timestamp":"2026-10-06T02:12:29.911557","level":"info","event":"Jakarta: 72 rows before cleaning, 72 rows after cleaning, 0 rows removed.","logger":"airflow.task.hooks.airflow.providers.standard.hooks.subprocess.SubprocessHook"}
{"timestamp":"2026-10-06T02:12:29.911596","level":"info","event":"Jakarta: 120 rows before cleaning, 120 rows after cleaning, 0 rows removed.","logger":"airflow.task.hooks.airflow.providers.standard.hooks.subprocess.SubprocessHook"}
{"timestamp":"2026-10-06T02:12:29.911636","level":"info","event":"Jakarta: 4 rows before cleaning, 4 rows after cleaning, 0 rows removed.","logger":"airflow.task.hooks.airflow.providers.standard.hooks.subprocess.SubprocessHook"}
{"timestamp":"2026-10-06T02:12:29.911674","level":"info","event":"Jakarta: 3 rows before cleaning, 3 rows after cleaning, 0 rows removed.","logger":"airflow.task.hooks.airflow.providers.standard.hooks.subprocess.SubprocessHook"}
{"timestamp":"2026-10-06T02:12:29.911715","level":"info","event":"Jakarta: 1 rows before cleaning, 1 rows after cleaning, 0 rows removed.","logger":"airflow.task.hooks.airflow.providers.standard.hooks.subprocess.SubprocessHook"}
{"timestamp":"2026-10-06T02:12:29.911754","level":"info","event":"Jakarta: 24 rows before cleaning, 24 rows after cleaning, 0 rows removed.","logger":"airflow.task.hooks.airflow.providers.standard.hooks.subprocess.SubprocessHook"}
{"timestamp":"2026-10-06T02:12:29.911794","level":"info","event":"Surabaya: 288 rows before cleaning, 288 rows after cleaning, 0 rows removed.","logger":"airflow.task.hooks.airflow.providers.standard.hooks.subprocess.SubprocessHook"}
{"timestamp":"2026-10-06T02:12:29.911834","level":"info","event":"Surabaya: 72 rows before cleaning, 72 rows after cleaning, 0 rows removed.","logger":"airflow.task.hooks.airflow.providers.standard.hooks.subprocess.SubprocessHook"}
{"timestamp":"2026-10-06T02:12:29.911881","level":"info","event":"Surabaya: 120 rows before cleaning, 120 rows after cleaning, 0 rows removed.","logger":"airflow.task.hooks.airflow.providers.standard.hooks.subprocess.SubprocessHook"}
{"timestamp":"2026-10-06T02:12:29.911924","level":"info","event":"Surabaya: 4 rows before cleaning, 4 rows after cleaning, 0 rows removed.","logger":"airflow.task.hooks.airflow.providers.standard.hooks.subprocess.SubprocessHook"}
{"timestamp":"2026-10-06T02:12:29.911964","level":"info","event":"Surabaya: 3 rows before cleaning, 3 rows after cleaning, 0 rows removed.","logger":"airflow.task.hooks.airflow.providers.standard.hooks.subprocess.SubprocessHook"}
{"timestamp":"2026-10-06T02:12:29.912004","level":"info","event":"Surabaya: 1 rows before cleaning, 1 rows after cleaning, 0 rows removed.","logger":"airflow.task.hooks.airflow.providers.standard.hooks.subprocess.SubprocessHook"}
{"timestamp":"2026-10-06T02:12:29.912042","level":"info","event":"Surabaya: 24 rows before cleaning, 24 rows after cleaning, 0 rows removed.","logger":"airflow.task.hooks.airflow.providers.standard.hooks.subprocess.SubprocessHook"}
{"timestamp":"2026-10-06T02:12:29.912079","level":"info","event":"Bandung: 288 rows before cleaning, 288 rows after cleaning, 0 rows removed.","logger":"airflow.task.hooks.airflow.providers.standard.hooks.subprocess.SubprocessHook"}
{"timestamp":"2026-10-06T02:12:29.912171","level":"info","event":"Bandung: 72 rows before cleaning, 72 rows after cleaning, 0 rows removed.","logger":"airflow.task.hooks.airflow.providers.standard.hooks.subprocess.SubprocessHook"}
{"timestamp":"2026-10-06T02:12:29.912245","level":"info","event":"Bandung: 120 rows before cleaning, 120 rows after cleaning, 0 rows removed.","logger":"airflow.task.hooks.airflow.providers.standard.hooks.subprocess.SubprocessHook"}
{"timestamp":"2026-10-06T02:12:29.912284","level":"info","event":"Bandung: 4 rows before cleaning, 4 rows after cleaning, 0 rows removed.","logger":"airflow.task.hooks.airflow.providers.standard.hooks.subprocess.SubprocessHook"}
{"timestamp":"2026-10-06T02:12:29.912320","level":"info","event":"Bandung: 3 rows before cleaning, 3 rows after cleaning, 0 rows removed.","logger":"airflow.task.hooks.airflow.providers.standard.hooks.subprocess.SubprocessHook"}
{"timestamp":"2026-10-06T02:12:29.912353","level":"info","event":"Bandung: 1 rows before cleaning, 1 rows after cleaning, 0 rows removed.","logger":"airflow.task.hooks.airflow.providers.standard.hooks.subprocess.SubprocessHook"}
{"timestamp":"2026-10-06T02:12:29.912383","level":"info","event":"Bandung: 0 rows before cleaning, 0 rows after cleaning, 0 rows removed.","logger":"airflow.task.hooks.airflow.providers.standard.hooks.subprocess.SubprocessHook"}
{"timestamp":"2026-10-06T02:12:29.912408","level":"info","event":"Bandung: 24 rows before cleaning, 24 rows after cleaning, 0 rows removed.","logger":"airflow.task.hooks.airflow.providers.standard.hooks.subprocess.SubprocessHook"}
{"timestamp":"2026-10-06T02:12:29.912448","level":"info","event":"Jakarta: 288 rows before cleaning, 288 rows after cleaning, 0 rows removed.","logger":"airflow.task.hooks.airflow.providers.standard.hooks.subprocess.SubprocessHook"}
{"timestamp":"2026-10-06T02:12:29.912477","level":"info","event":"Jakarta: 72 rows before cleaning, 72 rows after cleaning, 0 rows removed.","logger":"airflow.task.hooks.airflow.providers.standard.hooks.subprocess.SubprocessHook"}
{"timestamp":"2026-10-06T02:12:29.912500","level":"info","event":"Jakarta: 120 rows before cleaning, 120 rows after cleaning, 0 rows removed.","logger":"airflow.task.hooks.airflow.providers.standard.hooks.subprocess.SubprocessHook"}
{"timestamp":"2026-10-06T02:12:29.912523","level":"info","event":"Jakarta: 4 rows before cleaning, 4 rows after cleaning, 0 rows removed.","logger":"airflow.task.hooks.airflow.providers.standard.hooks.subprocess.SubprocessHook"}
{"timestamp":"2026-10-06T02:12:29.912548","level":"info","event":"Jakarta: 3 rows before cleaning, 3 rows after cleaning, 0 rows removed.","logger":"airflow.task.hooks.airflow.providers.standard.hooks.subprocess.SubprocessHook"}
{"timestamp":"2026-10-06T02:12:29.912611","level":"info","event":"Jakarta: 1 rows before cleaning, 1 rows after cleaning, 0 rows removed.","logger":"airflow.task.hooks.airflow.providers.standard.hooks.subprocess.SubprocessHook"}
{"timestamp":"2026-10-06T02:12:29.912643","level":"info","event":"Jakarta: 0 rows before cleaning, 0 rows after cleaning, 0 rows removed.","logger":"airflow.task.hooks.airflow.providers.standard.hooks.subprocess.SubprocessHook"}
{"timestamp":"2026-10-06T02:12:29.912669","level":"info","event":"Jakarta: 24 rows before cleaning, 24 rows after cleaning, 0 rows removed.","logger":"airflow.task.hooks.airflow.providers.standard.hooks.subprocess.SubprocessHook"}
{"timestamp":"2026-10-06T02:12:29.912694","level":"info","event":"Surabaya: 288 rows before cleaning, 288 rows after cleaning, 0 rows removed.","logger":"airflow.task.hooks.airflow.providers.standard.hooks.subprocess.SubprocessHook"}
{"timestamp":"2026-10-06T02:12:29.912718","level":"info","event":"Surabaya: 72 rows before cleaning, 72 rows after cleaning, 0 rows removed.","logger":"airflow.task.hooks.airflow.providers.standard.hooks.subprocess.SubprocessHook"}
{"timestamp":"2026-10-06T02:12:29.912740","level":"info","event":"Surabaya: 120 rows before cleaning, 120 rows after cleaning, 0 rows removed.","logger":"airflow.task.hooks.airflow.providers.standard.hooks.subprocess.SubprocessHook"}
{"timestamp":"2026-10-06T02:12:29.912761","level":"info","event":"Surabaya: 4 rows before cleaning, 4 rows after cleaning, 0 rows removed.","logger":"airflow.task.hooks.airflow.providers.standard.hooks.subprocess.SubprocessHook"}
{"timestamp":"2026-10-06T02:12:29.912782","level":"info","event":"Surabaya: 3 rows before cleaning, 3 rows after cleaning, 0 rows removed.","logger":"airflow.task.hooks.airflow.providers.standard.hooks.subprocess.SubprocessHook"}
{"timestamp":"2026-10-06T02:12:29.912803","level":"info","event":"Surabaya: 1 rows before cleaning, 1 rows after cleaning, 0 rows removed.","logger":"airflow.task.hooks.airflow.providers.standard.hooks.subprocess.SubprocessHook"}
{"timestamp":"2026-10-06T02:12:29.912825","level":"info","event":"Surabaya: 0 rows before cleaning, 0 rows after cleaning, 0 rows removed.","logger":"airflow.task.hooks.airflow.providers.standard.hooks.subprocess.SubprocessHook"}
{"timestamp":"2026-10-06T02:12:29.912847","level":"info","event":"Surabaya: 24 rows before cleaning, 24 rows after cleaning, 0 rows removed.","logger":"airflow.task.hooks.airflow.providers.standard.hooks.subprocess.SubprocessHook"}
{"timestamp":"2026-10-06T02:12:29.912868","level":"info","event":"Bandung: 288 rows before cleaning, 288 rows after cleaning, 0 rows removed.","logger":"airflow.task.hooks.airflow.providers.standard.hooks.subprocess.SubprocessHook"}
{"timestamp":"2026-10-06T02:12:29.912889","level":"info","event":"Bandung: 72 rows before cleaning, 72 rows after cleaning, 0 rows removed.","logger":"airflow.task.hooks.airflow.providers.standard.hooks.subprocess.SubprocessHook"}
{"timestamp":"2026-10-06T02:12:29.912910","level":"info","event":"Bandung: 120 rows before cleaning, 120 rows after cleaning, 0 rows removed.","logger":"airflow.task.hooks.airflow.providers.standard.hooks.subprocess.SubprocessHook"}
{"timestamp":"2026-10-06T02:12:29.912931","level":"info","event":"Bandung: 4 rows before cleaning, 4 rows after cleaning, 0 rows removed.","logger":"airflow.task.hooks.airflow.providers.standard.hooks.subprocess.SubprocessHook"}
{"timestamp":"2026-10-06T02:12:29.912951","level":"info","event":"Bandung: 3 rows before cleaning, 3 rows after cleaning, 0 rows removed.","logger":"airflow.task.hooks.airflow.providers.standard.hooks.subprocess.SubprocessHook"}
{"timestamp":"2026-10-06T02:12:29.912971","level":"info","event":"Bandung: 4 rows before cleaning, 4 rows after cleaning, 0 rows removed.","logger":"airflow.task.hooks.airflow.providers.standard.hooks.subprocess.SubprocessHook"}
{"timestamp":"2026-10-06T02:12:29.912992","level":"info","event":"Bandung: 1 rows before cleaning, 1 rows after cleaning, 0 rows removed.","logger":"airflow.task.hooks.airflow.providers.standard.hooks.subprocess.SubprocessHook"}
{"timestamp":"2026-10-06T02:12:29.913012","level":"info","event":"Bandung: 0 rows before cleaning, 0 rows after cleaning, 0 rows removed.","logger":"airflow.task.hooks.airflow.providers.standard.hooks.subprocess.SubprocessHook"}
{"timestamp":"2026-10-06T02:12:29.913033","level":"info","event":"Bandung: 24 rows before cleaning, 24 rows after cleaning, 0 rows removed.","logger":"airflow.task.hooks.airflow.providers.standard.hooks.subprocess.SubprocessHook"}
{"timestamp":"2026-10-06T02:12:29.913054","level":"info","event":"Jakarta: 288 rows before cleaning, 288 rows after cleaning, 0 rows removed.","logger":"airflow.task.hooks.airflow.providers.standard.hooks.subprocess.SubprocessHook"}
{"timestamp":"2026-10-06T02:12:29.913074","level":"info","event":"Jakarta: 72 rows before cleaning, 72 rows after cleaning, 0 rows removed.","logger":"airflow.task.hooks.airflow.providers.standard.hooks.subprocess.SubprocessHook"}
{"timestamp":"2026-10-06T02:12:29.913093","level":"info","event":"Jakarta: 120 rows before cleaning, 120 rows after cleaning, 0 rows removed.","logger":"airflow.task.hooks.airflow.providers.standard.hooks.subprocess.SubprocessHook"}
{"timestamp":"2026-10-06T02:12:29.913113","level":"info","event":"Jakarta: 4 rows before cleaning, 4 rows after cleaning, 0 rows removed.","logger":"airflow.task.hooks.airflow.providers.standard.hooks.subprocess.SubprocessHook"}
{"timestamp":"2026-10-06T02:12:29.913134","level":"info","event":"Jakarta: 3 rows before cleaning, 3 rows after cleaning, 0 rows removed.","logger":"airflow.task.hooks.airflow.providers.standard.hooks.subprocess.SubprocessHook"}
{"timestamp":"2026-10-06T02:12:29.913154","level":"info","event":"Jakarta: 4 rows before cleaning, 4 rows after cleaning, 0 rows removed.","logger":"airflow.task.hooks.airflow.providers.standard.hooks.subprocess.SubprocessHook"}
{"timestamp":"2026-10-06T02:12:29.913176","level":"info","event":"Jakarta: 1 rows before cleaning, 1 rows after cleaning, 0 rows removed.","logger":"airflow.task.hooks.airflow.providers.standard.hooks.subprocess.SubprocessHook"}
{"timestamp":"2026-10-06T02:12:29.913197","level":"info","event":"Jakarta: 0 rows before cleaning, 0 rows after cleaning, 0 rows removed.","logger":"airflow.task.hooks.airflow.providers.standard.hooks.subprocess.SubprocessHook"}
{"timestamp":"2026-10-06T02:12:29.913218","level":"info","event":"Jakarta: 24 rows before cleaning, 24 rows after cleaning, 0 rows removed.","logger":"airflow.task.hooks.airflow.providers.standard.hooks.subprocess.SubprocessHook"}
{"timestamp":"2026-10-06T02:12:29.913238","level":"info","event":"Surabaya: 288 rows before cleaning, 288 rows after cleaning, 0 rows removed.","logger":"airflow.task.hooks.airflow.providers.standard.hooks.subprocess.SubprocessHook"}
{"timestamp":"2026-10-06T02:12:29.913259","level":"info","event":"Surabaya: 72 rows before cleaning, 72 rows after cleaning, 0 rows removed.","logger":"airflow.task.hooks.airflow.providers.standard.hooks.subprocess.SubprocessHook"}
{"timestamp":"2026-10-06T02:12:29.913278","level":"info","event":"Surabaya: 120 rows before cleaning, 120 rows after cleaning, 0 rows removed.","logger":"airflow.task.hooks.airflow.providers.standard.hooks.subprocess.SubprocessHook"}
{"timestamp":"2026-10-06T02:12:29.913300","level":"info","event":"Surabaya: 4 rows before cleaning, 4 rows after cleaning, 0 rows removed.","logger":"airflow.task.hooks.airflow.providers.standard.hooks.subprocess.SubprocessHook"}
{"timestamp":"2026-10-06T02:12:29.913320","level":"info","event":"Surabaya: 3 rows before cleaning, 3 rows after cleaning, 0 rows removed.","logger":"airflow.task.hooks.airflow.providers.standard.hooks.subprocess.SubprocessHook"}
{"timestamp":"2026-10-06T02:12:29.913339","level":"info","event":"Surabaya: 4 rows before cleaning, 4 rows after cleaning, 0 rows removed.","logger":"airflow.task.hooks.airflow.providers.standard.hooks.subprocess.SubprocessHook"}
{"timestamp":"2026-10-06T02:12:29.913365","level":"info","event":"Surabaya: 1 rows before cleaning, 1 rows after cleaning, 0 rows removed.","logger":"airflow.task.hooks.airflow.providers.standard.hooks.subprocess.SubprocessHook"}
{"timestamp":"2026-10-06T02:12:29.913384","level":"info","event":"Surabaya: 0 rows before cleaning, 0 rows after cleaning, 0 rows removed.","logger":"airflow.task.hooks.airflow.providers.standard.hooks.subprocess.SubprocessHook"}
{"timestamp":"2026-10-06T02:12:29.913403","level":"info","event":"Surabaya: 24 rows before cleaning, 24 rows after cleaning, 0 rows removed.","logger":"airflow.task.hooks.airflow.providers.standard.hooks.subprocess.SubprocessHook"}
{"timestamp":"2026-10-06T02:12:29.913424","level":"info","event":"Bandung: 288 rows before cleaning, 288 rows after cleaning, 0 rows removed.","logger":"airflow.task.hooks.airflow.providers.standard.hooks.subprocess.SubprocessHook"}
{"timestamp":"2026-10-06T02:12:29.913444","level":"info","event":"Bandung: 72 rows before cleaning, 72 rows after cleaning, 0 rows removed.","logger":"airflow.task.hooks.airflow.providers.standard.hooks.subprocess.SubprocessHook"}
{"timestamp":"2026-10-06T02:12:29.913463","level":"info","event":"Bandung: 120 rows before cleaning, 120 rows after cleaning, 0 rows removed.","logger":"airflow.task.hooks.airflow.providers.standard.hooks.subprocess.SubprocessHook"}
{"timestamp":"2026-10-06T02:12:29.913483","level":"info","event":"Bandung: 4 rows before cleaning, 4 rows after cleaning, 0 rows removed.","logger":"airflow.task.hooks.airflow.providers.standard.hooks.subprocess.SubprocessHook"}
{"timestamp":"2026-10-06T02:12:29.913502","level":"info","event":"Bandung: 3 rows before cleaning, 3 rows after cleaning, 0 rows removed.","logger":"airflow.task.hooks.airflow.providers.standard.hooks.subprocess.SubprocessHook"}
{"timestamp":"2026-10-06T02:12:29.913521","level":"info","event":"Bandung: 4 rows before cleaning, 4 rows after cleaning, 0 rows removed.","logger":"airflow.task.hooks.airflow.providers.standard.hooks.subprocess.SubprocessHook"}
{"timestamp":"2026-10-06T02:12:29.913540","level":"info","event":"Bandung: 4 rows before cleaning, 4 rows after cleaning, 0 rows removed.","logger":"airflow.task.hooks.airflow.providers.standard.hooks.subprocess.SubprocessHook"}
{"timestamp":"2026-10-06T02:12:29.913559","level":"info","event":"Bandung: 1 rows before cleaning, 1 rows after cleaning, 0 rows removed.","logger":"airflow.task.hooks.airflow.providers.standard.hooks.subprocess.SubprocessHook"}
{"timestamp":"2026-10-06T02:12:29.913579","level":"info","event":"Bandung: 0 rows before cleaning, 0 rows after cleaning, 0 rows removed.","logger":"airflow.task.hooks.airflow.providers.standard.hooks.subprocess.SubprocessHook"}
{"timestamp":"2026-10-06T02:12:29.913599","level":"info","event":"Bandung: 24 rows before cleaning, 24 rows after cleaning, 0 rows removed.","logger":"airflow.task.hooks.airflow.providers.standard.hooks.subprocess.SubprocessHook"}
{"timestamp":"2026-10-06T02:12:29.913619","level":"info","event":"Jakarta: 288 rows before cleaning, 288 rows after cleaning, 0 rows removed.","logger":"airflow.task.hooks.airflow.providers.standard.hooks.subprocess.SubprocessHook"}
{"timestamp":"2026-10-06T02:12:29.913638","level":"info","event":"Jakarta: 72 rows before cleaning, 72 rows after cleaning, 0 rows removed.","logger":"airflow.task.hooks.airflow.providers.standard.hooks.subprocess.SubprocessHook"}
{"timestamp":"2026-10-06T02:12:29.913657","level":"info","event":"Jakarta: 120 rows before cleaning, 120 rows after cleaning, 0 rows removed.","logger":"airflow.task.hooks.airflow.providers.standard.hooks.subprocess.SubprocessHook"}
{"timestamp":"2026-10-06T02:12:30.142266","level":"info","event":"Jakarta: 4 rows before cleaning, 4 rows after cleaning, 0 rows removed.","logger":"airflow.task.hooks.airflow.providers.standard.hooks.subprocess.SubprocessHook"}
{"timestamp":"2026-10-06T02:12:30.142455","level":"info","event":"Jakarta: 3 rows before cleaning, 3 rows after cleaning, 0 rows removed.","logger":"airflow.task.hooks.airflow.providers.standard.hooks.subprocess.SubprocessHook"}
{"timestamp":"2026-10-06T02:12:30.142532","level":"info","event":"Jakarta: 4 rows before cleaning, 4 rows after cleaning, 0 rows removed.","logger":"airflow.task.hooks.airflow.providers.standard.hooks.subprocess.SubprocessHook"}
{"timestamp":"2026-10-06T02:12:30.142592","level":"info","event":"Jakarta: 4 rows before cleaning, 4 rows after cleaning, 0 rows removed.","logger":"airflow.task.hooks.airflow.providers.standard.hooks.subprocess.SubprocessHook"}
{"timestamp":"2026-10-06T02:12:30.142732","level":"info","event":"Jakarta: 1 rows before cleaning, 1 rows after cleaning, 0 rows removed.","logger":"airflow.task.hooks.airflow.providers.standard.hooks.subprocess.SubprocessHook"}
{"timestamp":"2026-10-06T02:12:30.142790","level":"info","event":"Jakarta: 0 rows before cleaning, 0 rows after cleaning, 0 rows removed.","logger":"airflow.task.hooks.airflow.providers.standard.hooks.subprocess.SubprocessHook"}
{"timestamp":"2026-10-06T02:12:30.142819","level":"info","event":"Jakarta: 24 rows before cleaning, 24 rows after cleaning, 0 rows removed.","logger":"airflow.task.hooks.airflow.providers.standard.hooks.subprocess.SubprocessHook"}
{"timestamp":"2026-10-06T02:12:30.142844","level":"info","event":"Surabaya: 288 rows before cleaning, 288 rows after cleaning, 0 rows removed.","logger":"airflow.task.hooks.airflow.providers.standard.hooks.subprocess.SubprocessHook"}
{"timestamp":"2026-10-06T02:12:30.142868","level":"info","event":"Surabaya: 72 rows before cleaning, 72 rows after cleaning, 0 rows removed.","logger":"airflow.task.hooks.airflow.providers.standard.hooks.subprocess.SubprocessHook"}
{"timestamp":"2026-10-06T02:12:30.142890","level":"info","event":"Surabaya: 120 rows before cleaning, 120 rows after cleaning, 0 rows removed.","logger":"airflow.task.hooks.airflow.providers.standard.hooks.subprocess.SubprocessHook"}
{"timestamp":"2026-10-06T02:12:30.142912","level":"info","event":"Surabaya: 4 rows before cleaning, 4 rows after cleaning, 0 rows removed.","logger":"airflow.task.hooks.airflow.providers.standard.hooks.subprocess.SubprocessHook"}
{"timestamp":"2026-10-06T02:12:30.142934","level":"info","event":"Surabaya: 3 rows before cleaning, 3 rows after cleaning, 0 rows removed.","logger":"airflow.task.hooks.airflow.providers.standard.hooks.subprocess.SubprocessHook"}
{"timestamp":"2026-10-06T02:12:30.142955","level":"info","event":"Surabaya: 4 rows before cleaning, 4 rows after cleaning, 0 rows removed.","logger":"airflow.task.hooks.airflow.providers.standard.hooks.subprocess.SubprocessHook"}
{"timestamp":"2026-10-06T02:12:30.142978","level":"info","event":"Surabaya: 4 rows before cleaning, 4 rows after cleaning, 0 rows removed.","logger":"airflow.task.hooks.airflow.providers.standard.hooks.subprocess.SubprocessHook"}
{"timestamp":"2026-10-06T02:12:30.142999","level":"info","event":"Surabaya: 1 rows before cleaning, 1 rows after cleaning, 0 rows removed.","logger":"airflow.task.hooks.airflow.providers.standard.hooks.subprocess.SubprocessHook"}
{"timestamp":"2026-10-06T02:12:30.143019","level":"info","event":"Surabaya: 0 rows before cleaning, 0 rows after cleaning, 0 rows removed.","logger":"airflow.task.hooks.airflow.providers.standard.hooks.subprocess.SubprocessHook"}
{"timestamp":"2026-10-06T02:12:30.143039","level":"info","event":"Surabaya: 24 rows before cleaning, 24 rows after cleaning, 0 rows removed.","logger":"airflow.task.hooks.airflow.providers.standard.hooks.subprocess.SubprocessHook"}
{"timestamp":"2026-10-06T02:12:30.143059","level":"info","event":"Bandung: 288 rows before cleaning, 288 rows after cleaning, 0 rows removed.","logger":"airflow.task.hooks.airflow.providers.standard.hooks.subprocess.SubprocessHook"}
{"timestamp":"2026-10-06T02:12:30.143079","level":"info","event":"Bandung: 72 rows before cleaning, 72 rows after cleaning, 0 rows removed.","logger":"airflow.task.hooks.airflow.providers.standard.hooks.subprocess.SubprocessHook"}
{"timestamp":"2026-10-06T02:12:30.143099","level":"info","event":"Bandung: 120 rows before cleaning, 120 rows after cleaning, 0 rows removed.","logger":"airflow.task.hooks.airflow.providers.standard.hooks.subprocess.SubprocessHook"}
{"timestamp":"2026-10-06T02:12:30.143119","level":"info","event":"Bandung: 4 rows before cleaning, 4 rows after cleaning, 0 rows removed.","logger":"airflow.task.hooks.airflow.providers.standard.hooks.subprocess.SubprocessHook"}
{"timestamp":"2026-10-06T02:12:30.143203","level":"info","event":"Bandung: 3 rows before cleaning, 3 rows after cleaning, 0 rows removed.","logger":"airflow.task.hooks.airflow.providers.standard.hooks.subprocess.SubprocessHook"}
{"timestamp":"2026-10-06T02:12:30.143237","level":"info","event":"Bandung: 4 rows before cleaning, 4 rows after cleaning, 0 rows removed.","logger":"airflow.task.hooks.airflow.providers.standard.hooks.subprocess.SubprocessHook"}
{"timestamp":"2026-10-06T02:12:30.143263","level":"info","event":"Bandung: 4 rows before cleaning, 4 rows after cleaning, 0 rows removed.","logger":"airflow.task.hooks.airflow.providers.standard.hooks.subprocess.SubprocessHook"}
{"timestamp":"2026-10-06T02:12:30.143289","level":"info","event":"Bandung: 4 rows before cleaning, 4 rows after cleaning, 0 rows removed.","logger":"airflow.task.hooks.airflow.providers.standard.hooks.subprocess.SubprocessHook"}
{"timestamp":"2026-10-06T02:12:30.143318","level":"info","event":"Bandung: 1 rows before cleaning, 1 rows after cleaning, 0 rows removed.","logger":"airflow.task.hooks.airflow.providers.standard.hooks.subprocess.SubprocessHook"}
{"timestamp":"2026-10-06T02:12:30.143343","level":"info","event":"Bandung: 0 rows before cleaning, 0 rows after cleaning, 0 rows removed.","logger":"airflow.task.hooks.airflow.providers.standard.hooks.subprocess.SubprocessHook"}
{"timestamp":"2026-10-06T02:12:30.143370","level":"info","event":"Bandung: 24 rows before cleaning, 24 rows after cleaning, 0 rows removed.","logger":"airflow.task.hooks.airflow.providers.standard.hooks.subprocess.SubprocessHook"}
{"timestamp":"2026-10-06T02:12:30.143402","level":"info","event":"Jakarta: 288 rows before cleaning, 288 rows after cleaning, 0 rows removed.","logger":"airflow.task.hooks.airflow.providers.standard.hooks.subprocess.SubprocessHook"}
{"timestamp":"2026-10-06T02:12:30.143431","level":"info","event":"Jakarta: 72 rows before cleaning, 72 rows after cleaning, 0 rows removed.","logger":"airflow.task.hooks.airflow.providers.standard.hooks.subprocess.SubprocessHook"}
{"timestamp":"2026-10-06T02:12:30.143459","level":"info","event":"Jakarta: 120 rows before cleaning, 120 rows after cleaning, 0 rows removed.","logger":"airflow.task.hooks.airflow.providers.standard.hooks.subprocess.SubprocessHook"}
{"timestamp":"2026-10-06T02:12:30.143482","level":"info","event":"Jakarta: 4 rows before cleaning, 4 rows after cleaning, 0 rows removed.","logger":"airflow.task.hooks.airflow.providers.standard.hooks.subprocess.SubprocessHook"}
{"timestamp":"2026-10-06T02:12:30.143504","level":"info","event":"Jakarta: 3 rows before cleaning, 3 rows after cleaning, 0 rows removed.","logger":"airflow.task.hooks.airflow.providers.standard.hooks.subprocess.SubprocessHook"}
{"timestamp":"2026-10-06T02:12:30.143533","level":"info","event":"Jakarta: 4 rows before cleaning, 4 rows after cleaning, 0 rows removed.","logger":"airflow.task.hooks.airflow.providers.standard.hooks.subprocess.SubprocessHook"}
{"timestamp":"2026-10-06T02:12:30.143560","level":"info","event":"Jakarta: 4 rows before cleaning, 4 rows after cleaning, 0 rows removed.","logger":"airflow.task.hooks.airflow.providers.standard.hooks.subprocess.SubprocessHook"}
{"timestamp":"2026-10-06T02:12:30.143585","level":"info","event":"Jakarta: 4 rows before cleaning, 4 rows after cleaning, 0 rows removed.","logger":"airflow.task.hooks.airflow.providers.standard.hooks.subprocess.SubprocessHook"}
{"timestamp":"2026-10-06T02:12:30.143610","level":"info","event":"Jakarta: 1 rows before cleaning, 1 rows after cleaning, 0 rows removed.","logger":"airflow.task.hooks.airflow.providers.standard.hooks.subprocess.SubprocessHook"}
{"timestamp":"2026-10-06T02:12:30.143631","level":"info","event":"Jakarta: 0 rows before cleaning, 0 rows after cleaning, 0 rows removed.","logger":"airflow.task.hooks.airflow.providers.standard.hooks.subprocess.SubprocessHook"}
{"timestamp":"2026-10-06T02:12:30.143652","level":"info","event":"Jakarta: 24 rows before cleaning, 24 rows after cleaning, 0 rows removed.","logger":"airflow.task.hooks.airflow.providers.standard.hooks.subprocess.SubprocessHook"}
{"timestamp":"2026-10-06T02:12:30.143674","level":"info","event":"Surabaya: 288 rows before cleaning, 288 rows after cleaning, 0 rows removed.","logger":"airflow.task.hooks.airflow.providers.standard.hooks.subprocess.SubprocessHook"}
{"timestamp":"2026-10-06T02:12:30.143696","level":"info","event":"Surabaya: 72 rows before cleaning, 72 rows after cleaning, 0 rows removed.","logger":"airflow.task.hooks.airflow.providers.standard.hooks.subprocess.SubprocessHook"}
{"timestamp":"2026-10-06T02:12:30.143717","level":"info","event":"Surabaya: 120 rows before cleaning, 120 rows after cleaning, 0 rows removed.","logger":"airflow.task.hooks.airflow.providers.standard.hooks.subprocess.SubprocessHook"}
{"timestamp":"2026-10-06T02:12:30.143737","level":"info","event":"Surabaya: 4 rows before cleaning, 4 rows after cleaning, 0 rows removed.","logger":"airflow.task.hooks.airflow.providers.standard.hooks.subprocess.SubprocessHook"}
{"timestamp":"2026-10-06T02:12:30.143758","level":"info","event":"Surabaya: 3 rows before cleaning, 3 rows after cleaning, 0 rows removed.","logger":"airflow.task.hooks.airflow.providers.standard.hooks.subprocess.SubprocessHook"}
{"timestamp":"2026-10-06T02:12:30.143778","level":"info","event":"Surabaya: 4 rows before cleaning, 4 rows after cleaning, 0 rows removed.","logger":"airflow.task.hooks.airflow.providers.standard.hooks.subprocess.SubprocessHook"}
{"timestamp":"2026-10-06T02:12:30.143800","level":"info","event":"Surabaya: 4 rows before cleaning, 4 rows after cleaning, 0 rows removed.","logger":"airflow.task.hooks.airflow.providers.standard.hooks.subprocess.SubprocessHook"}
{"timestamp":"2026-10-06T02:12:30.143820","level":"info","event":"Surabaya: 4 rows before cleaning, 4 rows after cleaning, 0 rows removed.","logger":"airflow.task.hooks.airflow.providers.standard.hooks.subprocess.SubprocessHook"}
{"timestamp":"2026-10-06T02:12:30.143840","level":"info","event":"Surabaya: 1 rows before cleaning, 1 rows after cleaning, 0 rows removed.","logger":"airflow.task.hooks.airflow.providers.standard.hooks.subprocess.SubprocessHook"}
{"timestamp":"2026-10-06T02:12:30.143860","level":"info","event":"Surabaya: 0 rows before cleaning, 0 rows after cleaning, 0 rows removed.","logger":"airflow.task.hooks.airflow.providers.standard.hooks.subprocess.SubprocessHook"}
{"timestamp":"2026-10-06T02:12:30.143884","level":"info","event":"Surabaya: 24 rows before cleaning, 24 rows after cleaning, 0 rows removed.","logger":"airflow.task.hooks.airflow.providers.standard.hooks.subprocess.SubprocessHook"}
{"timestamp":"2026-10-06T02:12:30.143909","level":"info","event":"Bandung: 288 rows before cleaning, 288 rows after cleaning, 0 rows removed.","logger":"airflow.task.hooks.airflow.providers.standard.hooks.subprocess.SubprocessHook"}
{"timestamp":"2026-10-06T02:12:30.143931","level":"info","event":"Bandung: 72 rows before cleaning, 72 rows after cleaning, 0 rows removed.","logger":"airflow.task.hooks.airflow.providers.standard.hooks.subprocess.SubprocessHook"}
{"timestamp":"2026-10-06T02:12:30.143961","level":"info","event":"Bandung: 120 rows before cleaning, 120 rows after cleaning, 0 rows removed.","logger":"airflow.task.hooks.airflow.providers.standard.hooks.subprocess.SubprocessHook"}
{"timestamp":"2026-10-06T02:12:30.143987","level":"info","event":"Bandung: 4 rows before cleaning, 4 rows after cleaning, 0 rows removed.","logger":"airflow.task.hooks.airflow.providers.standard.hooks.subprocess.SubprocessHook"}
{"timestamp":"2026-10-06T02:12:30.144016","level":"info","event":"Bandung: 3 rows before cleaning, 3 rows after cleaning, 0 rows removed.","logger":"airflow.task.hooks.airflow.providers.standard.hooks.subprocess.SubprocessHook"}
{"timestamp":"2026-10-06T02:12:30.144039","level":"info","event":"Bandung: 4 rows before cleaning, 4 rows after cleaning, 0 rows removed.","logger":"airflow.task.hooks.airflow.providers.standard.hooks.subprocess.SubprocessHook"}
{"timestamp":"2026-10-06T02:12:30.144073","level":"info","event":"Bandung: 4 rows before cleaning, 4 rows after cleaning, 0 rows removed.","logger":"airflow.task.hooks.airflow.providers.standard.hooks.subprocess.SubprocessHook"}
{"timestamp":"2026-10-06T02:12:30.144105","level":"info","event":"Bandung: 4 rows before cleaning, 4 rows after cleaning, 0 rows removed.","logger":"airflow.task.hooks.airflow.providers.standard.hooks.subprocess.SubprocessHook"}
{"timestamp":"2026-10-06T02:12:30.144127","level":"info","event":"Bandung: 4 rows before cleaning, 4 rows after cleaning, 0 rows removed.","logger":"airflow.task.hooks.airflow.providers.standard.hooks.subprocess.SubprocessHook"}
{"timestamp":"2026-10-06T02:12:30.144148","level":"info","event":"Bandung: 1 rows before cleaning, 1 rows after cleaning, 0 rows removed.","logger":"airflow.task.hooks.airflow.providers.standard.hooks.subprocess.SubprocessHook"}
{"timestamp":"2026-10-06T02:12:30.144169","level":"info","event":"Bandung: 0 rows before cleaning, 0 rows after cleaning, 0 rows removed.","logger":"airflow.task.hooks.airflow.providers.standard.hooks.subprocess.SubprocessHook"}
{"timestamp":"2026-10-06T02:12:30.144197","level":"info","event":"Bandung: 24 rows before cleaning, 24 rows after cleaning, 0 rows removed.","logger":"airflow.task.hooks.airflow.providers.standard.hooks.subprocess.SubprocessHook"}
{"timestamp":"2026-10-06T02:12:30.144229","level":"info","event":"Jakarta: 288 rows before cleaning, 288 rows after cleaning, 0 rows removed.","logger":"airflow.task.hooks.airflow.providers.standard.hooks.subprocess.SubprocessHook"}
{"timestamp":"2026-10-06T02:12:30.144255","level":"info","event":"Jakarta: 72 rows before cleaning, 72 rows after cleaning, 0 rows removed.","logger":"airflow.task.hooks.airflow.providers.standard.hooks.subprocess.SubprocessHook"}
{"timestamp":"2026-10-06T02:12:30.144284","level":"info","event":"Jakarta: 120 rows before cleaning, 120 rows after cleaning, 0 rows removed.","logger":"airflow.task.hooks.airflow.providers.standard.hooks.subprocess.SubprocessHook"}
{"timestamp":"2026-10-06T02:12:30.144310","level":"info","event":"Jakarta: 4 rows before cleaning, 4 rows after cleaning, 0 rows removed.","logger":"airflow.task.hooks.airflow.providers.standard.hooks.subprocess.SubprocessHook"}
{"timestamp":"2026-10-06T02:12:30.144336","level":"info","event":"Jakarta: 3 rows before cleaning, 3 rows after cleaning, 0 rows removed.","logger":"airflow.task.hooks.airflow.providers.standard.hooks.subprocess.SubprocessHook"}
{"timestamp":"2026-10-06T02:12:30.144421","level":"info","event":"Jakarta: 4 rows before cleaning, 4 rows after cleaning, 0 rows removed.","logger":"airflow.task.hooks.airflow.providers.standard.hooks.subprocess.SubprocessHook"}
{"timestamp":"2026-10-06T02:12:30.144475","level":"info","event":"Jakarta: 4 rows before cleaning, 4 rows after cleaning, 0 rows removed.","logger":"airflow.task.hooks.airflow.providers.standard.hooks.subprocess.SubprocessHook"}
{"timestamp":"2026-10-06T02:12:30.144511","level":"info","event":"Jakarta: 4 rows before cleaning, 4 rows after cleaning, 0 rows removed.","logger":"airflow.task.hooks.airflow.providers.standard.hooks.subprocess.SubprocessHook"}
{"timestamp":"2026-10-06T02:12:30.144539","level":"info","event":"Jakarta: 4 rows before cleaning, 4 rows after cleaning, 0 rows removed.","logger":"airflow.task.hooks.airflow.providers.standard.hooks.subprocess.SubprocessHook"}
{"timestamp":"2026-10-06T02:12:30.144569","level":"info","event":"Jakarta: 1 rows before cleaning, 1 rows after cleaning, 0 rows removed.","logger":"airflow.task.hooks.airflow.providers.standard.hooks.subprocess.SubprocessHook"}
{"timestamp":"2026-10-06T02:12:30.144593","level":"info","event":"Jakarta: 0 rows before cleaning, 0 rows after cleaning, 0 rows removed.","logger":"airflow.task.hooks.airflow.providers.standard.hooks.subprocess.SubprocessHook"}
{"timestamp":"2026-10-06T02:12:30.144617","level":"info","event":"Jakarta: 24 rows before cleaning, 24 rows after cleaning, 0 rows removed.","logger":"airflow.task.hooks.airflow.providers.standard.hooks.subprocess.SubprocessHook"}
{"timestamp":"2026-10-06T02:12:30.144649","level":"info","event":"Surabaya: 288 rows before cleaning, 288 rows after cleaning, 0 rows removed.","logger":"airflow.task.hooks.airflow.providers.standard.hooks.subprocess.SubprocessHook"}
{"timestamp":"2026-10-06T02:12:30.144674","level":"info","event":"Surabaya: 72 rows before cleaning, 72 rows after cleaning, 0 rows removed.","logger":"airflow.task.hooks.airflow.providers.standard.hooks.subprocess.SubprocessHook"}
{"timestamp":"2026-10-06T02:12:30.144702","level":"info","event":"Surabaya: 120 rows before cleaning, 120 rows after cleaning, 0 rows removed.","logger":"airflow.task.hooks.airflow.providers.standard.hooks.subprocess.SubprocessHook"}
{"timestamp":"2026-10-06T02:12:30.144729","level":"info","event":"Surabaya: 4 rows before cleaning, 4 rows after cleaning, 0 rows removed.","logger":"airflow.task.hooks.airflow.providers.standard.hooks.subprocess.SubprocessHook"}
{"timestamp":"2026-10-06T02:12:30.144753","level":"info","event":"Surabaya: 3 rows before cleaning, 3 rows after cleaning, 0 rows removed.","logger":"airflow.task.hooks.airflow.providers.standard.hooks.subprocess.SubprocessHook"}
{"timestamp":"2026-10-06T02:12:30.144778","level":"info","event":"Surabaya: 4 rows before cleaning, 4 rows after cleaning, 0 rows removed.","logger":"airflow.task.hooks.airflow.providers.standard.hooks.subprocess.SubprocessHook"}
{"timestamp":"2026-10-06T02:12:30.144805","level":"info","event":"Surabaya: 4 rows before cleaning, 4 rows after cleaning, 0 rows removed.","logger":"airflow.task.hooks.airflow.providers.standard.hooks.subprocess.SubprocessHook"}
{"timestamp":"2026-10-06T02:12:30.144826","level":"info","event":"Surabaya: 4 rows before cleaning, 4 rows after cleaning, 0 rows removed.","logger":"airflow.task.hooks.airflow.providers.standard.hooks.subprocess.SubprocessHook"}
{"timestamp":"2026-10-06T02:12:30.144847","level":"info","event":"Surabaya: 4 rows before cleaning, 4 rows after cleaning, 0 rows removed.","logger":"airflow.task.hooks.airflow.providers.standard.hooks.subprocess.SubprocessHook"}
{"timestamp":"2026-10-06T02:12:30.144872","level":"info","event":"Surabaya: 1 rows before cleaning, 1 rows after cleaning, 0 rows removed.","logger":"airflow.task.hooks.airflow.providers.standard.hooks.subprocess.SubprocessHook"}
{"timestamp":"2026-10-06T02:12:30.144896","level":"info","event":"Surabaya: 0 rows before cleaning, 0 rows after cleaning, 0 rows removed.","logger":"airflow.task.hooks.airflow.providers.standard.hooks.subprocess.SubprocessHook"}
{"timestamp":"2026-10-06T02:12:30.144918","level":"info","event":"Surabaya: 24 rows before cleaning, 24 rows after cleaning, 0 rows removed.","logger":"airflow.task.hooks.airflow.providers.standard.hooks.subprocess.SubprocessHook"}
{"timestamp":"2026-10-06T02:12:30.144940","level":"info","event":"Bandung: 288 rows before cleaning, 288 rows after cleaning, 0 rows removed.","logger":"airflow.task.hooks.airflow.providers.standard.hooks.subprocess.SubprocessHook"}
{"timestamp":"2026-10-06T02:12:30.144963","level":"info","event":"Bandung: 72 rows before cleaning, 72 rows after cleaning, 0 rows removed.","logger":"airflow.task.hooks.airflow.providers.standard.hooks.subprocess.SubprocessHook"}
{"timestamp":"2026-10-06T02:12:30.144984","level":"info","event":"Bandung: 120 rows before cleaning, 120 rows after cleaning, 0 rows removed.","logger":"airflow.task.hooks.airflow.providers.standard.hooks.subprocess.SubprocessHook"}
{"timestamp":"2026-10-06T02:12:30.145006","level":"info","event":"Bandung: 4 rows before cleaning, 4 rows after cleaning, 0 rows removed.","logger":"airflow.task.hooks.airflow.providers.standard.hooks.subprocess.SubprocessHook"}
{"timestamp":"2026-10-06T02:12:30.145026","level":"info","event":"Bandung: 3 rows before cleaning, 3 rows after cleaning, 0 rows removed.","logger":"airflow.task.hooks.airflow.providers.standard.hooks.subprocess.SubprocessHook"}
{"timestamp":"2026-10-06T02:12:30.145046","level":"info","event":"Bandung: 4 rows before cleaning, 4 rows after cleaning, 0 rows removed.","logger":"airflow.task.hooks.airflow.providers.standard.hooks.subprocess.SubprocessHook"}
{"timestamp":"2026-10-06T02:12:30.145065","level":"info","event":"Bandung: 4 rows before cleaning, 4 rows after cleaning, 0 rows removed.","logger":"airflow.task.hooks.airflow.providers.standard.hooks.subprocess.SubprocessHook"}
{"timestamp":"2026-10-06T02:12:30.145085","level":"info","event":"Bandung: 4 rows before cleaning, 4 rows after cleaning, 0 rows removed.","logger":"airflow.task.hooks.airflow.providers.standard.hooks.subprocess.SubprocessHook"}
{"timestamp":"2026-10-06T02:12:30.145104","level":"info","event":"Bandung: 4 rows before cleaning, 4 rows after cleaning, 0 rows removed.","logger":"airflow.task.hooks.airflow.providers.standard.hooks.subprocess.SubprocessHook"}
{"timestamp":"2026-10-06T02:12:30.145124","level":"info","event":"Bandung: 4 rows before cleaning, 4 rows after cleaning, 0 rows removed.","logger":"airflow.task.hooks.airflow.providers.standard.hooks.subprocess.SubprocessHook"}
{"timestamp":"2026-10-06T02:12:30.145145","level":"info","event":"Bandung: 1 rows before cleaning, 1 rows after cleaning, 0 rows removed.","logger":"airflow.task.hooks.airflow.providers.standard.hooks.subprocess.SubprocessHook"}
{"timestamp":"2026-10-06T02:12:30.145166","level":"info","event":"Bandung: 0 rows before cleaning, 0 rows after cleaning, 0 rows removed.","logger":"airflow.task.hooks.airflow.providers.standard.hooks.subprocess.SubprocessHook"}
{"timestamp":"2026-10-06T02:12:30.145188","level":"info","event":"Bandung: 24 rows before cleaning, 24 rows after cleaning, 0 rows removed.","logger":"airflow.task.hooks.airflow.providers.standard.hooks.subprocess.SubprocessHook"}
{"timestamp":"2026-10-06T02:12:30.145208","level":"info","event":"Jakarta: 288 rows before cleaning, 288 rows after cleaning, 0 rows removed.","logger":"airflow.task.hooks.airflow.providers.standard.hooks.subprocess.SubprocessHook"}
{"timestamp":"2026-10-06T02:12:30.145228","level":"info","event":"Jakarta: 72 rows before cleaning, 72 rows after cleaning, 0 rows removed.","logger":"airflow.task.hooks.airflow.providers.standard.hooks.subprocess.SubprocessHook"}
{"timestamp":"2026-10-06T02:12:30.145257","level":"info","event":"Jakarta: 120 rows before cleaning, 120 rows after cleaning, 0 rows removed.","logger":"airflow.task.hooks.airflow.providers.standard.hooks.subprocess.SubprocessHook"}
{"timestamp":"2026-10-06T02:12:30.145287","level":"info","event":"Jakarta: 4 rows before cleaning, 4 rows after cleaning, 0 rows removed.","logger":"airflow.task.hooks.airflow.providers.standard.hooks.subprocess.SubprocessHook"}
{"timestamp":"2026-10-06T02:12:30.145314","level":"info","event":"Jakarta: 3 rows before cleaning, 3 rows after cleaning, 0 rows removed.","logger":"airflow.task.hooks.airflow.providers.standard.hooks.subprocess.SubprocessHook"}
{"timestamp":"2026-10-06T02:12:30.145343","level":"info","event":"Jakarta: 4 rows before cleaning, 4 rows after cleaning, 0 rows removed.","logger":"airflow.task.hooks.airflow.providers.standard.hooks.subprocess.SubprocessHook"}
{"timestamp":"2026-10-06T02:12:30.145370","level":"info","event":"Jakarta: 4 rows before cleaning, 4 rows after cleaning, 0 rows removed.","logger":"airflow.task.hooks.airflow.providers.standard.hooks.subprocess.SubprocessHook"}
{"timestamp":"2026-10-06T02:12:30.145393","level":"info","event":"Jakarta: 4 rows before cleaning, 4 rows after cleaning, 0 rows removed.","logger":"airflow.task.hooks.airflow.providers.standard.hooks.subprocess.SubprocessHook"}
{"timestamp":"2026-10-06T02:12:30.145420","level":"info","event":"Jakarta: 4 rows before cleaning, 4 rows after cleaning, 0 rows removed.","logger":"airflow.task.hooks.airflow.providers.standard.hooks.subprocess.SubprocessHook"}
{"timestamp":"2026-10-06T02:12:30.145442","level":"info","event":"Jakarta: 4 rows before cleaning, 4 rows after cleaning, 0 rows removed.","logger":"airflow.task.hooks.airflow.providers.standard.hooks.subprocess.SubprocessHook"}
{"timestamp":"2026-10-06T02:12:30.145467","level":"info","event":"Jakarta: 1 rows before cleaning, 1 rows after cleaning, 0 rows removed.","logger":"airflow.task.hooks.airflow.providers.standard.hooks.subprocess.SubprocessHook"}
{"timestamp":"2026-10-06T02:12:30.145487","level":"info","event":"Jakarta: 0 rows before cleaning, 0 rows after cleaning, 0 rows removed.","logger":"airflow.task.hooks.airflow.providers.standard.hooks.subprocess.SubprocessHook"}
{"timestamp":"2026-10-06T02:12:30.145513","level":"info","event":"Jakarta: 24 rows before cleaning, 24 rows after cleaning, 0 rows removed.","logger":"airflow.task.hooks.airflow.providers.standard.hooks.subprocess.SubprocessHook"}
{"timestamp":"2026-10-06T02:12:30.374392","level":"info","event":"Surabaya: 288 rows before cleaning, 288 rows after cleaning, 0 rows removed.","logger":"airflow.task.hooks.airflow.providers.standard.hooks.subprocess.SubprocessHook"}
{"timestamp":"2026-10-06T02:12:30.374606","level":"info","event":"Surabaya: 72 rows before cleaning, 72 rows after cleaning, 0 rows removed.","logger":"airflow.task.hooks.airflow.providers.standard.hooks.subprocess.SubprocessHook"}
{"timestamp":"2026-10-06T02:12:30.374795","level":"info","event":"Surabaya: 120 rows before cleaning, 120 rows after cleaning, 0 rows removed.","logger":"airflow.task.hooks.airflow.providers.standard.hooks.subprocess.SubprocessHook"}
{"timestamp":"2026-10-06T02:12:30.374856","level":"info","event":"Surabaya: 4 rows before cleaning, 4 rows after cleaning, 0 rows removed.","logger":"airflow.task.hooks.airflow.providers.standard.hooks.subprocess.SubprocessHook"}
{"timestamp":"2026-10-06T02:12:30.374921","level":"info","event":"Surabaya: 3 rows before cleaning, 3 rows after cleaning, 0 rows removed.","logger":"airflow.task.hooks.airflow.providers.standard.hooks.subprocess.SubprocessHook"}
{"timestamp":"2026-10-06T02:12:30.374954","level":"info","event":"Surabaya: 4 rows before cleaning, 4 rows after cleaning, 0 rows removed.","logger":"airflow.task.hooks.airflow.providers.standard.hooks.subprocess.SubprocessHook"}
{"timestamp":"2026-10-06T02:12:30.374983","level":"info","event":"Surabaya: 4 rows before cleaning, 4 rows after cleaning, 0 rows removed.","logger":"airflow.task.hooks.airflow.providers.standard.hooks.subprocess.SubprocessHook"}
{"timestamp":"2026-10-06T02:12:30.375006","level":"info","event":"Surabaya: 4 rows before cleaning, 4 rows after cleaning, 0 rows removed.","logger":"airflow.task.hooks.airflow.providers.standard.hooks.subprocess.SubprocessHook"}
{"timestamp":"2026-10-06T02:12:30.375029","level":"info","event":"Surabaya: 4 rows before cleaning, 4 rows after cleaning, 0 rows removed.","logger":"airflow.task.hooks.airflow.providers.standard.hooks.subprocess.SubprocessHook"}
{"timestamp":"2026-10-06T02:12:30.375052","level":"info","event":"Surabaya: 4 rows before cleaning, 4 rows after cleaning, 0 rows removed.","logger":"airflow.task.hooks.airflow.providers.standard.hooks.subprocess.SubprocessHook"}
{"timestamp":"2026-10-06T02:12:30.375074","level":"info","event":"Surabaya: 1 rows before cleaning, 1 rows after cleaning, 0 rows removed.","logger":"airflow.task.hooks.airflow.providers.standard.hooks.subprocess.SubprocessHook"}
{"timestamp":"2026-10-06T02:12:30.375095","level":"info","event":"Surabaya: 0 rows before cleaning, 0 rows after cleaning, 0 rows removed.","logger":"airflow.task.hooks.airflow.providers.standard.hooks.subprocess.SubprocessHook"}
{"timestamp":"2026-10-06T02:12:30.375117","level":"info","event":"Surabaya: 24 rows before cleaning, 24 rows after cleaning, 0 rows removed.","logger":"airflow.task.hooks.airflow.providers.standard.hooks.subprocess.SubprocessHook"}
{"timestamp":"2026-10-06T02:12:30.375168","level":"info","event":"Bandung: 288 rows before cleaning, 288 rows after cleaning, 0 rows removed.","logger":"airflow.task.hooks.airflow.providers.standard.hooks.subprocess.SubprocessHook"}
{"timestamp":"2026-10-06T02:12:30.375199","level":"info","event":"Bandung: 72 rows before cleaning, 72 rows after cleaning, 0 rows removed.","logger":"airflow.task.hooks.airflow.providers.standard.hooks.subprocess.SubprocessHook"}
{"timestamp":"2026-10-06T02:12:30.375276","level":"info","event":"Bandung: 120 rows before cleaning, 120 rows after cleaning, 0 rows removed.","logger":"airflow.task.hooks.airflow.providers.standard.hooks.subprocess.SubprocessHook"}
{"timestamp":"2026-10-06T02:12:30.375326","level":"info","event":"Bandung: 4 rows before cleaning, 4 rows after cleaning, 0 rows removed.","logger":"airflow.task.hooks.airflow.providers.standard.hooks.subprocess.SubprocessHook"}
{"timestamp":"2026-10-06T02:12:30.375357","level":"info","event":"Bandung: 3 rows before cleaning, 3 rows after cleaning, 0 rows removed.","logger":"airflow.task.hooks.airflow.providers.standard.hooks.subprocess.SubprocessHook"}
{"timestamp":"2026-10-06T02:12:30.375389","level":"info","event":"Bandung: 4 rows before cleaning, 4 rows after cleaning, 0 rows removed.","logger":"airflow.task.hooks.airflow.providers.standard.hooks.subprocess.SubprocessHook"}
{"timestamp":"2026-10-06T02:12:30.375420","level":"info","event":"Bandung: 4 rows before cleaning, 4 rows after cleaning, 0 rows removed.","logger":"airflow.task.hooks.airflow.providers.standard.hooks.subprocess.SubprocessHook"}
{"timestamp":"2026-10-06T02:12:30.375448","level":"info","event":"Bandung: 4 rows before cleaning, 4 rows after cleaning, 0 rows removed.","logger":"airflow.task.hooks.airflow.providers.standard.hooks.subprocess.SubprocessHook"}
{"timestamp":"2026-10-06T02:12:30.375471","level":"info","event":"Bandung: 4 rows before cleaning, 4 rows after cleaning, 0 rows removed.","logger":"airflow.task.hooks.airflow.providers.standard.hooks.subprocess.SubprocessHook"}
{"timestamp":"2026-10-06T02:12:30.375501","level":"info","event":"Bandung: 4 rows before cleaning, 4 rows after cleaning, 0 rows removed.","logger":"airflow.task.hooks.airflow.providers.standard.hooks.subprocess.SubprocessHook"}
{"timestamp":"2026-10-06T02:12:30.375526","level":"info","event":"Bandung: 1 rows before cleaning, 1 rows after cleaning, 0 rows removed.","logger":"airflow.task.hooks.airflow.providers.standard.hooks.subprocess.SubprocessHook"}
{"timestamp":"2026-10-06T02:12:30.375549","level":"info","event":"Bandung: 0 rows before cleaning, 0 rows after cleaning, 0 rows removed.","logger":"airflow.task.hooks.airflow.providers.standard.hooks.subprocess.SubprocessHook"}
{"timestamp":"2026-10-06T02:12:30.375571","level":"info","event":"Bandung: 3 rows before cleaning, 3 rows after cleaning, 0 rows removed.","logger":"airflow.task.hooks.airflow.providers.standard.hooks.subprocess.SubprocessHook"}
{"timestamp":"2026-10-06T02:12:30.375603","level":"info","event":"Bandung: 24 rows before cleaning, 24 rows after cleaning, 0 rows removed.","logger":"airflow.task.hooks.airflow.providers.standard.hooks.subprocess.SubprocessHook"}
{"timestamp":"2026-10-06T02:12:30.375631","level":"info","event":"Jakarta: 288 rows before cleaning, 288 rows after cleaning, 0 rows removed.","logger":"airflow.task.hooks.airflow.providers.standard.hooks.subprocess.SubprocessHook"}
{"timestamp":"2026-10-06T02:12:30.375661","level":"info","event":"Jakarta: 72 rows before cleaning, 72 rows after cleaning, 0 rows removed.","logger":"airflow.task.hooks.airflow.providers.standard.hooks.subprocess.SubprocessHook"}
{"timestamp":"2026-10-06T02:12:30.375687","level":"info","event":"Jakarta: 120 rows before cleaning, 120 rows after cleaning, 0 rows removed.","logger":"airflow.task.hooks.airflow.providers.standard.hooks.subprocess.SubprocessHook"}
{"timestamp":"2026-10-06T02:12:30.375715","level":"info","event":"Jakarta: 4 rows before cleaning, 4 rows after cleaning, 0 rows removed.","logger":"airflow.task.hooks.airflow.providers.standard.hooks.subprocess.SubprocessHook"}
{"timestamp":"2026-10-06T02:12:30.375739","level":"info","event":"Jakarta: 3 rows before cleaning, 3 rows after cleaning, 0 rows removed.","logger":"airflow.task.hooks.airflow.providers.standard.hooks.subprocess.SubprocessHook"}
{"timestamp":"2026-10-06T02:12:30.375762","level":"info","event":"Jakarta: 4 rows before cleaning, 4 rows after cleaning, 0 rows removed.","logger":"airflow.task.hooks.airflow.providers.standard.hooks.subprocess.SubprocessHook"}
{"timestamp":"2026-10-06T02:12:30.375787","level":"info","event":"Jakarta: 4 rows before cleaning, 4 rows after cleaning, 0 rows removed.","logger":"airflow.task.hooks.airflow.providers.standard.hooks.subprocess.SubprocessHook"}
{"timestamp":"2026-10-06T02:12:30.375812","level":"info","event":"Jakarta: 4 rows before cleaning, 4 rows after cleaning, 0 rows removed.","logger":"airflow.task.hooks.airflow.providers.standard.hooks.subprocess.SubprocessHook"}
{"timestamp":"2026-10-06T02:12:30.375835","level":"info","event":"Jakarta: 4 rows before cleaning, 4 rows after cleaning, 0 rows removed.","logger":"airflow.task.hooks.airflow.providers.standard.hooks.subprocess.SubprocessHook"}
{"timestamp":"2026-10-06T02:12:30.375858","level":"info","event":"Jakarta: 4 rows before cleaning, 4 rows after cleaning, 0 rows removed.","logger":"airflow.task.hooks.airflow.providers.standard.hooks.subprocess.SubprocessHook"}
{"timestamp":"2026-10-06T02:12:30.375880","level":"info","event":"Jakarta: 1 rows before cleaning, 1 rows after cleaning, 0 rows removed.","logger":"airflow.task.hooks.airflow.providers.standard.hooks.subprocess.SubprocessHook"}
{"timestamp":"2026-10-06T02:12:30.375903","level":"info","event":"Jakarta: 0 rows before cleaning, 0 rows after cleaning, 0 rows removed.","logger":"airflow.task.hooks.airflow.providers.standard.hooks.subprocess.SubprocessHook"}
{"timestamp":"2026-10-06T02:12:30.376000","level":"info","event":"Jakarta: 3 rows before cleaning, 3 rows after cleaning, 0 rows removed.","logger":"airflow.task.hooks.airflow.providers.standard.hooks.subprocess.SubprocessHook"}
{"timestamp":"2026-10-06T02:12:30.376032","level":"info","event":"Jakarta: 24 rows before cleaning, 24 rows after cleaning, 0 rows removed.","logger":"airflow.task.hooks.airflow.providers.standard.hooks.subprocess.SubprocessHook"}
{"timestamp":"2026-10-06T02:12:30.376059","level":"info","event":"Surabaya: 288 rows before cleaning, 288 rows after cleaning, 0 rows removed.","logger":"airflow.task.hooks.airflow.providers.standard.hooks.subprocess.SubprocessHook"}
{"timestamp":"2026-10-06T02:12:30.376094","level":"info","event":"Surabaya: 72 rows before cleaning, 72 rows after cleaning, 0 rows removed.","logger":"airflow.task.hooks.airflow.providers.standard.hooks.subprocess.SubprocessHook"}
{"timestamp":"2026-10-06T02:12:30.376125","level":"info","event":"Surabaya: 120 rows before cleaning, 120 rows after cleaning, 0 rows removed.","logger":"airflow.task.hooks.airflow.providers.standard.hooks.subprocess.SubprocessHook"}
{"timestamp":"2026-10-06T02:12:30.376157","level":"info","event":"Surabaya: 4 rows before cleaning, 4 rows after cleaning, 0 rows removed.","logger":"airflow.task.hooks.airflow.providers.standard.hooks.subprocess.SubprocessHook"}
{"timestamp":"2026-10-06T02:12:30.376182","level":"info","event":"Surabaya: 3 rows before cleaning, 3 rows after cleaning, 0 rows removed.","logger":"airflow.task.hooks.airflow.providers.standard.hooks.subprocess.SubprocessHook"}
{"timestamp":"2026-10-06T02:12:30.376209","level":"info","event":"Surabaya: 4 rows before cleaning, 4 rows after cleaning, 0 rows removed.","logger":"airflow.task.hooks.airflow.providers.standard.hooks.subprocess.SubprocessHook"}
{"timestamp":"2026-10-06T02:12:30.376236","level":"info","event":"Surabaya: 4 rows before cleaning, 4 rows after cleaning, 0 rows removed.","logger":"airflow.task.hooks.airflow.providers.standard.hooks.subprocess.SubprocessHook"}
{"timestamp":"2026-10-06T02:12:30.376260","level":"info","event":"Surabaya: 4 rows before cleaning, 4 rows after cleaning, 0 rows removed.","logger":"airflow.task.hooks.airflow.providers.standard.hooks.subprocess.SubprocessHook"}
{"timestamp":"2026-10-06T02:12:30.376283","level":"info","event":"Surabaya: 4 rows before cleaning, 4 rows after cleaning, 0 rows removed.","logger":"airflow.task.hooks.airflow.providers.standard.hooks.subprocess.SubprocessHook"}
{"timestamp":"2026-10-06T02:12:30.376308","level":"info","event":"Surabaya: 4 rows before cleaning, 4 rows after cleaning, 0 rows removed.","logger":"airflow.task.hooks.airflow.providers.standard.hooks.subprocess.SubprocessHook"}
{"timestamp":"2026-10-06T02:12:30.376335","level":"info","event":"Surabaya: 1 rows before cleaning, 1 rows after cleaning, 0 rows removed.","logger":"airflow.task.hooks.airflow.providers.standard.hooks.subprocess.SubprocessHook"}
{"timestamp":"2026-10-06T02:12:30.376357","level":"info","event":"Surabaya: 0 rows before cleaning, 0 rows after cleaning, 0 rows removed.","logger":"airflow.task.hooks.airflow.providers.standard.hooks.subprocess.SubprocessHook"}
{"timestamp":"2026-10-06T02:12:30.376379","level":"info","event":"Surabaya: 3 rows before cleaning, 3 rows after cleaning, 0 rows removed.","logger":"airflow.task.hooks.airflow.providers.standard.hooks.subprocess.SubprocessHook"}
{"timestamp":"2026-10-06T02:12:30.376401","level":"info","event":"Surabaya: 24 rows before cleaning, 24 rows after cleaning, 0 rows removed.","logger":"airflow.task.hooks.airflow.providers.standard.hooks.subprocess.SubprocessHook"}
{"timestamp":"2026-10-06T02:12:30.376455","level":"info","event":"Bandung: 288 rows before cleaning, 288 rows after cleaning, 0 rows removed.","logger":"airflow.task.hooks.airflow.providers.standard.hooks.subprocess.SubprocessHook"}
{"timestamp":"2026-10-06T02:12:30.376494","level":"info","event":"Bandung: 72 rows before cleaning, 72 rows after cleaning, 0 rows removed.","logger":"airflow.task.hooks.airflow.providers.standard.hooks.subprocess.SubprocessHook"}
{"timestamp":"2026-10-06T02:12:30.376528","level":"info","event":"Bandung: 120 rows before cleaning, 120 rows after cleaning, 0 rows removed.","logger":"airflow.task.hooks.airflow.providers.standard.hooks.subprocess.SubprocessHook"}
{"timestamp":"2026-10-06T02:12:30.376555","level":"info","event":"Bandung: 4 rows before cleaning, 4 rows after cleaning, 0 rows removed.","logger":"airflow.task.hooks.airflow.providers.standard.hooks.subprocess.SubprocessHook"}
{"timestamp":"2026-10-06T02:12:30.376586","level":"info","event":"Bandung: 3 rows before cleaning, 3 rows after cleaning, 0 rows removed.","logger":"airflow.task.hooks.airflow.providers.standard.hooks.subprocess.SubprocessHook"}
{"timestamp":"2026-10-06T02:12:30.376615","level":"info","event":"Bandung: 4 rows before cleaning, 4 rows after cleaning, 0 rows removed.","logger":"airflow.task.hooks.airflow.providers.standard.hooks.subprocess.SubprocessHook"}
{"timestamp":"2026-10-06T02:12:30.376638","level":"info","event":"Bandung: 4 rows before cleaning, 4 rows after cleaning, 0 rows removed.","logger":"airflow.task.hooks.airflow.providers.standard.hooks.subprocess.SubprocessHook"}
{"timestamp":"2026-10-06T02:12:30.376660","level":"info","event":"Bandung: 4 rows before cleaning, 4 rows after cleaning, 0 rows removed.","logger":"airflow.task.hooks.airflow.providers.standard.hooks.subprocess.SubprocessHook"}
{"timestamp":"2026-10-06T02:12:30.376685","level":"info","event":"Bandung: 4 rows before cleaning, 4 rows after cleaning, 0 rows removed.","logger":"airflow.task.hooks.airflow.providers.standard.hooks.subprocess.SubprocessHook"}
{"timestamp":"2026-10-06T02:12:30.376708","level":"info","event":"Bandung: 4 rows before cleaning, 4 rows after cleaning, 0 rows removed.","logger":"airflow.task.hooks.airflow.providers.standard.hooks.subprocess.SubprocessHook"}
{"timestamp":"2026-10-06T02:12:30.376731","level":"info","event":"Bandung: 1 rows before cleaning, 1 rows after cleaning, 0 rows removed.","logger":"airflow.task.hooks.airflow.providers.standard.hooks.subprocess.SubprocessHook"}
{"timestamp":"2026-10-06T02:12:30.376758","level":"info","event":"Bandung: 0 rows before cleaning, 0 rows after cleaning, 0 rows removed.","logger":"airflow.task.hooks.airflow.providers.standard.hooks.subprocess.SubprocessHook"}
{"timestamp":"2026-10-06T02:12:30.376784","level":"info","event":"Bandung: 3 rows before cleaning, 3 rows after cleaning, 0 rows removed.","logger":"airflow.task.hooks.airflow.providers.standard.hooks.subprocess.SubprocessHook"}
{"timestamp":"2026-10-06T02:12:30.376810","level":"info","event":"Bandung: 4 rows before cleaning, 4 rows after cleaning, 0 rows removed.","logger":"airflow.task.hooks.airflow.providers.standard.hooks.subprocess.SubprocessHook"}
{"timestamp":"2026-10-06T02:12:30.376835","level":"info","event":"Bandung: 24 rows before cleaning, 24 rows after cleaning, 0 rows removed.","logger":"airflow.task.hooks.airflow.providers.standard.hooks.subprocess.SubprocessHook"}
{"timestamp":"2026-10-06T02:12:30.376857","level":"info","event":"Jakarta: 288 rows before cleaning, 288 rows after cleaning, 0 rows removed.","logger":"airflow.task.hooks.airflow.providers.standard.hooks.subprocess.SubprocessHook"}
{"timestamp":"2026-10-06T02:12:30.376879","level":"info","event":"Jakarta: 72 rows before cleaning, 72 rows after cleaning, 0 rows removed.","logger":"airflow.task.hooks.airflow.providers.standard.hooks.subprocess.SubprocessHook"}
{"timestamp":"2026-10-06T02:12:30.376902","level":"info","event":"Jakarta: 120 rows before cleaning, 120 rows after cleaning, 0 rows removed.","logger":"airflow.task.hooks.airflow.providers.standard.hooks.subprocess.SubprocessHook"}
{"timestamp":"2026-10-06T02:12:30.376923","level":"info","event":"Jakarta: 4 rows before cleaning, 4 rows after cleaning, 0 rows removed.","logger":"airflow.task.hooks.airflow.providers.standard.hooks.subprocess.SubprocessHook"}
{"timestamp":"2026-10-06T02:12:30.376944","level":"info","event":"Jakarta: 3 rows before cleaning, 3 rows after cleaning, 0 rows removed.","logger":"airflow.task.hooks.airflow.providers.standard.hooks.subprocess.SubprocessHook"}
{"timestamp":"2026-10-06T02:12:30.376965","level":"info","event":"Jakarta: 4 rows before cleaning, 4 rows after cleaning, 0 rows removed.","logger":"airflow.task.hooks.airflow.providers.standard.hooks.subprocess.SubprocessHook"}
{"timestamp":"2026-10-06T02:12:30.376985","level":"info","event":"Jakarta: 4 rows before cleaning, 4 rows after cleaning, 0 rows removed.","logger":"airflow.task.hooks.airflow.providers.standard.hooks.subprocess.SubprocessHook"}
{"timestamp":"2026-10-06T02:12:30.377005","level":"info","event":"Jakarta: 4 rows before cleaning, 4 rows after cleaning, 0 rows removed.","logger":"airflow.task.hooks.airflow.providers.standard.hooks.subprocess.SubprocessHook"}
{"timestamp":"2026-10-06T02:12:30.377026","level":"info","event":"Jakarta: 4 rows before cleaning, 4 rows after cleaning, 0 rows removed.","logger":"airflow.task.hooks.airflow.providers.standard.hooks.subprocess.SubprocessHook"}
{"timestamp":"2026-10-06T02:12:30.377047","level":"info","event":"Jakarta: 4 rows before cleaning, 4 rows after cleaning, 0 rows removed.","logger":"airflow.task.hooks.airflow.providers.standard.hooks.subprocess.SubprocessHook"}
{"timestamp":"2026-10-06T02:12:30.377097","level":"info","event":"Jakarta: 1 rows before cleaning, 1 rows after cleaning, 0 rows removed.","logger":"airflow.task.hooks.airflow.providers.standard.hooks.subprocess.SubprocessHook"}
{"timestamp":"2026-10-06T02:12:30.377141","level":"info","event":"Jakarta: 0 rows before cleaning, 0 rows after cleaning, 0 rows removed.","logger":"airflow.task.hooks.airflow.providers.standard.hooks.subprocess.SubprocessHook"}
{"timestamp":"2026-10-06T02:12:30.377171","level":"info","event":"Jakarta: 3 rows before cleaning, 3 rows after cleaning, 0 rows removed.","logger":"airflow.task.hooks.airflow.providers.standard.hooks.subprocess.SubprocessHook"}
{"timestamp":"2026-10-06T02:12:30.377195","level":"info","event":"Jakarta: 4 rows before cleaning, 4 rows after cleaning, 0 rows removed.","logger":"airflow.task.hooks.airflow.providers.standard.hooks.subprocess.SubprocessHook"}
{"timestamp":"2026-10-06T02:12:30.377216","level":"info","event":"Jakarta: 24 rows before cleaning, 24 rows after cleaning, 0 rows removed.","logger":"airflow.task.hooks.airflow.providers.standard.hooks.subprocess.SubprocessHook"}
{"timestamp":"2026-10-06T02:12:30.377240","level":"info","event":"Surabaya: 288 rows before cleaning, 288 rows after cleaning, 0 rows removed.","logger":"airflow.task.hooks.airflow.providers.standard.hooks.subprocess.SubprocessHook"}
{"timestamp":"2026-10-06T02:12:30.377262","level":"info","event":"Surabaya: 72 rows before cleaning, 72 rows after cleaning, 0 rows removed.","logger":"airflow.task.hooks.airflow.providers.standard.hooks.subprocess.SubprocessHook"}
{"timestamp":"2026-10-06T02:12:30.377284","level":"info","event":"Surabaya: 120 rows before cleaning, 120 rows after cleaning, 0 rows removed.","logger":"airflow.task.hooks.airflow.providers.standard.hooks.subprocess.SubprocessHook"}
{"timestamp":"2026-10-06T02:12:30.377306","level":"info","event":"Surabaya: 4 rows before cleaning, 4 rows after cleaning, 0 rows removed.","logger":"airflow.task.hooks.airflow.providers.standard.hooks.subprocess.SubprocessHook"}
{"timestamp":"2026-10-06T02:12:30.377328","level":"info","event":"Surabaya: 3 rows before cleaning, 3 rows after cleaning, 0 rows removed.","logger":"airflow.task.hooks.airflow.providers.standard.hooks.subprocess.SubprocessHook"}
{"timestamp":"2026-10-06T02:12:30.377349","level":"info","event":"Surabaya: 4 rows before cleaning, 4 rows after cleaning, 0 rows removed.","logger":"airflow.task.hooks.airflow.providers.standard.hooks.subprocess.SubprocessHook"}
{"timestamp":"2026-10-06T02:12:30.377370","level":"info","event":"Surabaya: 4 rows before cleaning, 4 rows after cleaning, 0 rows removed.","logger":"airflow.task.hooks.airflow.providers.standard.hooks.subprocess.SubprocessHook"}
{"timestamp":"2026-10-06T02:12:30.377390","level":"info","event":"Surabaya: 4 rows before cleaning, 4 rows after cleaning, 0 rows removed.","logger":"airflow.task.hooks.airflow.providers.standard.hooks.subprocess.SubprocessHook"}
{"timestamp":"2026-10-06T02:12:30.377410","level":"info","event":"Surabaya: 4 rows before cleaning, 4 rows after cleaning, 0 rows removed.","logger":"airflow.task.hooks.airflow.providers.standard.hooks.subprocess.SubprocessHook"}
{"timestamp":"2026-10-06T02:12:30.377429","level":"info","event":"Surabaya: 4 rows before cleaning, 4 rows after cleaning, 0 rows removed.","logger":"airflow.task.hooks.airflow.providers.standard.hooks.subprocess.SubprocessHook"}
{"timestamp":"2026-10-06T02:12:30.377448","level":"info","event":"Surabaya: 1 rows before cleaning, 1 rows after cleaning, 0 rows removed.","logger":"airflow.task.hooks.airflow.providers.standard.hooks.subprocess.SubprocessHook"}
{"timestamp":"2026-10-06T02:12:30.377468","level":"info","event":"Surabaya: 0 rows before cleaning, 0 rows after cleaning, 0 rows removed.","logger":"airflow.task.hooks.airflow.providers.standard.hooks.subprocess.SubprocessHook"}
{"timestamp":"2026-10-06T02:12:30.377488","level":"info","event":"Surabaya: 3 rows before cleaning, 3 rows after cleaning, 0 rows removed.","logger":"airflow.task.hooks.airflow.providers.standard.hooks.subprocess.SubprocessHook"}
{"timestamp":"2026-10-06T02:12:30.377509","level":"info","event":"Surabaya: 4 rows before cleaning, 4 rows after cleaning, 0 rows removed.","logger":"airflow.task.hooks.airflow.providers.standard.hooks.subprocess.SubprocessHook"}
{"timestamp":"2026-10-06T02:12:30.377529","level":"info","event":"Surabaya: 24 rows before cleaning, 24 rows after cleaning, 0 rows removed.","logger":"airflow.task.hooks.airflow.providers.standard.hooks.subprocess.SubprocessHook"}
{"timestamp":"2026-10-06T02:12:30.377551","level":"info","event":"Bandung: 288 rows before cleaning, 288 rows after cleaning, 0 rows removed.","logger":"airflow.task.hooks.airflow.providers.standard.hooks.subprocess.SubprocessHook"}
{"timestamp":"2026-10-06T02:12:30.377571","level":"info","event":"Bandung: 72 rows before cleaning, 72 rows after cleaning, 0 rows removed.","logger":"airflow.task.hooks.airflow.providers.standard.hooks.subprocess.SubprocessHook"}
{"timestamp":"2026-10-06T02:12:30.377591","level":"info","event":"Bandung: 120 rows before cleaning, 120 rows after cleaning, 0 rows removed.","logger":"airflow.task.hooks.airflow.providers.standard.hooks.subprocess.SubprocessHook"}
{"timestamp":"2026-10-06T02:12:30.377612","level":"info","event":"Bandung: 4 rows before cleaning, 4 rows after cleaning, 0 rows removed.","logger":"airflow.task.hooks.airflow.providers.standard.hooks.subprocess.SubprocessHook"}
{"timestamp":"2026-10-06T02:12:30.377639","level":"info","event":"Bandung: 3 rows before cleaning, 3 rows after cleaning, 0 rows removed.","logger":"airflow.task.hooks.airflow.providers.standard.hooks.subprocess.SubprocessHook"}
{"timestamp":"2026-10-06T02:12:30.377663","level":"info","event":"Bandung: 4 rows before cleaning, 4 rows after cleaning, 0 rows removed.","logger":"airflow.task.hooks.airflow.providers.standard.hooks.subprocess.SubprocessHook"}
{"timestamp":"2026-10-06T02:12:30.377683","level":"info","event":"Bandung: 4 rows before cleaning, 4 rows after cleaning, 0 rows removed.","logger":"airflow.task.hooks.airflow.providers.standard.hooks.subprocess.SubprocessHook"}
{"timestamp":"2026-10-06T02:12:30.377708","level":"info","event":"Bandung: 4 rows before cleaning, 4 rows after cleaning, 0 rows removed.","logger":"airflow.task.hooks.airflow.providers.standard.hooks.subprocess.SubprocessHook"}
{"timestamp":"2026-10-06T02:12:30.377729","level":"info","event":"Bandung: 4 rows before cleaning, 4 rows after cleaning, 0 rows removed.","logger":"airflow.task.hooks.airflow.providers.standard.hooks.subprocess.SubprocessHook"}
{"timestamp":"2026-10-06T02:12:30.377751","level":"info","event":"Bandung: 4 rows before cleaning, 4 rows after cleaning, 0 rows removed.","logger":"airflow.task.hooks.airflow.providers.standard.hooks.subprocess.SubprocessHook"}
{"timestamp":"2026-10-06T02:12:30.377773","level":"info","event":"Bandung: 1 rows before cleaning, 1 rows after cleaning, 0 rows removed.","logger":"airflow.task.hooks.airflow.providers.standard.hooks.subprocess.SubprocessHook"}
{"timestamp":"2026-10-06T02:12:30.377794","level":"info","event":"Bandung: 0 rows before cleaning, 0 rows after cleaning, 0 rows removed.","logger":"airflow.task.hooks.airflow.providers.standard.hooks.subprocess.SubprocessHook"}
{"timestamp":"2026-10-06T02:12:30.617999","level":"info","event":"Bandung: 3 rows before cleaning, 3 rows after cleaning, 0 rows removed.","logger":"airflow.task.hooks.airflow.providers.standard.hooks.subprocess.SubprocessHook"}
{"timestamp":"2026-10-06T02:12:30.618120","level":"info","event":"Bandung: 4 rows before cleaning, 4 rows after cleaning, 0 rows removed.","logger":"airflow.task.hooks.airflow.providers.standard.hooks.subprocess.SubprocessHook"}
{"timestamp":"2026-10-06T02:12:30.618157","level":"info","event":"Bandung: 1 rows before cleaning, 1 rows after cleaning, 0 rows removed.","logger":"airflow.task.hooks.airflow.providers.standard.hooks.subprocess.SubprocessHook"}
{"timestamp":"2026-10-06T02:12:30.618183","level":"info","event":"Bandung: 24 rows before cleaning, 24 rows after cleaning, 0 rows removed.","logger":"airflow.task.hooks.airflow.providers.standard.hooks.subprocess.SubprocessHook"}
{"timestamp":"2026-10-06T02:12:30.618208","level":"info","event":"Jakarta: 288 rows before cleaning, 288 rows after cleaning, 0 rows removed.","logger":"airflow.task.hooks.airflow.providers.standard.hooks.subprocess.SubprocessHook"}
{"timestamp":"2026-10-06T02:12:30.618233","level":"info","event":"Jakarta: 72 rows before cleaning, 72 rows after cleaning, 0 rows removed.","logger":"airflow.task.hooks.airflow.providers.standard.hooks.subprocess.SubprocessHook"}
{"timestamp":"2026-10-06T02:12:30.618256","level":"info","event":"Jakarta: 120 rows before cleaning, 120 rows after cleaning, 0 rows removed.","logger":"airflow.task.hooks.airflow.providers.standard.hooks.subprocess.SubprocessHook"}
{"timestamp":"2026-10-06T02:12:30.618279","level":"info","event":"Jakarta: 4 rows before cleaning, 4 rows after cleaning, 0 rows removed.","logger":"airflow.task.hooks.airflow.providers.standard.hooks.subprocess.SubprocessHook"}
{"timestamp":"2026-10-06T02:12:30.618301","level":"info","event":"Jakarta: 3 rows before cleaning, 3 rows after cleaning, 0 rows removed.","logger":"airflow.task.hooks.airflow.providers.standard.hooks.subprocess.SubprocessHook"}
{"timestamp":"2026-10-06T02:12:30.618321","level":"info","event":"Jakarta: 4 rows before cleaning, 4 rows after cleaning, 0 rows removed.","logger":"airflow.task.hooks.airflow.providers.standard.hooks.subprocess.SubprocessHook"}
{"timestamp":"2026-10-06T02:12:30.618372","level":"info","event":"Jakarta: 4 rows before cleaning, 4 rows after cleaning, 0 rows removed.","logger":"airflow.task.hooks.airflow.providers.standard.hooks.subprocess.SubprocessHook"}
{"timestamp":"2026-10-06T02:12:30.618402","level":"info","event":"Jakarta: 4 rows before cleaning, 4 rows after cleaning, 0 rows removed.","logger":"airflow.task.hooks.airflow.providers.standard.hooks.subprocess.SubprocessHook"}
{"timestamp":"2026-10-06T02:12:30.618428","level":"info","event":"Jakarta: 4 rows before cleaning, 4 rows after cleaning, 0 rows removed.","logger":"airflow.task.hooks.airflow.providers.standard.hooks.subprocess.SubprocessHook"}
{"timestamp":"2026-10-06T02:12:30.618454","level":"info","event":"Jakarta: 4 rows before cleaning, 4 rows after cleaning, 0 rows removed.","logger":"airflow.task.hooks.airflow.providers.standard.hooks.subprocess.SubprocessHook"}
{"timestamp":"2026-10-06T02:12:30.618478","level":"info","event":"Jakarta: 1 rows before cleaning, 1 rows after cleaning, 0 rows removed.","logger":"airflow.task.hooks.airflow.providers.standard.hooks.subprocess.SubprocessHook"}
{"timestamp":"2026-10-06T02:12:30.618501","level":"info","event":"Jakarta: 0 rows before cleaning, 0 rows after cleaning, 0 rows removed.","logger":"airflow.task.hooks.airflow.providers.standard.hooks.subprocess.SubprocessHook"}
{"timestamp":"2026-10-06T02:12:30.618522","level":"info","event":"Jakarta: 3 rows before cleaning, 3 rows after cleaning, 0 rows removed.","logger":"airflow.task.hooks.airflow.providers.standard.hooks.subprocess.SubprocessHook"}
{"timestamp":"2026-10-06T02:12:30.618543","level":"info","event":"Jakarta: 4 rows before cleaning, 4 rows after cleaning, 0 rows removed.","logger":"airflow.task.hooks.airflow.providers.standard.hooks.subprocess.SubprocessHook"}
{"timestamp":"2026-10-06T02:12:30.618564","level":"info","event":"Jakarta: 1 rows before cleaning, 1 rows after cleaning, 0 rows removed.","logger":"airflow.task.hooks.airflow.providers.standard.hooks.subprocess.SubprocessHook"}
{"timestamp":"2026-10-06T02:12:30.618584","level":"info","event":"Jakarta: 24 rows before cleaning, 24 rows after cleaning, 0 rows removed.","logger":"airflow.task.hooks.airflow.providers.standard.hooks.subprocess.SubprocessHook"}
{"timestamp":"2026-10-06T02:12:30.618604","level":"info","event":"Surabaya: 288 rows before cleaning, 288 rows after cleaning, 0 rows removed.","logger":"airflow.task.hooks.airflow.providers.standard.hooks.subprocess.SubprocessHook"}
{"timestamp":"2026-10-06T02:12:30.618624","level":"info","event":"Surabaya: 72 rows before cleaning, 72 rows after cleaning, 0 rows removed.","logger":"airflow.task.hooks.airflow.providers.standard.hooks.subprocess.SubprocessHook"}
{"timestamp":"2026-10-06T02:12:30.618645","level":"info","event":"Surabaya: 120 rows before cleaning, 120 rows after cleaning, 0 rows removed.","logger":"airflow.task.hooks.airflow.providers.standard.hooks.subprocess.SubprocessHook"}
{"timestamp":"2026-10-06T02:12:30.618664","level":"info","event":"Surabaya: 4 rows before cleaning, 4 rows after cleaning, 0 rows removed.","logger":"airflow.task.hooks.airflow.providers.standard.hooks.subprocess.SubprocessHook"}
{"timestamp":"2026-10-06T02:12:30.618684","level":"info","event":"Surabaya: 3 rows before cleaning, 3 rows after cleaning, 0 rows removed.","logger":"airflow.task.hooks.airflow.providers.standard.hooks.subprocess.SubprocessHook"}
{"timestamp":"2026-10-06T02:12:30.618704","level":"info","event":"Surabaya: 4 rows before cleaning, 4 rows after cleaning, 0 rows removed.","logger":"airflow.task.hooks.airflow.providers.standard.hooks.subprocess.SubprocessHook"}
{"timestamp":"2026-10-06T02:12:30.618725","level":"info","event":"Surabaya: 4 rows before cleaning, 4 rows after cleaning, 0 rows removed.","logger":"airflow.task.hooks.airflow.providers.standard.hooks.subprocess.SubprocessHook"}
{"timestamp":"2026-10-06T02:12:30.618746","level":"info","event":"Surabaya: 4 rows before cleaning, 4 rows after cleaning, 0 rows removed.","logger":"airflow.task.hooks.airflow.providers.standard.hooks.subprocess.SubprocessHook"}
{"timestamp":"2026-10-06T02:12:30.618766","level":"info","event":"Surabaya: 4 rows before cleaning, 4 rows after cleaning, 0 rows removed.","logger":"airflow.task.hooks.airflow.providers.standard.hooks.subprocess.SubprocessHook"}
{"timestamp":"2026-10-06T02:12:30.618786","level":"info","event":"Surabaya: 4 rows before cleaning, 4 rows after cleaning, 0 rows removed.","logger":"airflow.task.hooks.airflow.providers.standard.hooks.subprocess.SubprocessHook"}
{"timestamp":"2026-10-06T02:12:30.618805","level":"info","event":"Surabaya: 1 rows before cleaning, 1 rows after cleaning, 0 rows removed.","logger":"airflow.task.hooks.airflow.providers.standard.hooks.subprocess.SubprocessHook"}
{"timestamp":"2026-10-06T02:12:30.618824","level":"info","event":"Surabaya: 0 rows before cleaning, 0 rows after cleaning, 0 rows removed.","logger":"airflow.task.hooks.airflow.providers.standard.hooks.subprocess.SubprocessHook"}
{"timestamp":"2026-10-06T02:12:30.618844","level":"info","event":"Surabaya: 3 rows before cleaning, 3 rows after cleaning, 0 rows removed.","logger":"airflow.task.hooks.airflow.providers.standard.hooks.subprocess.SubprocessHook"}
{"timestamp":"2026-10-06T02:12:30.618864","level":"info","event":"Surabaya: 4 rows before cleaning, 4 rows after cleaning, 0 rows removed.","logger":"airflow.task.hooks.airflow.providers.standard.hooks.subprocess.SubprocessHook"}
{"timestamp":"2026-10-06T02:12:30.618883","level":"info","event":"Surabaya: 1 rows before cleaning, 1 rows after cleaning, 0 rows removed.","logger":"airflow.task.hooks.airflow.providers.standard.hooks.subprocess.SubprocessHook"}
{"timestamp":"2026-10-06T02:12:30.618902","level":"info","event":"Surabaya: 24 rows before cleaning, 24 rows after cleaning, 0 rows removed.","logger":"airflow.task.hooks.airflow.providers.standard.hooks.subprocess.SubprocessHook"}
{"timestamp":"2026-10-06T02:12:30.618923","level":"info","event":"Bandung: 288 rows before cleaning, 288 rows after cleaning, 0 rows removed.","logger":"airflow.task.hooks.airflow.providers.standard.hooks.subprocess.SubprocessHook"}
{"timestamp":"2026-10-06T02:12:30.618943","level":"info","event":"Bandung: 72 rows before cleaning, 72 rows after cleaning, 0 rows removed.","logger":"airflow.task.hooks.airflow.providers.standard.hooks.subprocess.SubprocessHook"}
{"timestamp":"2026-10-06T02:12:30.618962","level":"info","event":"Bandung: 120 rows before cleaning, 120 rows after cleaning, 0 rows removed.","logger":"airflow.task.hooks.airflow.providers.standard.hooks.subprocess.SubprocessHook"}
{"timestamp":"2026-10-06T02:12:30.618982","level":"info","event":"Bandung: 4 rows before cleaning, 4 rows after cleaning, 0 rows removed.","logger":"airflow.task.hooks.airflow.providers.standard.hooks.subprocess.SubprocessHook"}
{"timestamp":"2026-10-06T02:12:30.619002","level":"info","event":"Bandung: 3 rows before cleaning, 3 rows after cleaning, 0 rows removed.","logger":"airflow.task.hooks.airflow.providers.standard.hooks.subprocess.SubprocessHook"}
{"timestamp":"2026-10-06T02:12:30.619030","level":"info","event":"Bandung: 4 rows before cleaning, 4 rows after cleaning, 0 rows removed.","logger":"airflow.task.hooks.airflow.providers.standard.hooks.subprocess.SubprocessHook"}
{"timestamp":"2026-10-06T02:12:30.619056","level":"info","event":"Bandung: 4 rows before cleaning, 4 rows after cleaning, 0 rows removed.","logger":"airflow.task.hooks.airflow.providers.standard.hooks.subprocess.SubprocessHook"}
{"timestamp":"2026-10-06T02:12:30.619079","level":"info","event":"Bandung: 4 rows before cleaning, 4 rows after cleaning, 0 rows removed.","logger":"airflow.task.hooks.airflow.providers.standard.hooks.subprocess.SubprocessHook"}
{"timestamp":"2026-10-06T02:12:30.619102","level":"info","event":"Bandung: 4 rows before cleaning, 4 rows after cleaning, 0 rows removed.","logger":"airflow.task.hooks.airflow.providers.standard.hooks.subprocess.SubprocessHook"}
{"timestamp":"2026-10-06T02:12:30.619124","level":"info","event":"Bandung: 4 rows before cleaning, 4 rows after cleaning, 0 rows removed.","logger":"airflow.task.hooks.airflow.providers.standard.hooks.subprocess.SubprocessHook"}
{"timestamp":"2026-10-06T02:12:30.619202","level":"info","event":"Bandung: 1 rows before cleaning, 1 rows after cleaning, 0 rows removed.","logger":"airflow.task.hooks.airflow.providers.standard.hooks.subprocess.SubprocessHook"}
{"timestamp":"2026-10-06T02:12:30.619243","level":"info","event":"Bandung: 0 rows before cleaning, 0 rows after cleaning, 0 rows removed.","logger":"airflow.task.hooks.airflow.providers.standard.hooks.subprocess.SubprocessHook"}
{"timestamp":"2026-10-06T02:12:30.619271","level":"info","event":"Bandung: 3 rows before cleaning, 3 rows after cleaning, 0 rows removed.","logger":"airflow.task.hooks.airflow.providers.standard.hooks.subprocess.SubprocessHook"}
{"timestamp":"2026-10-06T02:12:30.619296","level":"info","event":"Bandung: 3 rows before cleaning, 3 rows after cleaning, 0 rows removed.","logger":"airflow.task.hooks.airflow.providers.standard.hooks.subprocess.SubprocessHook"}
{"timestamp":"2026-10-06T02:12:30.619320","level":"info","event":"Bandung: 4 rows before cleaning, 4 rows after cleaning, 0 rows removed.","logger":"airflow.task.hooks.airflow.providers.standard.hooks.subprocess.SubprocessHook"}
{"timestamp":"2026-10-06T02:12:30.619342","level":"info","event":"Bandung: 1 rows before cleaning, 1 rows after cleaning, 0 rows removed.","logger":"airflow.task.hooks.airflow.providers.standard.hooks.subprocess.SubprocessHook"}
{"timestamp":"2026-10-06T02:12:30.619364","level":"info","event":"Bandung: 24 rows before cleaning, 24 rows after cleaning, 0 rows removed.","logger":"airflow.task.hooks.airflow.providers.standard.hooks.subprocess.SubprocessHook"}
{"timestamp":"2026-10-06T02:12:30.619386","level":"info","event":"Jakarta: 288 rows before cleaning, 288 rows after cleaning, 0 rows removed.","logger":"airflow.task.hooks.airflow.providers.standard.hooks.subprocess.SubprocessHook"}
{"timestamp":"2026-10-06T02:12:30.619408","level":"info","event":"Jakarta: 72 rows before cleaning, 72 rows after cleaning, 0 rows removed.","logger":"airflow.task.hooks.airflow.providers.standard.hooks.subprocess.SubprocessHook"}
{"timestamp":"2026-10-06T02:12:30.619430","level":"info","event":"Jakarta: 120 rows before cleaning, 120 rows after cleaning, 0 rows removed.","logger":"airflow.task.hooks.airflow.providers.standard.hooks.subprocess.SubprocessHook"}
{"timestamp":"2026-10-06T02:12:30.619457","level":"info","event":"Jakarta: 4 rows before cleaning, 4 rows after cleaning, 0 rows removed.","logger":"airflow.task.hooks.airflow.providers.standard.hooks.subprocess.SubprocessHook"}
{"timestamp":"2026-10-06T02:12:30.619480","level":"info","event":"Jakarta: 3 rows before cleaning, 3 rows after cleaning, 0 rows removed.","logger":"airflow.task.hooks.airflow.providers.standard.hooks.subprocess.SubprocessHook"}
{"timestamp":"2026-10-06T02:12:30.619500","level":"info","event":"Jakarta: 4 rows before cleaning, 4 rows after cleaning, 0 rows removed.","logger":"airflow.task.hooks.airflow.providers.standard.hooks.subprocess.SubprocessHook"}
{"timestamp":"2026-10-06T02:12:30.619522","level":"info","event":"Jakarta: 4 rows before cleaning, 4 rows after cleaning, 0 rows removed.","logger":"airflow.task.hooks.airflow.providers.standard.hooks.subprocess.SubprocessHook"}
{"timestamp":"2026-10-06T02:12:30.619542","level":"info","event":"Jakarta: 4 rows before cleaning, 4 rows after cleaning, 0 rows removed.","logger":"airflow.task.hooks.airflow.providers.standard.hooks.subprocess.SubprocessHook"}
{"timestamp":"2026-10-06T02:12:30.619562","level":"info","event":"Jakarta: 4 rows before cleaning, 4 rows after cleaning, 0 rows removed.","logger":"airflow.task.hooks.airflow.providers.standard.hooks.subprocess.SubprocessHook"}
{"timestamp":"2026-10-06T02:12:30.619606","level":"info","event":"Jakarta: 4 rows before cleaning, 4 rows after cleaning, 0 rows removed.","logger":"airflow.task.hooks.airflow.providers.standard.hooks.subprocess.SubprocessHook"}
{"timestamp":"2026-10-06T02:12:30.619636","level":"info","event":"Jakarta: 1 rows before cleaning, 1 rows after cleaning, 0 rows removed.","logger":"airflow.task.hooks.airflow.providers.standard.hooks.subprocess.SubprocessHook"}
{"timestamp":"2026-10-06T02:12:30.619661","level":"info","event":"Jakarta: 0 rows before cleaning, 0 rows after cleaning, 0 rows removed.","logger":"airflow.task.hooks.airflow.providers.standard.hooks.subprocess.SubprocessHook"}
{"timestamp":"2026-10-06T02:12:30.619684","level":"info","event":"Jakarta: 3 rows before cleaning, 3 rows after cleaning, 0 rows removed.","logger":"airflow.task.hooks.airflow.providers.standard.hooks.subprocess.SubprocessHook"}
{"timestamp":"2026-10-06T02:12:30.619707","level":"info","event":"Jakarta: 3 rows before cleaning, 3 rows after cleaning, 0 rows removed.","logger":"airflow.task.hooks.airflow.providers.standard.hooks.subprocess.SubprocessHook"}
{"timestamp":"2026-10-06T02:12:30.619729","level":"info","event":"Jakarta: 4 rows before cleaning, 4 rows after cleaning, 0 rows removed.","logger":"airflow.task.hooks.airflow.providers.standard.hooks.subprocess.SubprocessHook"}
{"timestamp":"2026-10-06T02:12:30.619752","level":"info","event":"Jakarta: 1 rows before cleaning, 1 rows after cleaning, 0 rows removed.","logger":"airflow.task.hooks.airflow.providers.standard.hooks.subprocess.SubprocessHook"}
{"timestamp":"2026-10-06T02:12:30.619774","level":"info","event":"Jakarta: 24 rows before cleaning, 24 rows after cleaning, 0 rows removed.","logger":"airflow.task.hooks.airflow.providers.standard.hooks.subprocess.SubprocessHook"}
{"timestamp":"2026-10-06T02:12:30.619797","level":"info","event":"Surabaya: 288 rows before cleaning, 288 rows after cleaning, 0 rows removed.","logger":"airflow.task.hooks.airflow.providers.standard.hooks.subprocess.SubprocessHook"}
{"timestamp":"2026-10-06T02:12:30.619818","level":"info","event":"Surabaya: 72 rows before cleaning, 72 rows after cleaning, 0 rows removed.","logger":"airflow.task.hooks.airflow.providers.standard.hooks.subprocess.SubprocessHook"}
{"timestamp":"2026-10-06T02:12:30.619839","level":"info","event":"Surabaya: 120 rows before cleaning, 120 rows after cleaning, 0 rows removed.","logger":"airflow.task.hooks.airflow.providers.standard.hooks.subprocess.SubprocessHook"}
{"timestamp":"2026-10-06T02:12:30.619860","level":"info","event":"Surabaya: 4 rows before cleaning, 4 rows after cleaning, 0 rows removed.","logger":"airflow.task.hooks.airflow.providers.standard.hooks.subprocess.SubprocessHook"}
{"timestamp":"2026-10-06T02:12:30.619889","level":"info","event":"Surabaya: 3 rows before cleaning, 3 rows after cleaning, 0 rows removed.","logger":"airflow.task.hooks.airflow.providers.standard.hooks.subprocess.SubprocessHook"}
{"timestamp":"2026-10-06T02:12:30.619916","level":"info","event":"Surabaya: 4 rows before cleaning, 4 rows after cleaning, 0 rows removed.","logger":"airflow.task.hooks.airflow.providers.standard.hooks.subprocess.SubprocessHook"}
{"timestamp":"2026-10-06T02:12:30.619939","level":"info","event":"Surabaya: 4 rows before cleaning, 4 rows after cleaning, 0 rows removed.","logger":"airflow.task.hooks.airflow.providers.standard.hooks.subprocess.SubprocessHook"}
{"timestamp":"2026-10-06T02:12:30.619961","level":"info","event":"Surabaya: 4 rows before cleaning, 4 rows after cleaning, 0 rows removed.","logger":"airflow.task.hooks.airflow.providers.standard.hooks.subprocess.SubprocessHook"}
{"timestamp":"2026-10-06T02:12:30.619992","level":"info","event":"Surabaya: 4 rows before cleaning, 4 rows after cleaning, 0 rows removed.","logger":"airflow.task.hooks.airflow.providers.standard.hooks.subprocess.SubprocessHook"}
{"timestamp":"2026-10-06T02:12:30.620016","level":"info","event":"Surabaya: 4 rows before cleaning, 4 rows after cleaning, 0 rows removed.","logger":"airflow.task.hooks.airflow.providers.standard.hooks.subprocess.SubprocessHook"}
{"timestamp":"2026-10-06T02:12:30.620041","level":"info","event":"Surabaya: 1 rows before cleaning, 1 rows after cleaning, 0 rows removed.","logger":"airflow.task.hooks.airflow.providers.standard.hooks.subprocess.SubprocessHook"}
{"timestamp":"2026-10-06T02:12:30.620066","level":"info","event":"Surabaya: 0 rows before cleaning, 0 rows after cleaning, 0 rows removed.","logger":"airflow.task.hooks.airflow.providers.standard.hooks.subprocess.SubprocessHook"}
{"timestamp":"2026-10-06T02:12:30.620092","level":"info","event":"Surabaya: 3 rows before cleaning, 3 rows after cleaning, 0 rows removed.","logger":"airflow.task.hooks.airflow.providers.standard.hooks.subprocess.SubprocessHook"}
{"timestamp":"2026-10-06T02:12:30.620117","level":"info","event":"Surabaya: 3 rows before cleaning, 3 rows after cleaning, 0 rows removed.","logger":"airflow.task.hooks.airflow.providers.standard.hooks.subprocess.SubprocessHook"}
{"timestamp":"2026-10-06T02:12:30.620143","level":"info","event":"Surabaya: 4 rows before cleaning, 4 rows after cleaning, 0 rows removed.","logger":"airflow.task.hooks.airflow.providers.standard.hooks.subprocess.SubprocessHook"}
{"timestamp":"2026-10-06T02:12:30.620167","level":"info","event":"Surabaya: 1 rows before cleaning, 1 rows after cleaning, 0 rows removed.","logger":"airflow.task.hooks.airflow.providers.standard.hooks.subprocess.SubprocessHook"}
{"timestamp":"2026-10-06T02:12:30.620192","level":"info","event":"Surabaya: 24 rows before cleaning, 24 rows after cleaning, 0 rows removed.","logger":"airflow.task.hooks.airflow.providers.standard.hooks.subprocess.SubprocessHook"}
{"timestamp":"2026-10-06T02:12:30.620216","level":"info","event":"Bandung: 288 rows before cleaning, 288 rows after cleaning, 0 rows removed.","logger":"airflow.task.hooks.airflow.providers.standard.hooks.subprocess.SubprocessHook"}
{"timestamp":"2026-10-06T02:12:30.620241","level":"info","event":"Bandung: 72 rows before cleaning, 72 rows after cleaning, 0 rows removed.","logger":"airflow.task.hooks.airflow.providers.standard.hooks.subprocess.SubprocessHook"}
{"timestamp":"2026-10-06T02:12:30.620266","level":"info","event":"Bandung: 120 rows before cleaning, 120 rows after cleaning, 0 rows removed.","logger":"airflow.task.hooks.airflow.providers.standard.hooks.subprocess.SubprocessHook"}
{"timestamp":"2026-10-06T02:12:30.620289","level":"info","event":"Bandung: 4 rows before cleaning, 4 rows after cleaning, 0 rows removed.","logger":"airflow.task.hooks.airflow.providers.standard.hooks.subprocess.SubprocessHook"}
{"timestamp":"2026-10-06T02:12:30.620310","level":"info","event":"Bandung: 3 rows before cleaning, 3 rows after cleaning, 0 rows removed.","logger":"airflow.task.hooks.airflow.providers.standard.hooks.subprocess.SubprocessHook"}
{"timestamp":"2026-10-06T02:12:30.620331","level":"info","event":"Bandung: 4 rows before cleaning, 4 rows after cleaning, 0 rows removed.","logger":"airflow.task.hooks.airflow.providers.standard.hooks.subprocess.SubprocessHook"}
{"timestamp":"2026-10-06T02:12:30.620352","level":"info","event":"Bandung: 4 rows before cleaning, 4 rows after cleaning, 0 rows removed.","logger":"airflow.task.hooks.airflow.providers.standard.hooks.subprocess.SubprocessHook"}
{"timestamp":"2026-10-06T02:12:30.620402","level":"info","event":"Bandung: 4 rows before cleaning, 4 rows after cleaning, 0 rows removed.","logger":"airflow.task.hooks.airflow.providers.standard.hooks.subprocess.SubprocessHook"}
{"timestamp":"2026-10-06T02:12:30.620436","level":"info","event":"Bandung: 4 rows before cleaning, 4 rows after cleaning, 0 rows removed.","logger":"airflow.task.hooks.airflow.providers.standard.hooks.subprocess.SubprocessHook"}
{"timestamp":"2026-10-06T02:12:30.620462","level":"info","event":"Bandung: 4 rows before cleaning, 4 rows after cleaning, 0 rows removed.","logger":"airflow.task.hooks.airflow.providers.standard.hooks.subprocess.SubprocessHook"}
{"timestamp":"2026-10-06T02:12:30.620490","level":"info","event":"Bandung: 1 rows before cleaning, 1 rows after cleaning, 0 rows removed.","logger":"airflow.task.hooks.airflow.providers.standard.hooks.subprocess.SubprocessHook"}
{"timestamp":"2026-10-06T02:12:30.620512","level":"info","event":"Bandung: 0 rows before cleaning, 0 rows after cleaning, 0 rows removed.","logger":"airflow.task.hooks.airflow.providers.standard.hooks.subprocess.SubprocessHook"}
{"timestamp":"2026-10-06T02:12:30.620534","level":"info","event":"Bandung: 3 rows before cleaning, 3 rows after cleaning, 0 rows removed.","logger":"airflow.task.hooks.airflow.providers.standard.hooks.subprocess.SubprocessHook"}
{"timestamp":"2026-10-06T02:12:30.620556","level":"info","event":"Bandung: 3 rows before cleaning, 3 rows after cleaning, 0 rows removed.","logger":"airflow.task.hooks.airflow.providers.standard.hooks.subprocess.SubprocessHook"}
{"timestamp":"2026-10-06T02:12:30.620577","level":"info","event":"Bandung: 4 rows before cleaning, 4 rows after cleaning, 0 rows removed.","logger":"airflow.task.hooks.airflow.providers.standard.hooks.subprocess.SubprocessHook"}
{"timestamp":"2026-10-06T02:12:30.620600","level":"info","event":"Bandung: 1 rows before cleaning, 1 rows after cleaning, 0 rows removed.","logger":"airflow.task.hooks.airflow.providers.standard.hooks.subprocess.SubprocessHook"}
{"timestamp":"2026-10-06T02:12:30.620620","level":"info","event":"Bandung: 24 rows before cleaning, 24 rows after cleaning, 0 rows removed.","logger":"airflow.task.hooks.airflow.providers.standard.hooks.subprocess.SubprocessHook"}
{"timestamp":"2026-10-06T02:12:30.620641","level":"info","event":"Bandung: 3 rows before cleaning, 3 rows after cleaning, 0 rows removed.","logger":"airflow.task.hooks.airflow.providers.standard.hooks.subprocess.SubprocessHook"}
{"timestamp":"2026-10-06T02:12:30.620662","level":"info","event":"Jakarta: 288 rows before cleaning, 288 rows after cleaning, 0 rows removed.","logger":"airflow.task.hooks.airflow.providers.standard.hooks.subprocess.SubprocessHook"}
{"timestamp":"2026-10-06T02:12:30.620683","level":"info","event":"Jakarta: 72 rows before cleaning, 72 rows after cleaning, 0 rows removed.","logger":"airflow.task.hooks.airflow.providers.standard.hooks.subprocess.SubprocessHook"}
{"timestamp":"2026-10-06T02:12:30.620706","level":"info","event":"Jakarta: 120 rows before cleaning, 120 rows after cleaning, 0 rows removed.","logger":"airflow.task.hooks.airflow.providers.standard.hooks.subprocess.SubprocessHook"}
{"timestamp":"2026-10-06T02:12:30.620729","level":"info","event":"Jakarta: 4 rows before cleaning, 4 rows after cleaning, 0 rows removed.","logger":"airflow.task.hooks.airflow.providers.standard.hooks.subprocess.SubprocessHook"}
{"timestamp":"2026-10-06T02:12:30.620751","level":"info","event":"Jakarta: 3 rows before cleaning, 3 rows after cleaning, 0 rows removed.","logger":"airflow.task.hooks.airflow.providers.standard.hooks.subprocess.SubprocessHook"}
{"timestamp":"2026-10-06T02:12:30.620779","level":"info","event":"Jakarta: 4 rows before cleaning, 4 rows after cleaning, 0 rows removed.","logger":"airflow.task.hooks.airflow.providers.standard.hooks.subprocess.SubprocessHook"}
{"timestamp":"2026-10-06T02:12:30.620800","level":"info","event":"Jakarta: 4 rows before cleaning, 4 rows after cleaning, 0 rows removed.","logger":"airflow.task.hooks.airflow.providers.standard.hooks.subprocess.SubprocessHook"}
{"timestamp":"2026-10-06T02:12:30.620823","level":"info","event":"Jakarta: 4 rows before cleaning, 4 rows after cleaning, 0 rows removed.","logger":"airflow.task.hooks.airflow.providers.standard.hooks.subprocess.SubprocessHook"}
{"timestamp":"2026-10-06T02:12:30.885318","level":"info","event":"Jakarta: 4 rows before cleaning, 4 rows after cleaning, 0 rows removed.","logger":"airflow.task.hooks.airflow.providers.standard.hooks.subprocess.SubprocessHook"}
{"timestamp":"2026-10-06T02:12:30.885470","level":"info","event":"Jakarta: 4 rows before cleaning, 4 rows after cleaning, 0 rows removed.","logger":"airflow.task.hooks.airflow.providers.standard.hooks.subprocess.SubprocessHook"}
{"timestamp":"2026-10-06T02:12:30.885526","level":"info","event":"Jakarta: 1 rows before cleaning, 1 rows after cleaning, 0 rows removed.","logger":"airflow.task.hooks.airflow.providers.standard.hooks.subprocess.SubprocessHook"}
{"timestamp":"2026-10-06T02:12:30.885563","level":"info","event":"Jakarta: 0 rows before cleaning, 0 rows after cleaning, 0 rows removed.","logger":"airflow.task.hooks.airflow.providers.standard.hooks.subprocess.SubprocessHook"}
{"timestamp":"2026-10-06T02:12:30.885592","level":"info","event":"Jakarta: 3 rows before cleaning, 3 rows after cleaning, 0 rows removed.","logger":"airflow.task.hooks.airflow.providers.standard.hooks.subprocess.SubprocessHook"}
{"timestamp":"2026-10-06T02:12:30.885617","level":"info","event":"Jakarta: 3 rows before cleaning, 3 rows after cleaning, 0 rows removed.","logger":"airflow.task.hooks.airflow.providers.standard.hooks.subprocess.SubprocessHook"}
{"timestamp":"2026-10-06T02:12:30.885642","level":"info","event":"Jakarta: 4 rows before cleaning, 4 rows after cleaning, 0 rows removed.","logger":"airflow.task.hooks.airflow.providers.standard.hooks.subprocess.SubprocessHook"}
{"timestamp":"2026-10-06T02:12:30.885665","level":"info","event":"Jakarta: 1 rows before cleaning, 1 rows after cleaning, 0 rows removed.","logger":"airflow.task.hooks.airflow.providers.standard.hooks.subprocess.SubprocessHook"}
{"timestamp":"2026-10-06T02:12:30.885688","level":"info","event":"Jakarta: 24 rows before cleaning, 24 rows after cleaning, 0 rows removed.","logger":"airflow.task.hooks.airflow.providers.standard.hooks.subprocess.SubprocessHook"}
{"timestamp":"2026-10-06T02:12:30.885713","level":"info","event":"Jakarta: 3 rows before cleaning, 3 rows after cleaning, 0 rows removed.","logger":"airflow.task.hooks.airflow.providers.standard.hooks.subprocess.SubprocessHook"}
{"timestamp":"2026-10-06T02:12:30.885777","level":"info","event":"Surabaya: 288 rows before cleaning, 288 rows after cleaning, 0 rows removed.","logger":"airflow.task.hooks.airflow.providers.standard.hooks.subprocess.SubprocessHook"}
{"timestamp":"2026-10-06T02:12:30.885810","level":"info","event":"Surabaya: 72 rows before cleaning, 72 rows after cleaning, 0 rows removed.","logger":"airflow.task.hooks.airflow.providers.standard.hooks.subprocess.SubprocessHook"}
{"timestamp":"2026-10-06T02:12:30.885836","level":"info","event":"Surabaya: 120 rows before cleaning, 120 rows after cleaning, 0 rows removed.","logger":"airflow.task.hooks.airflow.providers.standard.hooks.subprocess.SubprocessHook"}
{"timestamp":"2026-10-06T02:12:30.885868","level":"info","event":"Surabaya: 4 rows before cleaning, 4 rows after cleaning, 0 rows removed.","logger":"airflow.task.hooks.airflow.providers.standard.hooks.subprocess.SubprocessHook"}
{"timestamp":"2026-10-06T02:12:30.885892","level":"info","event":"Surabaya: 3 rows before cleaning, 3 rows after cleaning, 0 rows removed.","logger":"airflow.task.hooks.airflow.providers.standard.hooks.subprocess.SubprocessHook"}
{"timestamp":"2026-10-06T02:12:30.885918","level":"info","event":"Surabaya: 4 rows before cleaning, 4 rows after cleaning, 0 rows removed.","logger":"airflow.task.hooks.airflow.providers.standard.hooks.subprocess.SubprocessHook"}
{"timestamp":"2026-10-06T02:12:30.885949","level":"info","event":"Surabaya: 4 rows before cleaning, 4 rows after cleaning, 0 rows removed.","logger":"airflow.task.hooks.airflow.providers.standard.hooks.subprocess.SubprocessHook"}
{"timestamp":"2026-10-06T02:12:30.885975","level":"info","event":"Surabaya: 4 rows before cleaning, 4 rows after cleaning, 0 rows removed.","logger":"airflow.task.hooks.airflow.providers.standard.hooks.subprocess.SubprocessHook"}
{"timestamp":"2026-10-06T02:12:30.886002","level":"info","event":"Surabaya: 4 rows before cleaning, 4 rows after cleaning, 0 rows removed.","logger":"airflow.task.hooks.airflow.providers.standard.hooks.subprocess.SubprocessHook"}
{"timestamp":"2026-10-06T02:12:30.886028","level":"info","event":"Surabaya: 4 rows before cleaning, 4 rows after cleaning, 0 rows removed.","logger":"airflow.task.hooks.airflow.providers.standard.hooks.subprocess.SubprocessHook"}
{"timestamp":"2026-10-06T02:12:30.886054","level":"info","event":"Surabaya: 1 rows before cleaning, 1 rows after cleaning, 0 rows removed.","logger":"airflow.task.hooks.airflow.providers.standard.hooks.subprocess.SubprocessHook"}
{"timestamp":"2026-10-06T02:12:30.886080","level":"info","event":"Surabaya: 0 rows before cleaning, 0 rows after cleaning, 0 rows removed.","logger":"airflow.task.hooks.airflow.providers.standard.hooks.subprocess.SubprocessHook"}
{"timestamp":"2026-10-06T02:12:30.886107","level":"info","event":"Surabaya: 3 rows before cleaning, 3 rows after cleaning, 0 rows removed.","logger":"airflow.task.hooks.airflow.providers.standard.hooks.subprocess.SubprocessHook"}
{"timestamp":"2026-10-06T02:12:30.886138","level":"info","event":"Surabaya: 3 rows before cleaning, 3 rows after cleaning, 0 rows removed.","logger":"airflow.task.hooks.airflow.providers.standard.hooks.subprocess.SubprocessHook"}
{"timestamp":"2026-10-06T02:12:30.886165","level":"info","event":"Surabaya: 4 rows before cleaning, 4 rows after cleaning, 0 rows removed.","logger":"airflow.task.hooks.airflow.providers.standard.hooks.subprocess.SubprocessHook"}
{"timestamp":"2026-10-06T02:12:30.886187","level":"info","event":"Surabaya: 1 rows before cleaning, 1 rows after cleaning, 0 rows removed.","logger":"airflow.task.hooks.airflow.providers.standard.hooks.subprocess.SubprocessHook"}
{"timestamp":"2026-10-06T02:12:30.886212","level":"info","event":"Surabaya: 24 rows before cleaning, 24 rows after cleaning, 0 rows removed.","logger":"airflow.task.hooks.airflow.providers.standard.hooks.subprocess.SubprocessHook"}
{"timestamp":"2026-10-06T02:12:30.886240","level":"info","event":"Surabaya: 3 rows before cleaning, 3 rows after cleaning, 0 rows removed.","logger":"airflow.task.hooks.airflow.providers.standard.hooks.subprocess.SubprocessHook"}
{"timestamp":"2026-10-06T02:12:30.886265","level":"info","event":"Bandung: 288 rows before cleaning, 288 rows after cleaning, 0 rows removed.","logger":"airflow.task.hooks.airflow.providers.standard.hooks.subprocess.SubprocessHook"}
{"timestamp":"2026-10-06T02:12:30.886295","level":"info","event":"Bandung: 72 rows before cleaning, 72 rows after cleaning, 0 rows removed.","logger":"airflow.task.hooks.airflow.providers.standard.hooks.subprocess.SubprocessHook"}
{"timestamp":"2026-10-06T02:12:30.886322","level":"info","event":"Bandung: 120 rows before cleaning, 120 rows after cleaning, 0 rows removed.","logger":"airflow.task.hooks.airflow.providers.standard.hooks.subprocess.SubprocessHook"}
{"timestamp":"2026-10-06T02:12:30.886350","level":"info","event":"Bandung: 4 rows before cleaning, 4 rows after cleaning, 0 rows removed.","logger":"airflow.task.hooks.airflow.providers.standard.hooks.subprocess.SubprocessHook"}
{"timestamp":"2026-10-06T02:12:30.886382","level":"info","event":"Bandung: 3 rows before cleaning, 3 rows after cleaning, 0 rows removed.","logger":"airflow.task.hooks.airflow.providers.standard.hooks.subprocess.SubprocessHook"}
{"timestamp":"2026-10-06T02:12:30.886408","level":"info","event":"Bandung: 4 rows before cleaning, 4 rows after cleaning, 0 rows removed.","logger":"airflow.task.hooks.airflow.providers.standard.hooks.subprocess.SubprocessHook"}
{"timestamp":"2026-10-06T02:12:30.886435","level":"info","event":"Bandung: 4 rows before cleaning, 4 rows after cleaning, 0 rows removed.","logger":"airflow.task.hooks.airflow.providers.standard.hooks.subprocess.SubprocessHook"}
{"timestamp":"2026-10-06T02:12:30.886461","level":"info","event":"Bandung: 4 rows before cleaning, 4 rows after cleaning, 0 rows removed.","logger":"airflow.task.hooks.airflow.providers.standard.hooks.subprocess.SubprocessHook"}
{"timestamp":"2026-10-06T02:12:30.886486","level":"info","event":"Bandung: 4 rows before cleaning, 4 rows after cleaning, 0 rows removed.","logger":"airflow.task.hooks.airflow.providers.standard.hooks.subprocess.SubprocessHook"}
{"timestamp":"2026-10-06T02:12:30.886511","level":"info","event":"Bandung: 4 rows before cleaning, 4 rows after cleaning, 0 rows removed.","logger":"airflow.task.hooks.airflow.providers.standard.hooks.subprocess.SubprocessHook"}
{"timestamp":"2026-10-06T02:12:30.886536","level":"info","event":"Bandung: 1 rows before cleaning, 1 rows after cleaning, 0 rows removed.","logger":"airflow.task.hooks.airflow.providers.standard.hooks.subprocess.SubprocessHook"}
{"timestamp":"2026-10-06T02:12:30.886562","level":"info","event":"Bandung: 0 rows before cleaning, 0 rows after cleaning, 0 rows removed.","logger":"airflow.task.hooks.airflow.providers.standard.hooks.subprocess.SubprocessHook"}
{"timestamp":"2026-10-06T02:12:30.886586","level":"info","event":"Bandung: 3 rows before cleaning, 3 rows after cleaning, 0 rows removed.","logger":"airflow.task.hooks.airflow.providers.standard.hooks.subprocess.SubprocessHook"}
{"timestamp":"2026-10-06T02:12:30.886617","level":"info","event":"Bandung: 3 rows before cleaning, 3 rows after cleaning, 0 rows removed.","logger":"airflow.task.hooks.airflow.providers.standard.hooks.subprocess.SubprocessHook"}
{"timestamp":"2026-10-06T02:12:30.886646","level":"info","event":"Bandung: 4 rows before cleaning, 4 rows after cleaning, 0 rows removed.","logger":"airflow.task.hooks.airflow.providers.standard.hooks.subprocess.SubprocessHook"}
{"timestamp":"2026-10-06T02:12:30.886669","level":"info","event":"Bandung: 1 rows before cleaning, 1 rows after cleaning, 0 rows removed.","logger":"airflow.task.hooks.airflow.providers.standard.hooks.subprocess.SubprocessHook"}
{"timestamp":"2026-10-06T02:12:30.886691","level":"info","event":"Bandung: 24 rows before cleaning, 24 rows after cleaning, 0 rows removed.","logger":"airflow.task.hooks.airflow.providers.standard.hooks.subprocess.SubprocessHook"}
{"timestamp":"2026-10-06T02:12:30.886720","level":"info","event":"Bandung: 3 rows before cleaning, 3 rows after cleaning, 0 rows removed.","logger":"airflow.task.hooks.airflow.providers.standard.hooks.subprocess.SubprocessHook"}
{"timestamp":"2026-10-06T02:12:30.886748","level":"info","event":"Bandung: 3 rows before cleaning, 3 rows after cleaning, 0 rows removed.","logger":"airflow.task.hooks.airflow.providers.standard.hooks.subprocess.SubprocessHook"}
{"timestamp":"2026-10-06T02:12:30.886769","level":"info","event":"Jakarta: 288 rows before cleaning, 288 rows after cleaning, 0 rows removed.","logger":"airflow.task.hooks.airflow.providers.standard.hooks.subprocess.SubprocessHook"}
{"timestamp":"2026-10-06T02:12:30.886791","level":"info","event":"Jakarta: 72 rows before cleaning, 72 rows after cleaning, 0 rows removed.","logger":"airflow.task.hooks.airflow.providers.standard.hooks.subprocess.SubprocessHook"}
{"timestamp":"2026-10-06T02:12:30.886813","level":"info","event":"Jakarta: 120 rows before cleaning, 120 rows after cleaning, 0 rows removed.","logger":"airflow.task.hooks.airflow.providers.standard.hooks.subprocess.SubprocessHook"}
{"timestamp":"2026-10-06T02:12:30.886835","level":"info","event":"Jakarta: 4 rows before cleaning, 4 rows after cleaning, 0 rows removed.","logger":"airflow.task.hooks.airflow.providers.standard.hooks.subprocess.SubprocessHook"}
{"timestamp":"2026-10-06T02:12:30.886891","level":"info","event":"Jakarta: 3 rows before cleaning, 3 rows after cleaning, 0 rows removed.","logger":"airflow.task.hooks.airflow.providers.standard.hooks.subprocess.SubprocessHook"}
{"timestamp":"2026-10-06T02:12:30.886948","level":"info","event":"Jakarta: 4 rows before cleaning, 4 rows after cleaning, 0 rows removed.","logger":"airflow.task.hooks.airflow.providers.standard.hooks.subprocess.SubprocessHook"}
{"timestamp":"2026-10-06T02:12:30.886989","level":"info","event":"Jakarta: 4 rows before cleaning, 4 rows after cleaning, 0 rows removed.","logger":"airflow.task.hooks.airflow.providers.standard.hooks.subprocess.SubprocessHook"}
{"timestamp":"2026-10-06T02:12:30.887024","level":"info","event":"Jakarta: 4 rows before cleaning, 4 rows after cleaning, 0 rows removed.","logger":"airflow.task.hooks.airflow.providers.standard.hooks.subprocess.SubprocessHook"}
{"timestamp":"2026-10-06T02:12:30.887056","level":"info","event":"Jakarta: 4 rows before cleaning, 4 rows after cleaning, 0 rows removed.","logger":"airflow.task.hooks.airflow.providers.standard.hooks.subprocess.SubprocessHook"}
{"timestamp":"2026-10-06T02:12:30.887086","level":"info","event":"Jakarta: 4 rows before cleaning, 4 rows after cleaning, 0 rows removed.","logger":"airflow.task.hooks.airflow.providers.standard.hooks.subprocess.SubprocessHook"}
{"timestamp":"2026-10-06T02:12:30.887123","level":"info","event":"Jakarta: 1 rows before cleaning, 1 rows after cleaning, 0 rows removed.","logger":"airflow.task.hooks.airflow.providers.standard.hooks.subprocess.SubprocessHook"}
{"timestamp":"2026-10-06T02:12:30.887186","level":"info","event":"Jakarta: 0 rows before cleaning, 0 rows after cleaning, 0 rows removed.","logger":"airflow.task.hooks.airflow.providers.standard.hooks.subprocess.SubprocessHook"}
{"timestamp":"2026-10-06T02:12:30.887221","level":"info","event":"Jakarta: 3 rows before cleaning, 3 rows after cleaning, 0 rows removed.","logger":"airflow.task.hooks.airflow.providers.standard.hooks.subprocess.SubprocessHook"}
{"timestamp":"2026-10-06T02:12:30.887248","level":"info","event":"Jakarta: 3 rows before cleaning, 3 rows after cleaning, 0 rows removed.","logger":"airflow.task.hooks.airflow.providers.standard.hooks.subprocess.SubprocessHook"}
{"timestamp":"2026-10-06T02:12:30.887274","level":"info","event":"Jakarta: 4 rows before cleaning, 4 rows after cleaning, 0 rows removed.","logger":"airflow.task.hooks.airflow.providers.standard.hooks.subprocess.SubprocessHook"}
{"timestamp":"2026-10-06T02:12:30.887301","level":"info","event":"Jakarta: 1 rows before cleaning, 1 rows after cleaning, 0 rows removed.","logger":"airflow.task.hooks.airflow.providers.standard.hooks.subprocess.SubprocessHook"}
{"timestamp":"2026-10-06T02:12:30.887328","level":"info","event":"Jakarta: 24 rows before cleaning, 24 rows after cleaning, 0 rows removed.","logger":"airflow.task.hooks.airflow.providers.standard.hooks.subprocess.SubprocessHook"}
{"timestamp":"2026-10-06T02:12:30.887355","level":"info","event":"Jakarta: 3 rows before cleaning, 3 rows after cleaning, 0 rows removed.","logger":"airflow.task.hooks.airflow.providers.standard.hooks.subprocess.SubprocessHook"}
{"timestamp":"2026-10-06T02:12:30.887422","level":"info","event":"Jakarta: 3 rows before cleaning, 3 rows after cleaning, 0 rows removed.","logger":"airflow.task.hooks.airflow.providers.standard.hooks.subprocess.SubprocessHook"}
{"timestamp":"2026-10-06T02:12:30.887462","level":"info","event":"Surabaya: 288 rows before cleaning, 288 rows after cleaning, 0 rows removed.","logger":"airflow.task.hooks.airflow.providers.standard.hooks.subprocess.SubprocessHook"}
{"timestamp":"2026-10-06T02:12:30.887492","level":"info","event":"Surabaya: 72 rows before cleaning, 72 rows after cleaning, 0 rows removed.","logger":"airflow.task.hooks.airflow.providers.standard.hooks.subprocess.SubprocessHook"}
{"timestamp":"2026-10-06T02:12:30.887526","level":"info","event":"Surabaya: 120 rows before cleaning, 120 rows after cleaning, 0 rows removed.","logger":"airflow.task.hooks.airflow.providers.standard.hooks.subprocess.SubprocessHook"}
{"timestamp":"2026-10-06T02:12:30.887554","level":"info","event":"Surabaya: 4 rows before cleaning, 4 rows after cleaning, 0 rows removed.","logger":"airflow.task.hooks.airflow.providers.standard.hooks.subprocess.SubprocessHook"}
{"timestamp":"2026-10-06T02:12:30.887584","level":"info","event":"Surabaya: 3 rows before cleaning, 3 rows after cleaning, 0 rows removed.","logger":"airflow.task.hooks.airflow.providers.standard.hooks.subprocess.SubprocessHook"}
{"timestamp":"2026-10-06T02:12:30.887608","level":"info","event":"Surabaya: 4 rows before cleaning, 4 rows after cleaning, 0 rows removed.","logger":"airflow.task.hooks.airflow.providers.standard.hooks.subprocess.SubprocessHook"}
{"timestamp":"2026-10-06T02:12:30.887633","level":"info","event":"Surabaya: 4 rows before cleaning, 4 rows after cleaning, 0 rows removed.","logger":"airflow.task.hooks.airflow.providers.standard.hooks.subprocess.SubprocessHook"}
{"timestamp":"2026-10-06T02:12:30.887658","level":"info","event":"Surabaya: 4 rows before cleaning, 4 rows after cleaning, 0 rows removed.","logger":"airflow.task.hooks.airflow.providers.standard.hooks.subprocess.SubprocessHook"}
{"timestamp":"2026-10-06T02:12:30.887681","level":"info","event":"Surabaya: 4 rows before cleaning, 4 rows after cleaning, 0 rows removed.","logger":"airflow.task.hooks.airflow.providers.standard.hooks.subprocess.SubprocessHook"}
{"timestamp":"2026-10-06T02:12:30.887706","level":"info","event":"Surabaya: 4 rows before cleaning, 4 rows after cleaning, 0 rows removed.","logger":"airflow.task.hooks.airflow.providers.standard.hooks.subprocess.SubprocessHook"}
{"timestamp":"2026-10-06T02:12:30.887732","level":"info","event":"Surabaya: 1 rows before cleaning, 1 rows after cleaning, 0 rows removed.","logger":"airflow.task.hooks.airflow.providers.standard.hooks.subprocess.SubprocessHook"}
{"timestamp":"2026-10-06T02:12:30.887755","level":"info","event":"Surabaya: 0 rows before cleaning, 0 rows after cleaning, 0 rows removed.","logger":"airflow.task.hooks.airflow.providers.standard.hooks.subprocess.SubprocessHook"}
{"timestamp":"2026-10-06T02:12:30.887780","level":"info","event":"Surabaya: 3 rows before cleaning, 3 rows after cleaning, 0 rows removed.","logger":"airflow.task.hooks.airflow.providers.standard.hooks.subprocess.SubprocessHook"}
{"timestamp":"2026-10-06T02:12:30.887803","level":"info","event":"Surabaya: 3 rows before cleaning, 3 rows after cleaning, 0 rows removed.","logger":"airflow.task.hooks.airflow.providers.standard.hooks.subprocess.SubprocessHook"}
{"timestamp":"2026-10-06T02:12:30.887826","level":"info","event":"Surabaya: 4 rows before cleaning, 4 rows after cleaning, 0 rows removed.","logger":"airflow.task.hooks.airflow.providers.standard.hooks.subprocess.SubprocessHook"}
{"timestamp":"2026-10-06T02:12:30.887851","level":"info","event":"Surabaya: 1 rows before cleaning, 1 rows after cleaning, 0 rows removed.","logger":"airflow.task.hooks.airflow.providers.standard.hooks.subprocess.SubprocessHook"}
{"timestamp":"2026-10-06T02:12:30.887872","level":"info","event":"Surabaya: 24 rows before cleaning, 24 rows after cleaning, 0 rows removed.","logger":"airflow.task.hooks.airflow.providers.standard.hooks.subprocess.SubprocessHook"}
{"timestamp":"2026-10-06T02:12:30.887900","level":"info","event":"Surabaya: 3 rows before cleaning, 3 rows after cleaning, 0 rows removed.","logger":"airflow.task.hooks.airflow.providers.standard.hooks.subprocess.SubprocessHook"}
{"timestamp":"2026-10-06T02:12:30.887923","level":"info","event":"Surabaya: 3 rows before cleaning, 3 rows after cleaning, 0 rows removed.","logger":"airflow.task.hooks.airflow.providers.standard.hooks.subprocess.SubprocessHook"}
{"timestamp":"2026-10-06T02:12:30.887947","level":"info","event":"Bandung: 288 rows before cleaning, 288 rows after cleaning, 0 rows removed.","logger":"airflow.task.hooks.airflow.providers.standard.hooks.subprocess.SubprocessHook"}
{"timestamp":"2026-10-06T02:12:30.887976","level":"info","event":"Bandung: 72 rows before cleaning, 72 rows after cleaning, 0 rows removed.","logger":"airflow.task.hooks.airflow.providers.standard.hooks.subprocess.SubprocessHook"}
{"timestamp":"2026-10-06T02:12:30.888000","level":"info","event":"Bandung: 120 rows before cleaning, 120 rows after cleaning, 0 rows removed.","logger":"airflow.task.hooks.airflow.providers.standard.hooks.subprocess.SubprocessHook"}
{"timestamp":"2026-10-06T02:12:30.888025","level":"info","event":"Bandung: 4 rows before cleaning, 4 rows after cleaning, 0 rows removed.","logger":"airflow.task.hooks.airflow.providers.standard.hooks.subprocess.SubprocessHook"}
{"timestamp":"2026-10-06T02:12:30.888054","level":"info","event":"Bandung: 3 rows before cleaning, 3 rows after cleaning, 0 rows removed.","logger":"airflow.task.hooks.airflow.providers.standard.hooks.subprocess.SubprocessHook"}
{"timestamp":"2026-10-06T02:12:30.888078","level":"info","event":"Bandung: 4 rows before cleaning, 4 rows after cleaning, 0 rows removed.","logger":"airflow.task.hooks.airflow.providers.standard.hooks.subprocess.SubprocessHook"}
{"timestamp":"2026-10-06T02:12:30.888104","level":"info","event":"Bandung: 4 rows before cleaning, 4 rows after cleaning, 0 rows removed.","logger":"airflow.task.hooks.airflow.providers.standard.hooks.subprocess.SubprocessHook"}
{"timestamp":"2026-10-06T02:12:30.888131","level":"info","event":"Bandung: 4 rows before cleaning, 4 rows after cleaning, 0 rows removed.","logger":"airflow.task.hooks.airflow.providers.standard.hooks.subprocess.SubprocessHook"}
{"timestamp":"2026-10-06T02:12:30.888154","level":"info","event":"Bandung: 4 rows before cleaning, 4 rows after cleaning, 0 rows removed.","logger":"airflow.task.hooks.airflow.providers.standard.hooks.subprocess.SubprocessHook"}
{"timestamp":"2026-10-06T02:12:30.888176","level":"info","event":"Bandung: 4 rows before cleaning, 4 rows after cleaning, 0 rows removed.","logger":"airflow.task.hooks.airflow.providers.standard.hooks.subprocess.SubprocessHook"}
{"timestamp":"2026-10-06T02:12:30.888207","level":"info","event":"Bandung: 1 rows before cleaning, 1 rows after cleaning, 0 rows removed.","logger":"airflow.task.hooks.airflow.providers.standard.hooks.subprocess.SubprocessHook"}
{"timestamp":"2026-10-06T02:12:30.888229","level":"info","event":"Bandung: 0 rows before cleaning, 0 rows after cleaning, 0 rows removed.","logger":"airflow.task.hooks.airflow.providers.standard.hooks.subprocess.SubprocessHook"}
{"timestamp":"2026-10-06T02:12:30.888251","level":"info","event":"Bandung: 3 rows before cleaning, 3 rows after cleaning, 0 rows removed.","logger":"airflow.task.hooks.airflow.providers.standard.hooks.subprocess.SubprocessHook"}
{"timestamp":"2026-10-06T02:12:30.888273","level":"info","event":"Bandung: 3 rows before cleaning, 3 rows after cleaning, 0 rows removed.","logger":"airflow.task.hooks.airflow.providers.standard.hooks.subprocess.SubprocessHook"}
{"timestamp":"2026-10-06T02:12:30.888298","level":"info","event":"Bandung: 4 rows before cleaning, 4 rows after cleaning, 0 rows removed.","logger":"airflow.task.hooks.airflow.providers.standard.hooks.subprocess.SubprocessHook"}
{"timestamp":"2026-10-06T02:12:30.888352","level":"info","event":"Bandung: 1 rows before cleaning, 1 rows after cleaning, 0 rows removed.","logger":"airflow.task.hooks.airflow.providers.standard.hooks.subprocess.SubprocessHook"}
{"timestamp":"2026-10-06T02:12:30.888393","level":"info","event":"Bandung: 24 rows before cleaning, 24 rows after cleaning, 0 rows removed.","logger":"airflow.task.hooks.airflow.providers.standard.hooks.subprocess.SubprocessHook"}
{"timestamp":"2026-10-06T02:12:30.888424","level":"info","event":"Bandung: 3 rows before cleaning, 3 rows after cleaning, 0 rows removed.","logger":"airflow.task.hooks.airflow.providers.standard.hooks.subprocess.SubprocessHook"}
{"timestamp":"2026-10-06T02:12:30.888455","level":"info","event":"Bandung: 3 rows before cleaning, 3 rows after cleaning, 0 rows removed.","logger":"airflow.task.hooks.airflow.providers.standard.hooks.subprocess.SubprocessHook"}
{"timestamp":"2026-10-06T02:12:30.888481","level":"info","event":"Jakarta: 288 rows before cleaning, 288 rows after cleaning, 0 rows removed.","logger":"airflow.task.hooks.airflow.providers.standard.hooks.subprocess.SubprocessHook"}
{"timestamp":"2026-10-06T02:12:30.888508","level":"info","event":"Jakarta: 72 rows before cleaning, 72 rows after cleaning, 0 rows removed.","logger":"airflow.task.hooks.airflow.providers.standard.hooks.subprocess.SubprocessHook"}
{"timestamp":"2026-10-06T02:12:30.888539","level":"info","event":"Jakarta: 120 rows before cleaning, 120 rows after cleaning, 0 rows removed.","logger":"airflow.task.hooks.airflow.providers.standard.hooks.subprocess.SubprocessHook"}
{"timestamp":"2026-10-06T02:12:30.888566","level":"info","event":"Jakarta: 4 rows before cleaning, 4 rows after cleaning, 0 rows removed.","logger":"airflow.task.hooks.airflow.providers.standard.hooks.subprocess.SubprocessHook"}
{"timestamp":"2026-10-06T02:12:30.888592","level":"info","event":"Jakarta: 3 rows before cleaning, 3 rows after cleaning, 0 rows removed.","logger":"airflow.task.hooks.airflow.providers.standard.hooks.subprocess.SubprocessHook"}
{"timestamp":"2026-10-06T02:12:30.888618","level":"info","event":"Jakarta: 4 rows before cleaning, 4 rows after cleaning, 0 rows removed.","logger":"airflow.task.hooks.airflow.providers.standard.hooks.subprocess.SubprocessHook"}
{"timestamp":"2026-10-06T02:12:30.888645","level":"info","event":"Jakarta: 4 rows before cleaning, 4 rows after cleaning, 0 rows removed.","logger":"airflow.task.hooks.airflow.providers.standard.hooks.subprocess.SubprocessHook"}
{"timestamp":"2026-10-06T02:12:30.888669","level":"info","event":"Jakarta: 4 rows before cleaning, 4 rows after cleaning, 0 rows removed.","logger":"airflow.task.hooks.airflow.providers.standard.hooks.subprocess.SubprocessHook"}
{"timestamp":"2026-10-06T02:12:30.888700","level":"info","event":"Jakarta: 4 rows before cleaning, 4 rows after cleaning, 0 rows removed.","logger":"airflow.task.hooks.airflow.providers.standard.hooks.subprocess.SubprocessHook"}
{"timestamp":"2026-10-06T02:12:31.162738","level":"info","event":"Jakarta: 4 rows before cleaning, 4 rows after cleaning, 0 rows removed.","logger":"airflow.task.hooks.airflow.providers.standard.hooks.subprocess.SubprocessHook"}
{"timestamp":"2026-10-06T02:12:31.162871","level":"info","event":"Jakarta: 1 rows before cleaning, 1 rows after cleaning, 0 rows removed.","logger":"airflow.task.hooks.airflow.providers.standard.hooks.subprocess.SubprocessHook"}
{"timestamp":"2026-10-06T02:12:31.162910","level":"info","event":"Jakarta: 0 rows before cleaning, 0 rows after cleaning, 0 rows removed.","logger":"airflow.task.hooks.airflow.providers.standard.hooks.subprocess.SubprocessHook"}
{"timestamp":"2026-10-06T02:12:31.162937","level":"info","event":"Jakarta: 3 rows before cleaning, 3 rows after cleaning, 0 rows removed.","logger":"airflow.task.hooks.airflow.providers.standard.hooks.subprocess.SubprocessHook"}
{"timestamp":"2026-10-06T02:12:31.162960","level":"info","event":"Jakarta: 3 rows before cleaning, 3 rows after cleaning, 0 rows removed.","logger":"airflow.task.hooks.airflow.providers.standard.hooks.subprocess.SubprocessHook"}
{"timestamp":"2026-10-06T02:12:31.162982","level":"info","event":"Jakarta: 4 rows before cleaning, 4 rows after cleaning, 0 rows removed.","logger":"airflow.task.hooks.airflow.providers.standard.hooks.subprocess.SubprocessHook"}
{"timestamp":"2026-10-06T02:12:31.163004","level":"info","event":"Jakarta: 1 rows before cleaning, 1 rows after cleaning, 0 rows removed.","logger":"airflow.task.hooks.airflow.providers.standard.hooks.subprocess.SubprocessHook"}
{"timestamp":"2026-10-06T02:12:31.163028","level":"info","event":"Jakarta: 24 rows before cleaning, 24 rows after cleaning, 0 rows removed.","logger":"airflow.task.hooks.airflow.providers.standard.hooks.subprocess.SubprocessHook"}
{"timestamp":"2026-10-06T02:12:31.163050","level":"info","event":"Jakarta: 3 rows before cleaning, 3 rows after cleaning, 0 rows removed.","logger":"airflow.task.hooks.airflow.providers.standard.hooks.subprocess.SubprocessHook"}
{"timestamp":"2026-10-06T02:12:31.163070","level":"info","event":"Jakarta: 3 rows before cleaning, 3 rows after cleaning, 0 rows removed.","logger":"airflow.task.hooks.airflow.providers.standard.hooks.subprocess.SubprocessHook"}
{"timestamp":"2026-10-06T02:12:31.163091","level":"info","event":"Surabaya: 288 rows before cleaning, 288 rows after cleaning, 0 rows removed.","logger":"airflow.task.hooks.airflow.providers.standard.hooks.subprocess.SubprocessHook"}
{"timestamp":"2026-10-06T02:12:31.163113","level":"info","event":"Surabaya: 72 rows before cleaning, 72 rows after cleaning, 0 rows removed.","logger":"airflow.task.hooks.airflow.providers.standard.hooks.subprocess.SubprocessHook"}
{"timestamp":"2026-10-06T02:12:31.163150","level":"info","event":"Surabaya: 120 rows before cleaning, 120 rows after cleaning, 0 rows removed.","logger":"airflow.task.hooks.airflow.providers.standard.hooks.subprocess.SubprocessHook"}
{"timestamp":"2026-10-06T02:12:31.163204","level":"info","event":"Surabaya: 4 rows before cleaning, 4 rows after cleaning, 0 rows removed.","logger":"airflow.task.hooks.airflow.providers.standard.hooks.subprocess.SubprocessHook"}
{"timestamp":"2026-10-06T02:12:31.163256","level":"info","event":"Surabaya: 3 rows before cleaning, 3 rows after cleaning, 0 rows removed.","logger":"airflow.task.hooks.airflow.providers.standard.hooks.subprocess.SubprocessHook"}
{"timestamp":"2026-10-06T02:12:31.163290","level":"info","event":"Surabaya: 4 rows before cleaning, 4 rows after cleaning, 0 rows removed.","logger":"airflow.task.hooks.airflow.providers.standard.hooks.subprocess.SubprocessHook"}
{"timestamp":"2026-10-06T02:12:31.163318","level":"info","event":"Surabaya: 4 rows before cleaning, 4 rows after cleaning, 0 rows removed.","logger":"airflow.task.hooks.airflow.providers.standard.hooks.subprocess.SubprocessHook"}
{"timestamp":"2026-10-06T02:12:31.163345","level":"info","event":"Surabaya: 4 rows before cleaning, 4 rows after cleaning, 0 rows removed.","logger":"airflow.task.hooks.airflow.providers.standard.hooks.subprocess.SubprocessHook"}
{"timestamp":"2026-10-06T02:12:31.163369","level":"info","event":"Surabaya: 4 rows before cleaning, 4 rows after cleaning, 0 rows removed.","logger":"airflow.task.hooks.airflow.providers.standard.hooks.subprocess.SubprocessHook"}
{"timestamp":"2026-10-06T02:12:31.163393","level":"info","event":"Surabaya: 4 rows before cleaning, 4 rows after cleaning, 0 rows removed.","logger":"airflow.task.hooks.airflow.providers.standard.hooks.subprocess.SubprocessHook"}
{"timestamp":"2026-10-06T02:12:31.163418","level":"info","event":"Surabaya: 1 rows before cleaning, 1 rows after cleaning, 0 rows removed.","logger":"airflow.task.hooks.airflow.providers.standard.hooks.subprocess.SubprocessHook"}
{"timestamp":"2026-10-06T02:12:31.163440","level":"info","event":"Surabaya: 0 rows before cleaning, 0 rows after cleaning, 0 rows removed.","logger":"airflow.task.hooks.airflow.providers.standard.hooks.subprocess.SubprocessHook"}
{"timestamp":"2026-10-06T02:12:31.163461","level":"info","event":"Surabaya: 3 rows before cleaning, 3 rows after cleaning, 0 rows removed.","logger":"airflow.task.hooks.airflow.providers.standard.hooks.subprocess.SubprocessHook"}
{"timestamp":"2026-10-06T02:12:31.163482","level":"info","event":"Surabaya: 3 rows before cleaning, 3 rows after cleaning, 0 rows removed.","logger":"airflow.task.hooks.airflow.providers.standard.hooks.subprocess.SubprocessHook"}
{"timestamp":"2026-10-06T02:12:31.163502","level":"info","event":"Surabaya: 4 rows before cleaning, 4 rows after cleaning, 0 rows removed.","logger":"airflow.task.hooks.airflow.providers.standard.hooks.subprocess.SubprocessHook"}
{"timestamp":"2026-10-06T02:12:31.163523","level":"info","event":"Surabaya: 1 rows before cleaning, 1 rows after cleaning, 0 rows removed.","logger":"airflow.task.hooks.airflow.providers.standard.hooks.subprocess.SubprocessHook"}
{"timestamp":"2026-10-06T02:12:31.163543","level":"info","event":"Surabaya: 24 rows before cleaning, 24 rows after cleaning, 0 rows removed.","logger":"airflow.task.hooks.airflow.providers.standard.hooks.subprocess.SubprocessHook"}
{"timestamp":"2026-10-06T02:12:31.163564","level":"info","event":"Surabaya: 3 rows before cleaning, 3 rows after cleaning, 0 rows removed.","logger":"airflow.task.hooks.airflow.providers.standard.hooks.subprocess.SubprocessHook"}
{"timestamp":"2026-10-06T02:12:31.163586","level":"info","event":"Surabaya: 3 rows before cleaning, 3 rows after cleaning, 0 rows removed.","logger":"airflow.task.hooks.airflow.providers.standard.hooks.subprocess.SubprocessHook"}
{"timestamp":"2026-10-06T02:12:31.163606","level":"info","event":"Bandung: 288 rows before cleaning, 288 rows after cleaning, 0 rows removed.","logger":"airflow.task.hooks.airflow.providers.standard.hooks.subprocess.SubprocessHook"}
{"timestamp":"2026-10-06T02:12:31.163629","level":"info","event":"Bandung: 72 rows before cleaning, 72 rows after cleaning, 0 rows removed.","logger":"airflow.task.hooks.airflow.providers.standard.hooks.subprocess.SubprocessHook"}
{"timestamp":"2026-10-06T02:12:31.163650","level":"info","event":"Bandung: 120 rows before cleaning, 120 rows after cleaning, 0 rows removed.","logger":"airflow.task.hooks.airflow.providers.standard.hooks.subprocess.SubprocessHook"}
{"timestamp":"2026-10-06T02:12:31.163671","level":"info","event":"Bandung: 4 rows before cleaning, 4 rows after cleaning, 0 rows removed.","logger":"airflow.task.hooks.airflow.providers.standard.hooks.subprocess.SubprocessHook"}
{"timestamp":"2026-10-06T02:12:31.163693","level":"info","event":"Bandung: 3 rows before cleaning, 3 rows after cleaning, 0 rows removed.","logger":"airflow.task.hooks.airflow.providers.standard.hooks.subprocess.SubprocessHook"}
{"timestamp":"2026-10-06T02:12:31.163713","level":"info","event":"Bandung: 4 rows before cleaning, 4 rows after cleaning, 0 rows removed.","logger":"airflow.task.hooks.airflow.providers.standard.hooks.subprocess.SubprocessHook"}
{"timestamp":"2026-10-06T02:12:31.163733","level":"info","event":"Bandung: 4 rows before cleaning, 4 rows after cleaning, 0 rows removed.","logger":"airflow.task.hooks.airflow.providers.standard.hooks.subprocess.SubprocessHook"}
{"timestamp":"2026-10-06T02:12:31.163753","level":"info","event":"Bandung: 4 rows before cleaning, 4 rows after cleaning, 0 rows removed.","logger":"airflow.task.hooks.airflow.providers.standard.hooks.subprocess.SubprocessHook"}
{"timestamp":"2026-10-06T02:12:31.163773","level":"info","event":"Bandung: 4 rows before cleaning, 4 rows after cleaning, 0 rows removed.","logger":"airflow.task.hooks.airflow.providers.standard.hooks.subprocess.SubprocessHook"}
{"timestamp":"2026-10-06T02:12:31.163793","level":"info","event":"Bandung: 4 rows before cleaning, 4 rows after cleaning, 0 rows removed.","logger":"airflow.task.hooks.airflow.providers.standard.hooks.subprocess.SubprocessHook"}
{"timestamp":"2026-10-06T02:12:31.163812","level":"info","event":"Bandung: 1 rows before cleaning, 1 rows after cleaning, 0 rows removed.","logger":"airflow.task.hooks.airflow.providers.standard.hooks.subprocess.SubprocessHook"}
{"timestamp":"2026-10-06T02:12:31.163832","level":"info","event":"Bandung: 0 rows before cleaning, 0 rows after cleaning, 0 rows removed.","logger":"airflow.task.hooks.airflow.providers.standard.hooks.subprocess.SubprocessHook"}
{"timestamp":"2026-10-06T02:12:31.163851","level":"info","event":"Bandung: 3 rows before cleaning, 3 rows after cleaning, 0 rows removed.","logger":"airflow.task.hooks.airflow.providers.standard.hooks.subprocess.SubprocessHook"}
{"timestamp":"2026-10-06T02:12:31.163870","level":"info","event":"Bandung: 3 rows before cleaning, 3 rows after cleaning, 0 rows removed.","logger":"airflow.task.hooks.airflow.providers.standard.hooks.subprocess.SubprocessHook"}
{"timestamp":"2026-10-06T02:12:31.163889","level":"info","event":"Bandung: 4 rows before cleaning, 4 rows after cleaning, 0 rows removed.","logger":"airflow.task.hooks.airflow.providers.standard.hooks.subprocess.SubprocessHook"}
{"timestamp":"2026-10-06T02:12:31.163908","level":"info","event":"Bandung: 1 rows before cleaning, 1 rows after cleaning, 0 rows removed.","logger":"airflow.task.hooks.airflow.providers.standard.hooks.subprocess.SubprocessHook"}
{"timestamp":"2026-10-06T02:12:31.163928","level":"info","event":"Bandung: 24 rows before cleaning, 24 rows after cleaning, 0 rows removed.","logger":"airflow.task.hooks.airflow.providers.standard.hooks.subprocess.SubprocessHook"}
{"timestamp":"2026-10-06T02:12:31.163949","level":"info","event":"Bandung: 3 rows before cleaning, 3 rows after cleaning, 0 rows removed.","logger":"airflow.task.hooks.airflow.providers.standard.hooks.subprocess.SubprocessHook"}
{"timestamp":"2026-10-06T02:12:31.163969","level":"info","event":"Bandung: 3 rows before cleaning, 3 rows after cleaning, 0 rows removed.","logger":"airflow.task.hooks.airflow.providers.standard.hooks.subprocess.SubprocessHook"}
{"timestamp":"2026-10-06T02:12:31.163991","level":"info","event":"Jakarta: 288 rows before cleaning, 288 rows after cleaning, 0 rows removed.","logger":"airflow.task.hooks.airflow.providers.standard.hooks.subprocess.SubprocessHook"}
{"timestamp":"2026-10-06T02:12:31.164011","level":"info","event":"Jakarta: 72 rows before cleaning, 72 rows after cleaning, 0 rows removed.","logger":"airflow.task.hooks.airflow.providers.standard.hooks.subprocess.SubprocessHook"}
{"timestamp":"2026-10-06T02:12:31.164033","level":"info","event":"Jakarta: 120 rows before cleaning, 120 rows after cleaning, 0 rows removed.","logger":"airflow.task.hooks.airflow.providers.standard.hooks.subprocess.SubprocessHook"}
{"timestamp":"2026-10-06T02:12:31.164061","level":"info","event":"Jakarta: 4 rows before cleaning, 4 rows after cleaning, 0 rows removed.","logger":"airflow.task.hooks.airflow.providers.standard.hooks.subprocess.SubprocessHook"}
{"timestamp":"2026-10-06T02:12:31.164087","level":"info","event":"Jakarta: 3 rows before cleaning, 3 rows after cleaning, 0 rows removed.","logger":"airflow.task.hooks.airflow.providers.standard.hooks.subprocess.SubprocessHook"}
{"timestamp":"2026-10-06T02:12:31.164107","level":"info","event":"Jakarta: 4 rows before cleaning, 4 rows after cleaning, 0 rows removed.","logger":"airflow.task.hooks.airflow.providers.standard.hooks.subprocess.SubprocessHook"}
{"timestamp":"2026-10-06T02:12:31.164127","level":"info","event":"Jakarta: 4 rows before cleaning, 4 rows after cleaning, 0 rows removed.","logger":"airflow.task.hooks.airflow.providers.standard.hooks.subprocess.SubprocessHook"}
{"timestamp":"2026-10-06T02:12:31.164147","level":"info","event":"Jakarta: 4 rows before cleaning, 4 rows after cleaning, 0 rows removed.","logger":"airflow.task.hooks.airflow.providers.standard.hooks.subprocess.SubprocessHook"}
{"timestamp":"2026-10-06T02:12:31.164167","level":"info","event":"Jakarta: 4 rows before cleaning, 4 rows after cleaning, 0 rows removed.","logger":"airflow.task.hooks.airflow.providers.standard.hooks.subprocess.SubprocessHook"}
{"timestamp":"2026-10-06T02:12:31.164194","level":"info","event":"Jakarta: 4 rows before cleaning, 4 rows after cleaning, 0 rows removed.","logger":"airflow.task.hooks.airflow.providers.standard.hooks.subprocess.SubprocessHook"}
{"timestamp":"2026-10-06T02:12:31.164214","level":"info","event":"Jakarta: 1 rows before cleaning, 1 rows after cleaning, 0 rows removed.","logger":"airflow.task.hooks.airflow.providers.standard.hooks.subprocess.SubprocessHook"}
{"timestamp":"2026-10-06T02:12:31.164234","level":"info","event":"Jakarta: 0 rows before cleaning, 0 rows after cleaning, 0 rows removed.","logger":"airflow.task.hooks.airflow.providers.standard.hooks.subprocess.SubprocessHook"}
{"timestamp":"2026-10-06T02:12:31.164254","level":"info","event":"Jakarta: 3 rows before cleaning, 3 rows after cleaning, 0 rows removed.","logger":"airflow.task.hooks.airflow.providers.standard.hooks.subprocess.SubprocessHook"}
{"timestamp":"2026-10-06T02:12:31.164273","level":"info","event":"Jakarta: 3 rows before cleaning, 3 rows after cleaning, 0 rows removed.","logger":"airflow.task.hooks.airflow.providers.standard.hooks.subprocess.SubprocessHook"}
{"timestamp":"2026-10-06T02:12:31.164293","level":"info","event":"Jakarta: 4 rows before cleaning, 4 rows after cleaning, 0 rows removed.","logger":"airflow.task.hooks.airflow.providers.standard.hooks.subprocess.SubprocessHook"}
{"timestamp":"2026-10-06T02:12:31.164313","level":"info","event":"Jakarta: 1 rows before cleaning, 1 rows after cleaning, 0 rows removed.","logger":"airflow.task.hooks.airflow.providers.standard.hooks.subprocess.SubprocessHook"}
{"timestamp":"2026-10-06T02:12:31.164361","level":"info","event":"Jakarta: 24 rows before cleaning, 24 rows after cleaning, 0 rows removed.","logger":"airflow.task.hooks.airflow.providers.standard.hooks.subprocess.SubprocessHook"}
{"timestamp":"2026-10-06T02:12:31.164392","level":"info","event":"Jakarta: 3 rows before cleaning, 3 rows after cleaning, 0 rows removed.","logger":"airflow.task.hooks.airflow.providers.standard.hooks.subprocess.SubprocessHook"}
{"timestamp":"2026-10-06T02:12:31.164417","level":"info","event":"Jakarta: 3 rows before cleaning, 3 rows after cleaning, 0 rows removed.","logger":"airflow.task.hooks.airflow.providers.standard.hooks.subprocess.SubprocessHook"}
{"timestamp":"2026-10-06T02:12:31.164440","level":"info","event":"Surabaya: 288 rows before cleaning, 288 rows after cleaning, 0 rows removed.","logger":"airflow.task.hooks.airflow.providers.standard.hooks.subprocess.SubprocessHook"}
{"timestamp":"2026-10-06T02:12:31.164463","level":"info","event":"Surabaya: 72 rows before cleaning, 72 rows after cleaning, 0 rows removed.","logger":"airflow.task.hooks.airflow.providers.standard.hooks.subprocess.SubprocessHook"}
{"timestamp":"2026-10-06T02:12:31.164486","level":"info","event":"Surabaya: 120 rows before cleaning, 120 rows after cleaning, 0 rows removed.","logger":"airflow.task.hooks.airflow.providers.standard.hooks.subprocess.SubprocessHook"}
{"timestamp":"2026-10-06T02:12:31.164508","level":"info","event":"Surabaya: 4 rows before cleaning, 4 rows after cleaning, 0 rows removed.","logger":"airflow.task.hooks.airflow.providers.standard.hooks.subprocess.SubprocessHook"}
{"timestamp":"2026-10-06T02:12:31.164529","level":"info","event":"Surabaya: 3 rows before cleaning, 3 rows after cleaning, 0 rows removed.","logger":"airflow.task.hooks.airflow.providers.standard.hooks.subprocess.SubprocessHook"}
{"timestamp":"2026-10-06T02:12:31.164550","level":"info","event":"Surabaya: 4 rows before cleaning, 4 rows after cleaning, 0 rows removed.","logger":"airflow.task.hooks.airflow.providers.standard.hooks.subprocess.SubprocessHook"}
{"timestamp":"2026-10-06T02:12:31.164571","level":"info","event":"Surabaya: 4 rows before cleaning, 4 rows after cleaning, 0 rows removed.","logger":"airflow.task.hooks.airflow.providers.standard.hooks.subprocess.SubprocessHook"}
{"timestamp":"2026-10-06T02:12:31.164593","level":"info","event":"Surabaya: 4 rows before cleaning, 4 rows after cleaning, 0 rows removed.","logger":"airflow.task.hooks.airflow.providers.standard.hooks.subprocess.SubprocessHook"}
{"timestamp":"2026-10-06T02:12:31.164614","level":"info","event":"Surabaya: 4 rows before cleaning, 4 rows after cleaning, 0 rows removed.","logger":"airflow.task.hooks.airflow.providers.standard.hooks.subprocess.SubprocessHook"}
{"timestamp":"2026-10-06T02:12:31.164635","level":"info","event":"Surabaya: 4 rows before cleaning, 4 rows after cleaning, 0 rows removed.","logger":"airflow.task.hooks.airflow.providers.standard.hooks.subprocess.SubprocessHook"}
{"timestamp":"2026-10-06T02:12:31.164656","level":"info","event":"Surabaya: 1 rows before cleaning, 1 rows after cleaning, 0 rows removed.","logger":"airflow.task.hooks.airflow.providers.standard.hooks.subprocess.SubprocessHook"}
{"timestamp":"2026-10-06T02:12:31.164677","level":"info","event":"Surabaya: 0 rows before cleaning, 0 rows after cleaning, 0 rows removed.","logger":"airflow.task.hooks.airflow.providers.standard.hooks.subprocess.SubprocessHook"}
{"timestamp":"2026-10-06T02:12:31.164698","level":"info","event":"Surabaya: 3 rows before cleaning, 3 rows after cleaning, 0 rows removed.","logger":"airflow.task.hooks.airflow.providers.standard.hooks.subprocess.SubprocessHook"}
{"timestamp":"2026-10-06T02:12:31.164719","level":"info","event":"Surabaya: 3 rows before cleaning, 3 rows after cleaning, 0 rows removed.","logger":"airflow.task.hooks.airflow.providers.standard.hooks.subprocess.SubprocessHook"}
{"timestamp":"2026-10-06T02:12:31.164742","level":"info","event":"Surabaya: 4 rows before cleaning, 4 rows after cleaning, 0 rows removed.","logger":"airflow.task.hooks.airflow.providers.standard.hooks.subprocess.SubprocessHook"}
{"timestamp":"2026-10-06T02:12:31.164763","level":"info","event":"Surabaya: 1 rows before cleaning, 1 rows after cleaning, 0 rows removed.","logger":"airflow.task.hooks.airflow.providers.standard.hooks.subprocess.SubprocessHook"}
{"timestamp":"2026-10-06T02:12:31.164784","level":"info","event":"Surabaya: 24 rows before cleaning, 24 rows after cleaning, 0 rows removed.","logger":"airflow.task.hooks.airflow.providers.standard.hooks.subprocess.SubprocessHook"}
{"timestamp":"2026-10-06T02:12:31.164805","level":"info","event":"Surabaya: 3 rows before cleaning, 3 rows after cleaning, 0 rows removed.","logger":"airflow.task.hooks.airflow.providers.standard.hooks.subprocess.SubprocessHook"}
{"timestamp":"2026-10-06T02:12:31.164826","level":"info","event":"Surabaya: 3 rows before cleaning, 3 rows after cleaning, 0 rows removed.","logger":"airflow.task.hooks.airflow.providers.standard.hooks.subprocess.SubprocessHook"}
{"timestamp":"2026-10-06T02:12:31.164847","level":"info","event":"Bandung: 288 rows before cleaning, 288 rows after cleaning, 0 rows removed.","logger":"airflow.task.hooks.airflow.providers.standard.hooks.subprocess.SubprocessHook"}
{"timestamp":"2026-10-06T02:12:31.164868","level":"info","event":"Bandung: 72 rows before cleaning, 72 rows after cleaning, 0 rows removed.","logger":"airflow.task.hooks.airflow.providers.standard.hooks.subprocess.SubprocessHook"}
{"timestamp":"2026-10-06T02:12:31.164888","level":"info","event":"Bandung: 120 rows before cleaning, 120 rows after cleaning, 0 rows removed.","logger":"airflow.task.hooks.airflow.providers.standard.hooks.subprocess.SubprocessHook"}
{"timestamp":"2026-10-06T02:12:31.164909","level":"info","event":"Bandung: 4 rows before cleaning, 4 rows after cleaning, 0 rows removed.","logger":"airflow.task.hooks.airflow.providers.standard.hooks.subprocess.SubprocessHook"}
{"timestamp":"2026-10-06T02:12:31.164929","level":"info","event":"Bandung: 3 rows before cleaning, 3 rows after cleaning, 0 rows removed.","logger":"airflow.task.hooks.airflow.providers.standard.hooks.subprocess.SubprocessHook"}
{"timestamp":"2026-10-06T02:12:31.164950","level":"info","event":"Bandung: 4 rows before cleaning, 4 rows after cleaning, 0 rows removed.","logger":"airflow.task.hooks.airflow.providers.standard.hooks.subprocess.SubprocessHook"}
{"timestamp":"2026-10-06T02:12:31.164972","level":"info","event":"Bandung: 4 rows before cleaning, 4 rows after cleaning, 0 rows removed.","logger":"airflow.task.hooks.airflow.providers.standard.hooks.subprocess.SubprocessHook"}
{"timestamp":"2026-10-06T02:12:31.164992","level":"info","event":"Bandung: 4 rows before cleaning, 4 rows after cleaning, 0 rows removed.","logger":"airflow.task.hooks.airflow.providers.standard.hooks.subprocess.SubprocessHook"}
{"timestamp":"2026-10-06T02:12:31.165013","level":"info","event":"Bandung: 4 rows before cleaning, 4 rows after cleaning, 0 rows removed.","logger":"airflow.task.hooks.airflow.providers.standard.hooks.subprocess.SubprocessHook"}
{"timestamp":"2026-10-06T02:12:31.165034","level":"info","event":"Bandung: 4 rows before cleaning, 4 rows after cleaning, 0 rows removed.","logger":"airflow.task.hooks.airflow.providers.standard.hooks.subprocess.SubprocessHook"}
{"timestamp":"2026-10-06T02:12:31.165056","level":"info","event":"Bandung: 1 rows before cleaning, 1 rows after cleaning, 0 rows removed.","logger":"airflow.task.hooks.airflow.providers.standard.hooks.subprocess.SubprocessHook"}
{"timestamp":"2026-10-06T02:12:31.165086","level":"info","event":"Bandung: 0 rows before cleaning, 0 rows after cleaning, 0 rows removed.","logger":"airflow.task.hooks.airflow.providers.standard.hooks.subprocess.SubprocessHook"}
{"timestamp":"2026-10-06T02:12:31.165113","level":"info","event":"Bandung: 3 rows before cleaning, 3 rows after cleaning, 0 rows removed.","logger":"airflow.task.hooks.airflow.providers.standard.hooks.subprocess.SubprocessHook"}
{"timestamp":"2026-10-06T02:12:31.165140","level":"info","event":"Bandung: 3 rows before cleaning, 3 rows after cleaning, 0 rows removed.","logger":"airflow.task.hooks.airflow.providers.standard.hooks.subprocess.SubprocessHook"}
{"timestamp":"2026-10-06T02:12:31.165160","level":"info","event":"Bandung: 4 rows before cleaning, 4 rows after cleaning, 0 rows removed.","logger":"airflow.task.hooks.airflow.providers.standard.hooks.subprocess.SubprocessHook"}
{"timestamp":"2026-10-06T02:12:31.165181","level":"info","event":"Bandung: 1 rows before cleaning, 1 rows after cleaning, 0 rows removed.","logger":"airflow.task.hooks.airflow.providers.standard.hooks.subprocess.SubprocessHook"}
{"timestamp":"2026-10-06T02:12:31.165203","level":"info","event":"Bandung: 24 rows before cleaning, 24 rows after cleaning, 0 rows removed.","logger":"airflow.task.hooks.airflow.providers.standard.hooks.subprocess.SubprocessHook"}
{"timestamp":"2026-10-06T02:12:31.165223","level":"info","event":"Bandung: 3 rows before cleaning, 3 rows after cleaning, 0 rows removed.","logger":"airflow.task.hooks.airflow.providers.standard.hooks.subprocess.SubprocessHook"}
{"timestamp":"2026-10-06T02:12:31.165827","level":"info","event":"Bandung: 3 rows before cleaning, 3 rows after cleaning, 0 rows removed.","logger":"airflow.task.hooks.airflow.providers.standard.hooks.subprocess.SubprocessHook"}
{"timestamp":"2026-10-06T02:12:31.165857","level":"info","event":"Jakarta: 288 rows before cleaning, 288 rows after cleaning, 0 rows removed.","logger":"airflow.task.hooks.airflow.providers.standard.hooks.subprocess.SubprocessHook"}
{"timestamp":"2026-10-06T02:12:31.165881","level":"info","event":"Jakarta: 72 rows before cleaning, 72 rows after cleaning, 0 rows removed.","logger":"airflow.task.hooks.airflow.providers.standard.hooks.subprocess.SubprocessHook"}
{"timestamp":"2026-10-06T02:12:31.165905","level":"info","event":"Jakarta: 120 rows before cleaning, 120 rows after cleaning, 0 rows removed.","logger":"airflow.task.hooks.airflow.providers.standard.hooks.subprocess.SubprocessHook"}
{"timestamp":"2026-10-06T02:12:31.165927","level":"info","event":"Jakarta: 4 rows before cleaning, 4 rows after cleaning, 0 rows removed.","logger":"airflow.task.hooks.airflow.providers.standard.hooks.subprocess.SubprocessHook"}
{"timestamp":"2026-10-06T02:12:31.165948","level":"info","event":"Jakarta: 3 rows before cleaning, 3 rows after cleaning, 0 rows removed.","logger":"airflow.task.hooks.airflow.providers.standard.hooks.subprocess.SubprocessHook"}
{"timestamp":"2026-10-06T02:12:31.165969","level":"info","event":"Jakarta: 4 rows before cleaning, 4 rows after cleaning, 0 rows removed.","logger":"airflow.task.hooks.airflow.providers.standard.hooks.subprocess.SubprocessHook"}
{"timestamp":"2026-10-06T02:12:31.165990","level":"info","event":"Jakarta: 4 rows before cleaning, 4 rows after cleaning, 0 rows removed.","logger":"airflow.task.hooks.airflow.providers.standard.hooks.subprocess.SubprocessHook"}
{"timestamp":"2026-10-06T02:12:31.166012","level":"info","event":"Jakarta: 4 rows before cleaning, 4 rows after cleaning, 0 rows removed.","logger":"airflow.task.hooks.airflow.providers.standard.hooks.subprocess.SubprocessHook"}
{"timestamp":"2026-10-06T02:12:48.131840","level":"info","event":"Jakarta: 4 rows before cleaning, 4 rows after cleaning, 0 rows removed.","logger":"airflow.task.hooks.airflow.providers.standard.hooks.subprocess.SubprocessHook"}
{"timestamp":"2026-10-06T02:12:48.132004","level":"info","event":"Jakarta: 4 rows before cleaning, 4 rows after cleaning, 0 rows removed.","logger":"airflow.task.hooks.airflow.providers.standard.hooks.subprocess.SubprocessHook"}
{"timestamp":"2026-10-06T02:12:48.132058","level":"info","event":"Jakarta: 1 rows before cleaning, 1 rows after cleaning, 0 rows removed.","logger":"airflow.task.hooks.airflow.providers.standard.hooks.subprocess.SubprocessHook"}
{"timestamp":"2026-10-06T02:12:48.132092","level":"info","event":"Jakarta: 0 rows before cleaning, 0 rows after cleaning, 0 rows removed.","logger":"airflow.task.hooks.airflow.providers.standard.hooks.subprocess.SubprocessHook"}
{"timestamp":"2026-10-06T02:12:48.132121","level":"info","event":"Jakarta: 3 rows before cleaning, 3 rows after cleaning, 0 rows removed.","logger":"airflow.task.hooks.airflow.providers.standard.hooks.subprocess.SubprocessHook"}
{"timestamp":"2026-10-06T02:12:48.132148","level":"info","event":"Jakarta: 3 rows before cleaning, 3 rows after cleaning, 0 rows removed.","logger":"airflow.task.hooks.airflow.providers.standard.hooks.subprocess.SubprocessHook"}
{"timestamp":"2026-10-06T02:12:48.132174","level":"info","event":"Jakarta: 4 rows before cleaning, 4 rows after cleaning, 0 rows removed.","logger":"airflow.task.hooks.airflow.providers.standard.hooks.subprocess.SubprocessHook"}
{"timestamp":"2026-10-06T02:12:48.132200","level":"info","event":"Jakarta: 1 rows before cleaning, 1 rows after cleaning, 0 rows removed.","logger":"airflow.task.hooks.airflow.providers.standard.hooks.subprocess.SubprocessHook"}
{"timestamp":"2026-10-06T02:12:48.132227","level":"info","event":"Jakarta: 24 rows before cleaning, 24 rows after cleaning, 0 rows removed.","logger":"airflow.task.hooks.airflow.providers.standard.hooks.subprocess.SubprocessHook"}
{"timestamp":"2026-10-06T02:12:48.132254","level":"info","event":"Jakarta: 3 rows before cleaning, 3 rows after cleaning, 0 rows removed.","logger":"airflow.task.hooks.airflow.providers.standard.hooks.subprocess.SubprocessHook"}
{"timestamp":"2026-10-06T02:12:48.132281","level":"info","event":"Jakarta: 3 rows before cleaning, 3 rows after cleaning, 0 rows removed.","logger":"airflow.task.hooks.airflow.providers.standard.hooks.subprocess.SubprocessHook"}
{"timestamp":"2026-10-06T02:12:48.132306","level":"info","event":"Surabaya: 288 rows before cleaning, 288 rows after cleaning, 0 rows removed.","logger":"airflow.task.hooks.airflow.providers.standard.hooks.subprocess.SubprocessHook"}
{"timestamp":"2026-10-06T02:12:48.132332","level":"info","event":"Surabaya: 72 rows before cleaning, 72 rows after cleaning, 0 rows removed.","logger":"airflow.task.hooks.airflow.providers.standard.hooks.subprocess.SubprocessHook"}
{"timestamp":"2026-10-06T02:12:48.132356","level":"info","event":"Surabaya: 120 rows before cleaning, 120 rows after cleaning, 0 rows removed.","logger":"airflow.task.hooks.airflow.providers.standard.hooks.subprocess.SubprocessHook"}
{"timestamp":"2026-10-06T02:12:48.132381","level":"info","event":"Surabaya: 4 rows before cleaning, 4 rows after cleaning, 0 rows removed.","logger":"airflow.task.hooks.airflow.providers.standard.hooks.subprocess.SubprocessHook"}
{"timestamp":"2026-10-06T02:12:48.132405","level":"info","event":"Surabaya: 3 rows before cleaning, 3 rows after cleaning, 0 rows removed.","logger":"airflow.task.hooks.airflow.providers.standard.hooks.subprocess.SubprocessHook"}
{"timestamp":"2026-10-06T02:12:48.132429","level":"info","event":"Surabaya: 4 rows before cleaning, 4 rows after cleaning, 0 rows removed.","logger":"airflow.task.hooks.airflow.providers.standard.hooks.subprocess.SubprocessHook"}
{"timestamp":"2026-10-06T02:12:48.132454","level":"info","event":"Surabaya: 4 rows before cleaning, 4 rows after cleaning, 0 rows removed.","logger":"airflow.task.hooks.airflow.providers.standard.hooks.subprocess.SubprocessHook"}
{"timestamp":"2026-10-06T02:12:48.132479","level":"info","event":"Surabaya: 4 rows before cleaning, 4 rows after cleaning, 0 rows removed.","logger":"airflow.task.hooks.airflow.providers.standard.hooks.subprocess.SubprocessHook"}
{"timestamp":"2026-10-06T02:12:48.132504","level":"info","event":"Surabaya: 4 rows before cleaning, 4 rows after cleaning, 0 rows removed.","logger":"airflow.task.hooks.airflow.providers.standard.hooks.subprocess.SubprocessHook"}
{"timestamp":"2026-10-06T02:12:48.132528","level":"info","event":"Surabaya: 4 rows before cleaning, 4 rows after cleaning, 0 rows removed.","logger":"airflow.task.hooks.airflow.providers.standard.hooks.subprocess.SubprocessHook"}
{"timestamp":"2026-10-06T02:12:48.132553","level":"info","event":"Surabaya: 1 rows before cleaning, 1 rows after cleaning, 0 rows removed.","logger":"airflow.task.hooks.airflow.providers.standard.hooks.subprocess.SubprocessHook"}
{"timestamp":"2026-10-06T02:12:48.132577","level":"info","event":"Surabaya: 0 rows before cleaning, 0 rows after cleaning, 0 rows removed.","logger":"airflow.task.hooks.airflow.providers.standard.hooks.subprocess.SubprocessHook"}
{"timestamp":"2026-10-06T02:12:48.132600","level":"info","event":"Surabaya: 3 rows before cleaning, 3 rows after cleaning, 0 rows removed.","logger":"airflow.task.hooks.airflow.providers.standard.hooks.subprocess.SubprocessHook"}
{"timestamp":"2026-10-06T02:12:48.132623","level":"info","event":"Surabaya: 3 rows before cleaning, 3 rows after cleaning, 0 rows removed.","logger":"airflow.task.hooks.airflow.providers.standard.hooks.subprocess.SubprocessHook"}
{"timestamp":"2026-10-06T02:12:48.132647","level":"info","event":"Surabaya: 4 rows before cleaning, 4 rows after cleaning, 0 rows removed.","logger":"airflow.task.hooks.airflow.providers.standard.hooks.subprocess.SubprocessHook"}
{"timestamp":"2026-10-06T02:12:48.132672","level":"info","event":"Surabaya: 1 rows before cleaning, 1 rows after cleaning, 0 rows removed.","logger":"airflow.task.hooks.airflow.providers.standard.hooks.subprocess.SubprocessHook"}
{"timestamp":"2026-10-06T02:12:48.132695","level":"info","event":"Surabaya: 24 rows before cleaning, 24 rows after cleaning, 0 rows removed.","logger":"airflow.task.hooks.airflow.providers.standard.hooks.subprocess.SubprocessHook"}
{"timestamp":"2026-10-06T02:12:48.132719","level":"info","event":"Surabaya: 3 rows before cleaning, 3 rows after cleaning, 0 rows removed.","logger":"airflow.task.hooks.airflow.providers.standard.hooks.subprocess.SubprocessHook"}
{"timestamp":"2026-10-06T02:12:48.132742","level":"info","event":"Surabaya: 3 rows before cleaning, 3 rows after cleaning, 0 rows removed.","logger":"airflow.task.hooks.airflow.providers.standard.hooks.subprocess.SubprocessHook"}
{"timestamp":"2026-10-06T02:12:48.132766","level":"info","event":"Bandung: 288 rows before cleaning, 288 rows after cleaning, 0 rows removed.","logger":"airflow.task.hooks.airflow.providers.standard.hooks.subprocess.SubprocessHook"}
{"timestamp":"2026-10-06T02:12:48.132790","level":"info","event":"Bandung: 72 rows before cleaning, 72 rows after cleaning, 0 rows removed.","logger":"airflow.task.hooks.airflow.providers.standard.hooks.subprocess.SubprocessHook"}
{"timestamp":"2026-10-06T02:12:48.132814","level":"info","event":"Bandung: 120 rows before cleaning, 120 rows after cleaning, 0 rows removed.","logger":"airflow.task.hooks.airflow.providers.standard.hooks.subprocess.SubprocessHook"}
{"timestamp":"2026-10-06T02:12:48.132838","level":"info","event":"Bandung: 4 rows before cleaning, 4 rows after cleaning, 0 rows removed.","logger":"airflow.task.hooks.airflow.providers.standard.hooks.subprocess.SubprocessHook"}
{"timestamp":"2026-10-06T02:12:48.132862","level":"info","event":"Bandung: 3 rows before cleaning, 3 rows after cleaning, 0 rows removed.","logger":"airflow.task.hooks.airflow.providers.standard.hooks.subprocess.SubprocessHook"}
{"timestamp":"2026-10-06T02:12:48.132886","level":"info","event":"Bandung: 4 rows before cleaning, 4 rows after cleaning, 0 rows removed.","logger":"airflow.task.hooks.airflow.providers.standard.hooks.subprocess.SubprocessHook"}
{"timestamp":"2026-10-06T02:12:48.132911","level":"info","event":"Bandung: 4 rows before cleaning, 4 rows after cleaning, 0 rows removed.","logger":"airflow.task.hooks.airflow.providers.standard.hooks.subprocess.SubprocessHook"}
{"timestamp":"2026-10-06T02:12:48.132936","level":"info","event":"Bandung: 4 rows before cleaning, 4 rows after cleaning, 0 rows removed.","logger":"airflow.task.hooks.airflow.providers.standard.hooks.subprocess.SubprocessHook"}
{"timestamp":"2026-10-06T02:12:48.132961","level":"info","event":"Bandung: 4 rows before cleaning, 4 rows after cleaning, 0 rows removed.","logger":"airflow.task.hooks.airflow.providers.standard.hooks.subprocess.SubprocessHook"}
{"timestamp":"2026-10-06T02:12:48.132984","level":"info","event":"Bandung: 4 rows before cleaning, 4 rows after cleaning, 0 rows removed.","logger":"airflow.task.hooks.airflow.providers.standard.hooks.subprocess.SubprocessHook"}
{"timestamp":"2026-10-06T02:12:48.133007","level":"info","event":"Bandung: 1 rows before cleaning, 1 rows after cleaning, 0 rows removed.","logger":"airflow.task.hooks.airflow.providers.standard.hooks.subprocess.SubprocessHook"}
{"timestamp":"2026-10-06T02:12:48.133029","level":"info","event":"Bandung: 0 rows before cleaning, 0 rows after cleaning, 0 rows removed.","logger":"airflow.task.hooks.airflow.providers.standard.hooks.subprocess.SubprocessHook"}
{"timestamp":"2026-10-06T02:12:48.133052","level":"info","event":"Bandung: 3 rows before cleaning, 3 rows after cleaning, 0 rows removed.","logger":"airflow.task.hooks.airflow.providers.standard.hooks.subprocess.SubprocessHook"}
{"timestamp":"2026-10-06T02:12:48.133075","level":"info","event":"Bandung: 3 rows before cleaning, 3 rows after cleaning, 0 rows removed.","logger":"airflow.task.hooks.airflow.providers.standard.hooks.subprocess.SubprocessHook"}
{"timestamp":"2026-10-06T02:12:48.133097","level":"info","event":"Bandung: 4 rows before cleaning, 4 rows after cleaning, 0 rows removed.","logger":"airflow.task.hooks.airflow.providers.standard.hooks.subprocess.SubprocessHook"}
{"timestamp":"2026-10-06T02:12:48.133119","level":"info","event":"Bandung: 1 rows before cleaning, 1 rows after cleaning, 0 rows removed.","logger":"airflow.task.hooks.airflow.providers.standard.hooks.subprocess.SubprocessHook"}
{"timestamp":"2026-10-06T02:12:48.133141","level":"info","event":"Bandung: 24 rows before cleaning, 24 rows after cleaning, 0 rows removed.","logger":"airflow.task.hooks.airflow.providers.standard.hooks.subprocess.SubprocessHook"}
{"timestamp":"2026-10-06T02:12:48.133165","level":"info","event":"Bandung: 3 rows before cleaning, 3 rows after cleaning, 0 rows removed.","logger":"airflow.task.hooks.airflow.providers.standard.hooks.subprocess.SubprocessHook"}
{"timestamp":"2026-10-06T02:12:48.133188","level":"info","event":"Bandung: 3 rows before cleaning, 3 rows after cleaning, 0 rows removed.","logger":"airflow.task.hooks.airflow.providers.standard.hooks.subprocess.SubprocessHook"}
{"timestamp":"2026-10-06T02:12:48.133211","level":"info","event":"Bandung: 3 rows before cleaning, 3 rows after cleaning, 0 rows removed.","logger":"airflow.task.hooks.airflow.providers.standard.hooks.subprocess.SubprocessHook"}
{"timestamp":"2026-10-06T02:12:48.133234","level":"info","event":"Jakarta: 288 rows before cleaning, 288 rows after cleaning, 0 rows removed.","logger":"airflow.task.hooks.airflow.providers.standard.hooks.subprocess.SubprocessHook"}
{"timestamp":"2026-10-06T02:12:48.133258","level":"info","event":"Jakarta: 72 rows before cleaning, 72 rows after cleaning, 0 rows removed.","logger":"airflow.task.hooks.airflow.providers.standard.hooks.subprocess.SubprocessHook"}
{"timestamp":"2026-10-06T02:12:48.133280","level":"info","event":"Jakarta: 120 rows before cleaning, 120 rows after cleaning, 0 rows removed.","logger":"airflow.task.hooks.airflow.providers.standard.hooks.subprocess.SubprocessHook"}
{"timestamp":"2026-10-06T02:12:48.133304","level":"info","event":"Jakarta: 4 rows before cleaning, 4 rows after cleaning, 0 rows removed.","logger":"airflow.task.hooks.airflow.providers.standard.hooks.subprocess.SubprocessHook"}
{"timestamp":"2026-10-06T02:12:48.133327","level":"info","event":"Jakarta: 3 rows before cleaning, 3 rows after cleaning, 0 rows removed.","logger":"airflow.task.hooks.airflow.providers.standard.hooks.subprocess.SubprocessHook"}
{"timestamp":"2026-10-06T02:12:48.133350","level":"info","event":"Jakarta: 4 rows before cleaning, 4 rows after cleaning, 0 rows removed.","logger":"airflow.task.hooks.airflow.providers.standard.hooks.subprocess.SubprocessHook"}
{"timestamp":"2026-10-06T02:12:48.133373","level":"info","event":"Jakarta: 4 rows before cleaning, 4 rows after cleaning, 0 rows removed.","logger":"airflow.task.hooks.airflow.providers.standard.hooks.subprocess.SubprocessHook"}
{"timestamp":"2026-10-06T02:12:48.133402","level":"info","event":"Jakarta: 4 rows before cleaning, 4 rows after cleaning, 0 rows removed.","logger":"airflow.task.hooks.airflow.providers.standard.hooks.subprocess.SubprocessHook"}
{"timestamp":"2026-10-06T02:12:48.133452","level":"info","event":"Jakarta: 4 rows before cleaning, 4 rows after cleaning, 0 rows removed.","logger":"airflow.task.hooks.airflow.providers.standard.hooks.subprocess.SubprocessHook"}
{"timestamp":"2026-10-06T02:12:48.133493","level":"info","event":"Jakarta: 4 rows before cleaning, 4 rows after cleaning, 0 rows removed.","logger":"airflow.task.hooks.airflow.providers.standard.hooks.subprocess.SubprocessHook"}
{"timestamp":"2026-10-06T02:12:48.133523","level":"info","event":"Jakarta: 1 rows before cleaning, 1 rows after cleaning, 0 rows removed.","logger":"airflow.task.hooks.airflow.providers.standard.hooks.subprocess.SubprocessHook"}
{"timestamp":"2026-10-06T02:12:48.133549","level":"info","event":"Jakarta: 0 rows before cleaning, 0 rows after cleaning, 0 rows removed.","logger":"airflow.task.hooks.airflow.providers.standard.hooks.subprocess.SubprocessHook"}
{"timestamp":"2026-10-06T02:12:48.133574","level":"info","event":"Jakarta: 3 rows before cleaning, 3 rows after cleaning, 0 rows removed.","logger":"airflow.task.hooks.airflow.providers.standard.hooks.subprocess.SubprocessHook"}
{"timestamp":"2026-10-06T02:12:48.133599","level":"info","event":"Jakarta: 3 rows before cleaning, 3 rows after cleaning, 0 rows removed.","logger":"airflow.task.hooks.airflow.providers.standard.hooks.subprocess.SubprocessHook"}
{"timestamp":"2026-10-06T02:12:48.133625","level":"info","event":"Jakarta: 4 rows before cleaning, 4 rows after cleaning, 0 rows removed.","logger":"airflow.task.hooks.airflow.providers.standard.hooks.subprocess.SubprocessHook"}
{"timestamp":"2026-10-06T02:12:48.133650","level":"info","event":"Jakarta: 1 rows before cleaning, 1 rows after cleaning, 0 rows removed.","logger":"airflow.task.hooks.airflow.providers.standard.hooks.subprocess.SubprocessHook"}
{"timestamp":"2026-10-06T02:12:48.133675","level":"info","event":"Jakarta: 24 rows before cleaning, 24 rows after cleaning, 0 rows removed.","logger":"airflow.task.hooks.airflow.providers.standard.hooks.subprocess.SubprocessHook"}
{"timestamp":"2026-10-06T02:12:48.133700","level":"info","event":"Jakarta: 3 rows before cleaning, 3 rows after cleaning, 0 rows removed.","logger":"airflow.task.hooks.airflow.providers.standard.hooks.subprocess.SubprocessHook"}
{"timestamp":"2026-10-06T02:12:48.133724","level":"info","event":"Jakarta: 3 rows before cleaning, 3 rows after cleaning, 0 rows removed.","logger":"airflow.task.hooks.airflow.providers.standard.hooks.subprocess.SubprocessHook"}
{"timestamp":"2026-10-06T02:12:48.133748","level":"info","event":"Jakarta: 3 rows before cleaning, 3 rows after cleaning, 0 rows removed.","logger":"airflow.task.hooks.airflow.providers.standard.hooks.subprocess.SubprocessHook"}
{"timestamp":"2026-10-06T02:12:48.133772","level":"info","event":"Surabaya: 288 rows before cleaning, 288 rows after cleaning, 0 rows removed.","logger":"airflow.task.hooks.airflow.providers.standard.hooks.subprocess.SubprocessHook"}
{"timestamp":"2026-10-06T02:12:48.133797","level":"info","event":"Surabaya: 72 rows before cleaning, 72 rows after cleaning, 0 rows removed.","logger":"airflow.task.hooks.airflow.providers.standard.hooks.subprocess.SubprocessHook"}
{"timestamp":"2026-10-06T02:12:48.133822","level":"info","event":"Surabaya: 120 rows before cleaning, 120 rows after cleaning, 0 rows removed.","logger":"airflow.task.hooks.airflow.providers.standard.hooks.subprocess.SubprocessHook"}
{"timestamp":"2026-10-06T02:12:48.133847","level":"info","event":"Surabaya: 4 rows before cleaning, 4 rows after cleaning, 0 rows removed.","logger":"airflow.task.hooks.airflow.providers.standard.hooks.subprocess.SubprocessHook"}
{"timestamp":"2026-10-06T02:12:48.133871","level":"info","event":"Surabaya: 3 rows before cleaning, 3 rows after cleaning, 0 rows removed.","logger":"airflow.task.hooks.airflow.providers.standard.hooks.subprocess.SubprocessHook"}
{"timestamp":"2026-10-06T02:12:48.133895","level":"info","event":"Surabaya: 4 rows before cleaning, 4 rows after cleaning, 0 rows removed.","logger":"airflow.task.hooks.airflow.providers.standard.hooks.subprocess.SubprocessHook"}
{"timestamp":"2026-10-06T02:12:48.133919","level":"info","event":"Surabaya: 4 rows before cleaning, 4 rows after cleaning, 0 rows removed.","logger":"airflow.task.hooks.airflow.providers.standard.hooks.subprocess.SubprocessHook"}
{"timestamp":"2026-10-06T02:12:48.133944","level":"info","event":"Surabaya: 4 rows before cleaning, 4 rows after cleaning, 0 rows removed.","logger":"airflow.task.hooks.airflow.providers.standard.hooks.subprocess.SubprocessHook"}
{"timestamp":"2026-10-06T02:12:48.133969","level":"info","event":"Surabaya: 4 rows before cleaning, 4 rows after cleaning, 0 rows removed.","logger":"airflow.task.hooks.airflow.providers.standard.hooks.subprocess.SubprocessHook"}
{"timestamp":"2026-10-06T02:12:48.133994","level":"info","event":"Surabaya: 4 rows before cleaning, 4 rows after cleaning, 0 rows removed.","logger":"airflow.task.hooks.airflow.providers.standard.hooks.subprocess.SubprocessHook"}
{"timestamp":"2026-10-06T02:12:48.134019","level":"info","event":"Surabaya: 1 rows before cleaning, 1 rows after cleaning, 0 rows removed.","logger":"airflow.task.hooks.airflow.providers.standard.hooks.subprocess.SubprocessHook"}
{"timestamp":"2026-10-06T02:12:48.134044","level":"info","event":"Surabaya: 0 rows before cleaning, 0 rows after cleaning, 0 rows removed.","logger":"airflow.task.hooks.airflow.providers.standard.hooks.subprocess.SubprocessHook"}
{"timestamp":"2026-10-06T02:12:48.134069","level":"info","event":"Surabaya: 3 rows before cleaning, 3 rows after cleaning, 0 rows removed.","logger":"airflow.task.hooks.airflow.providers.standard.hooks.subprocess.SubprocessHook"}
{"timestamp":"2026-10-06T02:12:48.134093","level":"info","event":"Surabaya: 3 rows before cleaning, 3 rows after cleaning, 0 rows removed.","logger":"airflow.task.hooks.airflow.providers.standard.hooks.subprocess.SubprocessHook"}
{"timestamp":"2026-10-06T02:12:48.134117","level":"info","event":"Surabaya: 4 rows before cleaning, 4 rows after cleaning, 0 rows removed.","logger":"airflow.task.hooks.airflow.providers.standard.hooks.subprocess.SubprocessHook"}
{"timestamp":"2026-10-06T02:12:48.134140","level":"info","event":"Surabaya: 1 rows before cleaning, 1 rows after cleaning, 0 rows removed.","logger":"airflow.task.hooks.airflow.providers.standard.hooks.subprocess.SubprocessHook"}
{"timestamp":"2026-10-06T02:12:48.134164","level":"info","event":"Surabaya: 24 rows before cleaning, 24 rows after cleaning, 0 rows removed.","logger":"airflow.task.hooks.airflow.providers.standard.hooks.subprocess.SubprocessHook"}
{"timestamp":"2026-10-06T02:12:48.134195","level":"info","event":"Surabaya: 3 rows before cleaning, 3 rows after cleaning, 0 rows removed.","logger":"airflow.task.hooks.airflow.providers.standard.hooks.subprocess.SubprocessHook"}
{"timestamp":"2026-10-06T02:12:48.134220","level":"info","event":"Surabaya: 3 rows before cleaning, 3 rows after cleaning, 0 rows removed.","logger":"airflow.task.hooks.airflow.providers.standard.hooks.subprocess.SubprocessHook"}
{"timestamp":"2026-10-06T02:12:48.134246","level":"info","event":"Surabaya: 3 rows before cleaning, 3 rows after cleaning, 0 rows removed.","logger":"airflow.task.hooks.airflow.providers.standard.hooks.subprocess.SubprocessHook"}
{"timestamp":"2026-10-06T02:12:48.134273","level":"info","event":"","logger":"airflow.task.hooks.airflow.providers.standard.hooks.subprocess.SubprocessHook"}
{"timestamp":"2026-10-06T02:12:48.134302","level":"info","event":"Total rows after cleaning: 30381","logger":"airflow.task.hooks.airflow.providers.standard.hooks.subprocess.SubprocessHook"}
{"timestamp":"2026-10-06T02:12:48.134331","level":"info","event":"","logger":"airflow.task.hooks.airflow.providers.standard.hooks.subprocess.SubprocessHook"}
{"timestamp":"2026-10-06T02:12:48.134360","level":"info","event":"RAW → STAGING completed.","logger":"airflow.task.hooks.airflow.providers.standard.hooks.subprocess.SubprocessHook"}
{"timestamp":"2026-10-06T02:12:48.134454","level":"info","event":"","logger":"airflow.task.hooks.airflow.providers.standard.hooks.subprocess.SubprocessHook"}
{"timestamp":"2026-10-06T02:12:48.134525","level":"info","event":"Total staging rows processed:","logger":"airflow.task.hooks.airflow.providers.standard.hooks.subprocess.SubprocessHook"}
{"timestamp":"2026-10-06T02:12:48.134566","level":"info","event":"30381","logger":"airflow.task.hooks.airflow.providers.standard.hooks.subprocess.SubprocessHook"}
{"timestamp":"2026-10-06T02:12:48.134599","level":"info","event":"","logger":"airflow.task.hooks.airflow.providers.standard.hooks.subprocess.SubprocessHook"}
{"timestamp":"2026-10-06T02:12:48.134630","level":"info","event":"RAW → STAGING completed successfully.","logger":"airflow.task.hooks.airflow.providers.standard.hooks.subprocess.SubprocessHook"}
{"timestamp":"2026-10-06T02:12:48.242063","level":"info","event":"Command exited with return code 0","logger":"airflow.task.hooks.airflow.providers.standard.hooks.subprocess.SubprocessHook"}
{"timestamp":"2026-10-06T02:12:48.242819","level":"info","event":"Pushing xcom","ti":"RuntimeTaskInstance(id=UUID('01a10efb-8db4-78d8-b3b0-5461735e8466'), task_id='transform_staging', dag_id='weather_pipeline', run_id='manual__2026-10-06T02:12:09.198489+00:00', try_number=1, map_index=-1, hostname='c98161626874', context_carrier=None, task=<Task(BashOperator): transform_staging>, bundle_instance=LocalDagBundle(name=dags-folder), max_tries=2, start_date=datetime.datetime(2026, 10, 6, 2, 12, 23, 16520, tzinfo=datetime.timezone.utc), end_date=None, state=<TaskInstanceState.RUNNING: 'running'>, is_mapped=False, rendered_map_index=None, log_url='http://localhost:8080/dags/weather_pipeline/runs/manual__2026-10-06T02%3A12%3A09.198489%2B00%3A00/tasks/transform_staging?try_number=1')","logger":"task"}
{"timestamp":"2026-10-06T02:12:48.906465","level":"info","event":"OpenLineageClient will use `http` transport","logger":"openlineage.client.client"}
{"timestamp":"2026-10-06T02:12:52.741690","level":"info","event":"Successfully emitted OpenLineage `COMPLETE` event of id `01a10efb-8915-7b35-942e-0a503540ecc8`","logger":"airflow.providers.openlineage.plugins.adapter.OpenLineageAdapter"}
