{"timestamp":"2026-10-05T11:48:05.380556","level":"info","event":"DAG bundles loaded: dags-folder","logger":"airflow.dag_processing.bundles.manager.DagBundlesManager"}
{"timestamp":"2026-10-05T11:48:05.381471","level":"info","event":"Filling up the DagBag from /opt/airflow/dags/weather_pipeline.py","logger":"airflow.models.dagbag.DagBag"}
{"timestamp":"2026-10-05T11:48:05.721243","level":"warning","event":"This process (pid=283) is multi-threaded, use of fork() may lead to deadlocks in the child.","category":"DeprecationWarning","filename":"/home/airflow/.local/lib/python3.12/site-packages/airflow/providers/openlineage/plugins/listener.py","lineno":768,"logger":"py.warnings"}
{"timestamp":"2026-10-05T11:48:06.212615","level":"info","event":"OpenLineageClient will use `http` transport","logger":"openlineage.client.client"}
{"timestamp":"2026-10-05T11:48:09.246164","level":"info","event":"Successfully emitted OpenLineage `START` event of id `01a10be4-37e8-7d15-b9e3-4f4f6d8b08c2`","logger":"airflow.providers.openlineage.plugins.adapter.OpenLineageAdapter"}
{"timestamp":"2026-10-05T11:48:09.276727","level":"info","event":"Tmp dir root location: /tmp","logger":"airflow.task.hooks.airflow.providers.standard.hooks.subprocess.SubprocessHook"}
{"timestamp":"2026-10-05T11:48:09.277793","level":"info","event":"Running command: ['/usr/bin/bash', '-c', 'python /opt/airflow/src/transform_load.py']","logger":"airflow.task.hooks.airflow.providers.standard.hooks.subprocess.SubprocessHook"}
{"timestamp":"2026-10-05T11:48:09.287830","level":"info","event":"Output:","logger":"airflow.task.hooks.airflow.providers.standard.hooks.subprocess.SubprocessHook"}
{"timestamp":"2026-10-05T11:48:11.050722","level":"info","event":"Starting transformation and loading...","logger":"airflow.task.hooks.airflow.providers.standard.hooks.subprocess.SubprocessHook"}
{"timestamp":"2026-10-05T11:48:11.050900","level":"info","event":"Processing file: /opt/airflow/raw/bandung_2026-09-20_2026-10-01_2026-10-05_12-08-36.json","logger":"airflow.task.hooks.airflow.providers.standard.hooks.subprocess.SubprocessHook"}
{"timestamp":"2026-10-05T11:48:11.050959","level":"info","event":"Bandung: Raw data loaded into PostgreSQL.","logger":"airflow.task.hooks.airflow.providers.standard.hooks.subprocess.SubprocessHook"}
{"timestamp":"2026-10-05T11:48:11.050997","level":"info","event":"Processing file: /opt/airflow/raw/bandung_2026-10-01_2026-10-03_2026-10-05_12-24-24.json","logger":"airflow.task.hooks.airflow.providers.standard.hooks.subprocess.SubprocessHook"}
{"timestamp":"2026-10-05T11:48:11.051030","level":"info","event":"Bandung: Raw data loaded into PostgreSQL.","logger":"airflow.task.hooks.airflow.providers.standard.hooks.subprocess.SubprocessHook"}
{"timestamp":"2026-10-05T11:48:11.051062","level":"info","event":"Processing file: /opt/airflow/raw/bandung_2026-10-01_2026-10-05_2026-10-05_12-06-04.json","logger":"airflow.task.hooks.airflow.providers.standard.hooks.subprocess.SubprocessHook"}
{"timestamp":"2026-10-05T11:48:11.051095","level":"info","event":"Bandung: Raw data loaded into PostgreSQL.","logger":"airflow.task.hooks.airflow.providers.standard.hooks.subprocess.SubprocessHook"}
{"timestamp":"2026-10-05T11:48:11.051126","level":"info","event":"Processing file: /opt/airflow/raw/bandung_2026-10-05T12-00_2026-10-05T15-00_2026-10-05_14-43-08.json","logger":"airflow.task.hooks.airflow.providers.standard.hooks.subprocess.SubprocessHook"}
{"timestamp":"2026-10-05T11:48:11.051159","level":"info","event":"Bandung: Raw data loaded into PostgreSQL.","logger":"airflow.task.hooks.airflow.providers.standard.hooks.subprocess.SubprocessHook"}
{"timestamp":"2026-10-05T11:48:11.051188","level":"info","event":"Processing file: /opt/airflow/raw/bandung_2026-10-05T12-00_2026-10-05T15-00_2026-10-05_14-45-57.json","logger":"airflow.task.hooks.airflow.providers.standard.hooks.subprocess.SubprocessHook"}
{"timestamp":"2026-10-05T11:48:11.051217","level":"info","event":"Bandung: Raw data loaded into PostgreSQL.","logger":"airflow.task.hooks.airflow.providers.standard.hooks.subprocess.SubprocessHook"}
{"timestamp":"2026-10-05T11:48:11.051244","level":"info","event":"Processing file: /opt/airflow/raw/bandung_2026-10-05T13-26_2026-10-05T16-26_2026-10-05_16-27-05.json","logger":"airflow.task.hooks.airflow.providers.standard.hooks.subprocess.SubprocessHook"}
{"timestamp":"2026-10-05T11:48:11.051271","level":"info","event":"Bandung: Raw data loaded into PostgreSQL.","logger":"airflow.task.hooks.airflow.providers.standard.hooks.subprocess.SubprocessHook"}
{"timestamp":"2026-10-05T11:48:11.051300","level":"info","event":"Processing file: /opt/airflow/raw/bandung_2026-10-05T13-41_2026-10-05T16-41_2026-10-05_16-41-48.json","logger":"airflow.task.hooks.airflow.providers.standard.hooks.subprocess.SubprocessHook"}
{"timestamp":"2026-10-05T11:48:11.051328","level":"info","event":"Bandung: Raw data loaded into PostgreSQL.","logger":"airflow.task.hooks.airflow.providers.standard.hooks.subprocess.SubprocessHook"}
{"timestamp":"2026-10-05T11:48:11.051361","level":"info","event":"Processing file: /opt/airflow/raw/bandung_2026-10-05T13-48_2026-10-05T16-48_2026-10-05_16-48-24.json","logger":"airflow.task.hooks.airflow.providers.standard.hooks.subprocess.SubprocessHook"}
{"timestamp":"2026-10-05T11:48:11.051405","level":"info","event":"Bandung: Raw data loaded into PostgreSQL.","logger":"airflow.task.hooks.airflow.providers.standard.hooks.subprocess.SubprocessHook"}
{"timestamp":"2026-10-05T11:48:11.051450","level":"info","event":"Processing file: /opt/airflow/raw/bandung_2026-10-05T13-53_2026-10-05T16-53_2026-10-05_16-53-34.json","logger":"airflow.task.hooks.airflow.providers.standard.hooks.subprocess.SubprocessHook"}
{"timestamp":"2026-10-05T11:48:11.051538","level":"info","event":"Bandung: Raw data loaded into PostgreSQL.","logger":"airflow.task.hooks.airflow.providers.standard.hooks.subprocess.SubprocessHook"}
{"timestamp":"2026-10-05T11:48:11.051598","level":"info","event":"Processing file: /opt/airflow/raw/bandung_2026-10-05T14-03_2026-10-05T17-03_2026-10-05_17-03-27.json","logger":"airflow.task.hooks.airflow.providers.standard.hooks.subprocess.SubprocessHook"}
{"timestamp":"2026-10-05T11:48:11.051641","level":"info","event":"Bandung: Raw data loaded into PostgreSQL.","logger":"airflow.task.hooks.airflow.providers.standard.hooks.subprocess.SubprocessHook"}
{"timestamp":"2026-10-05T11:48:11.051708","level":"info","event":"Processing file: /opt/airflow/raw/bandung_2026-10-05T14-49_2026-10-05T14-49_2026-10-05_14-49-28.json","logger":"airflow.task.hooks.airflow.providers.standard.hooks.subprocess.SubprocessHook"}
{"timestamp":"2026-10-05T11:48:11.051765","level":"info","event":"Bandung: Raw data loaded into PostgreSQL.","logger":"airflow.task.hooks.airflow.providers.standard.hooks.subprocess.SubprocessHook"}
{"timestamp":"2026-10-05T11:48:11.051818","level":"info","event":"Processing file: /opt/airflow/raw/bandung_2026-10-05T15-00_2026-10-05T15-00_2026-10-05_15-00-07.json","logger":"airflow.task.hooks.airflow.providers.standard.hooks.subprocess.SubprocessHook"}
{"timestamp":"2026-10-05T11:48:11.051872","level":"info","event":"Bandung: Raw data loaded into PostgreSQL.","logger":"airflow.task.hooks.airflow.providers.standard.hooks.subprocess.SubprocessHook"}
{"timestamp":"2026-10-05T11:48:11.051929","level":"info","event":"Processing file: /opt/airflow/raw/bandung_2026-10-05T15-00_2026-10-05T18-00_2026-10-05_18-00-10.json","logger":"airflow.task.hooks.airflow.providers.standard.hooks.subprocess.SubprocessHook"}
{"timestamp":"2026-10-05T11:48:11.051974","level":"info","event":"Bandung: Raw data loaded into PostgreSQL.","logger":"airflow.task.hooks.airflow.providers.standard.hooks.subprocess.SubprocessHook"}
{"timestamp":"2026-10-05T11:48:11.052005","level":"info","event":"Processing file: /opt/airflow/raw/bandung_2026-10-05T15-00_2026-10-05T18-00_2026-10-05_18-48-01.json","logger":"airflow.task.hooks.airflow.providers.standard.hooks.subprocess.SubprocessHook"}
{"timestamp":"2026-10-05T11:48:11.052039","level":"info","event":"Bandung: Raw data loaded into PostgreSQL.","logger":"airflow.task.hooks.airflow.providers.standard.hooks.subprocess.SubprocessHook"}
{"timestamp":"2026-10-05T11:48:11.052152","level":"info","event":"Processing file: /opt/airflow/raw/bandung_2026-10-05T15-23_2026-10-05T18-23_2026-10-05_18-23-24.json","logger":"airflow.task.hooks.airflow.providers.standard.hooks.subprocess.SubprocessHook"}
{"timestamp":"2026-10-05T11:48:11.052256","level":"info","event":"Bandung: Raw data loaded into PostgreSQL.","logger":"airflow.task.hooks.airflow.providers.standard.hooks.subprocess.SubprocessHook"}
{"timestamp":"2026-10-05T11:48:11.052314","level":"info","event":"Processing file: /opt/airflow/raw/bandung_2026-10-05T18-41_2026-10-05T18-41_2026-10-05_18-41-20.json","logger":"airflow.task.hooks.airflow.providers.standard.hooks.subprocess.SubprocessHook"}
{"timestamp":"2026-10-05T11:48:11.052353","level":"info","event":"Bandung: Raw data loaded into PostgreSQL.","logger":"airflow.task.hooks.airflow.providers.standard.hooks.subprocess.SubprocessHook"}
{"timestamp":"2026-10-05T11:48:11.052388","level":"info","event":"Processing file: /opt/airflow/raw/bandung_2026-10-05_2026-10-05_2026-10-05_14-19-22.json","logger":"airflow.task.hooks.airflow.providers.standard.hooks.subprocess.SubprocessHook"}
{"timestamp":"2026-10-05T11:48:11.052426","level":"info","event":"Bandung: Raw data loaded into PostgreSQL.","logger":"airflow.task.hooks.airflow.providers.standard.hooks.subprocess.SubprocessHook"}
{"timestamp":"2026-10-05T11:48:11.052459","level":"info","event":"Processing file: /opt/airflow/raw/jakarta_2026-09-20_2026-10-01_2026-10-05_12-08-33.json","logger":"airflow.task.hooks.airflow.providers.standard.hooks.subprocess.SubprocessHook"}
{"timestamp":"2026-10-05T11:48:11.052492","level":"info","event":"Jakarta: Raw data loaded into PostgreSQL.","logger":"airflow.task.hooks.airflow.providers.standard.hooks.subprocess.SubprocessHook"}
{"timestamp":"2026-10-05T11:48:11.052523","level":"info","event":"Processing file: /opt/airflow/raw/jakarta_2026-10-01_2026-10-03_2026-10-05_12-24-21.json","logger":"airflow.task.hooks.airflow.providers.standard.hooks.subprocess.SubprocessHook"}
{"timestamp":"2026-10-05T11:48:11.052555","level":"info","event":"Jakarta: Raw data loaded into PostgreSQL.","logger":"airflow.task.hooks.airflow.providers.standard.hooks.subprocess.SubprocessHook"}
{"timestamp":"2026-10-05T11:48:11.052588","level":"info","event":"Processing file: /opt/airflow/raw/jakarta_2026-10-01_2026-10-05_2026-10-05_12-06-02.json","logger":"airflow.task.hooks.airflow.providers.standard.hooks.subprocess.SubprocessHook"}
{"timestamp":"2026-10-05T11:48:11.052621","level":"info","event":"Jakarta: Raw data loaded into PostgreSQL.","logger":"airflow.task.hooks.airflow.providers.standard.hooks.subprocess.SubprocessHook"}
{"timestamp":"2026-10-05T11:48:11.052652","level":"info","event":"Processing file: /opt/airflow/raw/jakarta_2026-10-05T12-00_2026-10-05T15-00_2026-10-05_14-43-06.json","logger":"airflow.task.hooks.airflow.providers.standard.hooks.subprocess.SubprocessHook"}
{"timestamp":"2026-10-05T11:48:11.052867","level":"info","event":"Jakarta: Raw data loaded into PostgreSQL.","logger":"airflow.task.hooks.airflow.providers.standard.hooks.subprocess.SubprocessHook"}
{"timestamp":"2026-10-05T11:48:11.052941","level":"info","event":"Processing file: /opt/airflow/raw/jakarta_2026-10-05T12-00_2026-10-05T15-00_2026-10-05_14-45-53.json","logger":"airflow.task.hooks.airflow.providers.standard.hooks.subprocess.SubprocessHook"}
{"timestamp":"2026-10-05T11:48:11.052998","level":"info","event":"Jakarta: Raw data loaded into PostgreSQL.","logger":"airflow.task.hooks.airflow.providers.standard.hooks.subprocess.SubprocessHook"}
{"timestamp":"2026-10-05T11:48:11.053049","level":"info","event":"Processing file: /opt/airflow/raw/jakarta_2026-10-05T13-26_2026-10-05T16-26_2026-10-05_16-27-03.json","logger":"airflow.task.hooks.airflow.providers.standard.hooks.subprocess.SubprocessHook"}
{"timestamp":"2026-10-05T11:48:11.053096","level":"info","event":"Jakarta: Raw data loaded into PostgreSQL.","logger":"airflow.task.hooks.airflow.providers.standard.hooks.subprocess.SubprocessHook"}
{"timestamp":"2026-10-05T11:48:11.053150","level":"info","event":"Processing file: /opt/airflow/raw/jakarta_2026-10-05T13-41_2026-10-05T16-41_2026-10-05_16-41-46.json","logger":"airflow.task.hooks.airflow.providers.standard.hooks.subprocess.SubprocessHook"}
{"timestamp":"2026-10-05T11:48:11.053189","level":"info","event":"Jakarta: Raw data loaded into PostgreSQL.","logger":"airflow.task.hooks.airflow.providers.standard.hooks.subprocess.SubprocessHook"}
{"timestamp":"2026-10-05T11:48:11.053237","level":"info","event":"Processing file: /opt/airflow/raw/jakarta_2026-10-05T13-48_2026-10-05T16-48_2026-10-05_16-48-21.json","logger":"airflow.task.hooks.airflow.providers.standard.hooks.subprocess.SubprocessHook"}
{"timestamp":"2026-10-05T11:48:11.053282","level":"info","event":"Jakarta: Raw data loaded into PostgreSQL.","logger":"airflow.task.hooks.airflow.providers.standard.hooks.subprocess.SubprocessHook"}
{"timestamp":"2026-10-05T11:48:11.053314","level":"info","event":"Processing file: /opt/airflow/raw/jakarta_2026-10-05T13-53_2026-10-05T16-53_2026-10-05_16-53-29.json","logger":"airflow.task.hooks.airflow.providers.standard.hooks.subprocess.SubprocessHook"}
{"timestamp":"2026-10-05T11:48:11.053350","level":"info","event":"Jakarta: Raw data loaded into PostgreSQL.","logger":"airflow.task.hooks.airflow.providers.standard.hooks.subprocess.SubprocessHook"}
{"timestamp":"2026-10-05T11:48:11.053388","level":"info","event":"Processing file: /opt/airflow/raw/jakarta_2026-10-05T14-03_2026-10-05T17-03_2026-10-05_17-03-25.json","logger":"airflow.task.hooks.airflow.providers.standard.hooks.subprocess.SubprocessHook"}
{"timestamp":"2026-10-05T11:48:11.053418","level":"info","event":"Jakarta: Raw data loaded into PostgreSQL.","logger":"airflow.task.hooks.airflow.providers.standard.hooks.subprocess.SubprocessHook"}
{"timestamp":"2026-10-05T11:48:11.053446","level":"info","event":"Processing file: /opt/airflow/raw/jakarta_2026-10-05T14-49_2026-10-05T14-49_2026-10-05_14-49-26.json","logger":"airflow.task.hooks.airflow.providers.standard.hooks.subprocess.SubprocessHook"}
{"timestamp":"2026-10-05T11:48:11.053474","level":"info","event":"Jakarta: Raw data loaded into PostgreSQL.","logger":"airflow.task.hooks.airflow.providers.standard.hooks.subprocess.SubprocessHook"}
{"timestamp":"2026-10-05T11:48:11.053502","level":"info","event":"Processing file: /opt/airflow/raw/jakarta_2026-10-05T15-00_2026-10-05T15-00_2026-10-05_15-00-04.json","logger":"airflow.task.hooks.airflow.providers.standard.hooks.subprocess.SubprocessHook"}
{"timestamp":"2026-10-05T11:48:11.053537","level":"info","event":"Jakarta: Raw data loaded into PostgreSQL.","logger":"airflow.task.hooks.airflow.providers.standard.hooks.subprocess.SubprocessHook"}
{"timestamp":"2026-10-05T11:48:11.053564","level":"info","event":"Processing file: /opt/airflow/raw/jakarta_2026-10-05T15-00_2026-10-05T18-00_2026-10-05_18-00-08.json","logger":"airflow.task.hooks.airflow.providers.standard.hooks.subprocess.SubprocessHook"}
{"timestamp":"2026-10-05T11:48:11.053591","level":"info","event":"Jakarta: Raw data loaded into PostgreSQL.","logger":"airflow.task.hooks.airflow.providers.standard.hooks.subprocess.SubprocessHook"}
{"timestamp":"2026-10-05T11:48:11.053616","level":"info","event":"Processing file: /opt/airflow/raw/jakarta_2026-10-05T15-00_2026-10-05T18-00_2026-10-05_18-47-58.json","logger":"airflow.task.hooks.airflow.providers.standard.hooks.subprocess.SubprocessHook"}
{"timestamp":"2026-10-05T11:48:11.053643","level":"info","event":"Jakarta: Raw data loaded into PostgreSQL.","logger":"airflow.task.hooks.airflow.providers.standard.hooks.subprocess.SubprocessHook"}
{"timestamp":"2026-10-05T11:48:11.053669","level":"info","event":"Processing file: /opt/airflow/raw/jakarta_2026-10-05T15-23_2026-10-05T18-23_2026-10-05_18-23-22.json","logger":"airflow.task.hooks.airflow.providers.standard.hooks.subprocess.SubprocessHook"}
{"timestamp":"2026-10-05T11:48:11.053696","level":"info","event":"Jakarta: Raw data loaded into PostgreSQL.","logger":"airflow.task.hooks.airflow.providers.standard.hooks.subprocess.SubprocessHook"}
{"timestamp":"2026-10-05T11:48:11.053723","level":"info","event":"Processing file: /opt/airflow/raw/jakarta_2026-10-05T18-41_2026-10-05T18-41_2026-10-05_18-41-17.json","logger":"airflow.task.hooks.airflow.providers.standard.hooks.subprocess.SubprocessHook"}
{"timestamp":"2026-10-05T11:48:11.053750","level":"info","event":"Jakarta: Raw data loaded into PostgreSQL.","logger":"airflow.task.hooks.airflow.providers.standard.hooks.subprocess.SubprocessHook"}
{"timestamp":"2026-10-05T11:48:11.053777","level":"info","event":"Processing file: /opt/airflow/raw/jakarta_2026-10-05_2026-10-05_2026-10-05_14-19-19.json","logger":"airflow.task.hooks.airflow.providers.standard.hooks.subprocess.SubprocessHook"}
{"timestamp":"2026-10-05T11:48:11.053805","level":"info","event":"Jakarta: Raw data loaded into PostgreSQL.","logger":"airflow.task.hooks.airflow.providers.standard.hooks.subprocess.SubprocessHook"}
{"timestamp":"2026-10-05T11:48:11.053846","level":"info","event":"Processing file: /opt/airflow/raw/surabaya_2026-09-20_2026-10-01_2026-10-05_12-08-39.json","logger":"airflow.task.hooks.airflow.providers.standard.hooks.subprocess.SubprocessHook"}
{"timestamp":"2026-10-05T11:48:11.053880","level":"info","event":"Surabaya: Raw data loaded into PostgreSQL.","logger":"airflow.task.hooks.airflow.providers.standard.hooks.subprocess.SubprocessHook"}
{"timestamp":"2026-10-05T11:48:11.053909","level":"info","event":"Processing file: /opt/airflow/raw/surabaya_2026-10-01_2026-10-03_2026-10-05_12-24-27.json","logger":"airflow.task.hooks.airflow.providers.standard.hooks.subprocess.SubprocessHook"}
{"timestamp":"2026-10-05T11:48:11.053936","level":"info","event":"Surabaya: Raw data loaded into PostgreSQL.","logger":"airflow.task.hooks.airflow.providers.standard.hooks.subprocess.SubprocessHook"}
{"timestamp":"2026-10-05T11:48:11.053964","level":"info","event":"Processing file: /opt/airflow/raw/surabaya_2026-10-01_2026-10-05_2026-10-05_12-06-07.json","logger":"airflow.task.hooks.airflow.providers.standard.hooks.subprocess.SubprocessHook"}
{"timestamp":"2026-10-05T11:48:11.053990","level":"info","event":"Surabaya: Raw data loaded into PostgreSQL.","logger":"airflow.task.hooks.airflow.providers.standard.hooks.subprocess.SubprocessHook"}
{"timestamp":"2026-10-05T11:48:11.054016","level":"info","event":"Processing file: /opt/airflow/raw/surabaya_2026-10-05T12-00_2026-10-05T15-00_2026-10-05_14-43-12.json","logger":"airflow.task.hooks.airflow.providers.standard.hooks.subprocess.SubprocessHook"}
{"timestamp":"2026-10-05T11:48:11.054054","level":"info","event":"Surabaya: Raw data loaded into PostgreSQL.","logger":"airflow.task.hooks.airflow.providers.standard.hooks.subprocess.SubprocessHook"}
{"timestamp":"2026-10-05T11:48:11.054094","level":"info","event":"Processing file: /opt/airflow/raw/surabaya_2026-10-05T12-00_2026-10-05T15-00_2026-10-05_14-46-00.json","logger":"airflow.task.hooks.airflow.providers.standard.hooks.subprocess.SubprocessHook"}
{"timestamp":"2026-10-05T11:48:11.054122","level":"info","event":"Surabaya: Raw data loaded into PostgreSQL.","logger":"airflow.task.hooks.airflow.providers.standard.hooks.subprocess.SubprocessHook"}
{"timestamp":"2026-10-05T11:48:11.054149","level":"info","event":"Processing file: /opt/airflow/raw/surabaya_2026-10-05T13-26_2026-10-05T16-26_2026-10-05_16-27-07.json","logger":"airflow.task.hooks.airflow.providers.standard.hooks.subprocess.SubprocessHook"}
{"timestamp":"2026-10-05T11:48:11.054178","level":"info","event":"Surabaya: Raw data loaded into PostgreSQL.","logger":"airflow.task.hooks.airflow.providers.standard.hooks.subprocess.SubprocessHook"}
{"timestamp":"2026-10-05T11:48:11.054205","level":"info","event":"Processing file: /opt/airflow/raw/surabaya_2026-10-05T13-41_2026-10-05T16-41_2026-10-05_16-41-51.json","logger":"airflow.task.hooks.airflow.providers.standard.hooks.subprocess.SubprocessHook"}
{"timestamp":"2026-10-05T11:48:11.054241","level":"info","event":"Surabaya: Raw data loaded into PostgreSQL.","logger":"airflow.task.hooks.airflow.providers.standard.hooks.subprocess.SubprocessHook"}
{"timestamp":"2026-10-05T11:48:11.054344","level":"info","event":"Processing file: /opt/airflow/raw/surabaya_2026-10-05T13-48_2026-10-05T16-48_2026-10-05_16-48-26.json","logger":"airflow.task.hooks.airflow.providers.standard.hooks.subprocess.SubprocessHook"}
{"timestamp":"2026-10-05T11:48:11.054408","level":"info","event":"Surabaya: Raw data loaded into PostgreSQL.","logger":"airflow.task.hooks.airflow.providers.standard.hooks.subprocess.SubprocessHook"}
{"timestamp":"2026-10-05T11:48:11.054462","level":"info","event":"Processing file: /opt/airflow/raw/surabaya_2026-10-05T13-53_2026-10-05T16-53_2026-10-05_16-53-36.json","logger":"airflow.task.hooks.airflow.providers.standard.hooks.subprocess.SubprocessHook"}
{"timestamp":"2026-10-05T11:48:11.054505","level":"info","event":"Surabaya: Raw data loaded into PostgreSQL.","logger":"airflow.task.hooks.airflow.providers.standard.hooks.subprocess.SubprocessHook"}
{"timestamp":"2026-10-05T11:48:11.054543","level":"info","event":"Processing file: /opt/airflow/raw/surabaya_2026-10-05T14-03_2026-10-05T17-03_2026-10-05_17-03-29.json","logger":"airflow.task.hooks.airflow.providers.standard.hooks.subprocess.SubprocessHook"}
{"timestamp":"2026-10-05T11:48:11.054573","level":"info","event":"Surabaya: Raw data loaded into PostgreSQL.","logger":"airflow.task.hooks.airflow.providers.standard.hooks.subprocess.SubprocessHook"}
{"timestamp":"2026-10-05T11:48:11.054607","level":"info","event":"Processing file: /opt/airflow/raw/surabaya_2026-10-05T14-49_2026-10-05T14-49_2026-10-05_14-49-31.json","logger":"airflow.task.hooks.airflow.providers.standard.hooks.subprocess.SubprocessHook"}
{"timestamp":"2026-10-05T11:48:11.054653","level":"info","event":"Surabaya: Raw data loaded into PostgreSQL.","logger":"airflow.task.hooks.airflow.providers.standard.hooks.subprocess.SubprocessHook"}
{"timestamp":"2026-10-05T11:48:11.054703","level":"info","event":"Processing file: /opt/airflow/raw/surabaya_2026-10-05T15-00_2026-10-05T15-00_2026-10-05_15-00-09.json","logger":"airflow.task.hooks.airflow.providers.standard.hooks.subprocess.SubprocessHook"}
{"timestamp":"2026-10-05T11:48:11.054751","level":"info","event":"Surabaya: Raw data loaded into PostgreSQL.","logger":"airflow.task.hooks.airflow.providers.standard.hooks.subprocess.SubprocessHook"}
{"timestamp":"2026-10-05T11:48:11.054801","level":"info","event":"Processing file: /opt/airflow/raw/surabaya_2026-10-05T15-00_2026-10-05T18-00_2026-10-05_18-00-13.json","logger":"airflow.task.hooks.airflow.providers.standard.hooks.subprocess.SubprocessHook"}
{"timestamp":"2026-10-05T11:48:11.054847","level":"info","event":"Surabaya: Raw data loaded into PostgreSQL.","logger":"airflow.task.hooks.airflow.providers.standard.hooks.subprocess.SubprocessHook"}
{"timestamp":"2026-10-05T11:48:11.054893","level":"info","event":"Processing file: /opt/airflow/raw/surabaya_2026-10-05T15-00_2026-10-05T18-00_2026-10-05_18-48-04.json","logger":"airflow.task.hooks.airflow.providers.standard.hooks.subprocess.SubprocessHook"}
{"timestamp":"2026-10-05T11:48:11.054925","level":"info","event":"Surabaya: Raw data loaded into PostgreSQL.","logger":"airflow.task.hooks.airflow.providers.standard.hooks.subprocess.SubprocessHook"}
{"timestamp":"2026-10-05T11:48:11.054954","level":"info","event":"Processing file: /opt/airflow/raw/surabaya_2026-10-05T15-23_2026-10-05T18-23_2026-10-05_18-23-28.json","logger":"airflow.task.hooks.airflow.providers.standard.hooks.subprocess.SubprocessHook"}
{"timestamp":"2026-10-05T11:48:11.054991","level":"info","event":"Surabaya: Raw data loaded into PostgreSQL.","logger":"airflow.task.hooks.airflow.providers.standard.hooks.subprocess.SubprocessHook"}
{"timestamp":"2026-10-05T11:48:11.055038","level":"info","event":"Processing file: /opt/airflow/raw/surabaya_2026-10-05T18-41_2026-10-05T18-41_2026-10-05_18-41-23.json","logger":"airflow.task.hooks.airflow.providers.standard.hooks.subprocess.SubprocessHook"}
{"timestamp":"2026-10-05T11:48:11.055083","level":"info","event":"Surabaya: Raw data loaded into PostgreSQL.","logger":"airflow.task.hooks.airflow.providers.standard.hooks.subprocess.SubprocessHook"}
{"timestamp":"2026-10-05T11:48:11.055115","level":"info","event":"Processing file: /opt/airflow/raw/surabaya_2026-10-05_2026-10-05_2026-10-05_14-19-24.json","logger":"airflow.task.hooks.airflow.providers.standard.hooks.subprocess.SubprocessHook"}
{"timestamp":"2026-10-05T11:48:11.055147","level":"info","event":"Surabaya: Raw data loaded into PostgreSQL.","logger":"airflow.task.hooks.airflow.providers.standard.hooks.subprocess.SubprocessHook"}
{"timestamp":"2026-10-05T11:48:11.055187","level":"info","event":"","logger":"airflow.task.hooks.airflow.providers.standard.hooks.subprocess.SubprocessHook"}
{"timestamp":"2026-10-05T11:48:11.055235","level":"info","event":"RAW loading completed.","logger":"airflow.task.hooks.airflow.providers.standard.hooks.subprocess.SubprocessHook"}
{"timestamp":"2026-10-05T11:48:11.055276","level":"info","event":"Bandung: 120 rows before cleaning, 120 rows after cleaning, 0 rows removed.","logger":"airflow.task.hooks.airflow.providers.standard.hooks.subprocess.SubprocessHook"}
{"timestamp":"2026-10-05T11:48:11.055311","level":"info","event":"Jakarta: 120 rows before cleaning, 120 rows after cleaning, 0 rows removed.","logger":"airflow.task.hooks.airflow.providers.standard.hooks.subprocess.SubprocessHook"}
{"timestamp":"2026-10-05T11:48:11.055339","level":"info","event":"Surabaya: 120 rows before cleaning, 120 rows after cleaning, 0 rows removed.","logger":"airflow.task.hooks.airflow.providers.standard.hooks.subprocess.SubprocessHook"}
{"timestamp":"2026-10-05T11:48:11.055366","level":"info","event":"Bandung: 288 rows before cleaning, 288 rows after cleaning, 0 rows removed.","logger":"airflow.task.hooks.airflow.providers.standard.hooks.subprocess.SubprocessHook"}
{"timestamp":"2026-10-05T11:48:11.055393","level":"info","event":"Bandung: 120 rows before cleaning, 120 rows after cleaning, 0 rows removed.","logger":"airflow.task.hooks.airflow.providers.standard.hooks.subprocess.SubprocessHook"}
{"timestamp":"2026-10-05T11:48:11.055419","level":"info","event":"Jakarta: 288 rows before cleaning, 288 rows after cleaning, 0 rows removed.","logger":"airflow.task.hooks.airflow.providers.standard.hooks.subprocess.SubprocessHook"}
{"timestamp":"2026-10-05T11:48:11.055446","level":"info","event":"Jakarta: 120 rows before cleaning, 120 rows after cleaning, 0 rows removed.","logger":"airflow.task.hooks.airflow.providers.standard.hooks.subprocess.SubprocessHook"}
{"timestamp":"2026-10-05T11:48:11.055473","level":"info","event":"Surabaya: 288 rows before cleaning, 288 rows after cleaning, 0 rows removed.","logger":"airflow.task.hooks.airflow.providers.standard.hooks.subprocess.SubprocessHook"}
{"timestamp":"2026-10-05T11:48:11.055499","level":"info","event":"Surabaya: 120 rows before cleaning, 120 rows after cleaning, 0 rows removed.","logger":"airflow.task.hooks.airflow.providers.standard.hooks.subprocess.SubprocessHook"}
{"timestamp":"2026-10-05T11:48:11.055527","level":"info","event":"Bandung: 288 rows before cleaning, 288 rows after cleaning, 0 rows removed.","logger":"airflow.task.hooks.airflow.providers.standard.hooks.subprocess.SubprocessHook"}
{"timestamp":"2026-10-05T11:48:11.055557","level":"info","event":"Bandung: 72 rows before cleaning, 72 rows after cleaning, 0 rows removed.","logger":"airflow.task.hooks.airflow.providers.standard.hooks.subprocess.SubprocessHook"}
{"timestamp":"2026-10-05T11:48:11.055585","level":"info","event":"Bandung: 120 rows before cleaning, 120 rows after cleaning, 0 rows removed.","logger":"airflow.task.hooks.airflow.providers.standard.hooks.subprocess.SubprocessHook"}
{"timestamp":"2026-10-05T11:48:11.404544","level":"info","event":"Bandung: 24 rows before cleaning, 24 rows after cleaning, 0 rows removed.","logger":"airflow.task.hooks.airflow.providers.standard.hooks.subprocess.SubprocessHook"}
{"timestamp":"2026-10-05T11:48:11.404705","level":"info","event":"Jakarta: 288 rows before cleaning, 288 rows after cleaning, 0 rows removed.","logger":"airflow.task.hooks.airflow.providers.standard.hooks.subprocess.SubprocessHook"}
{"timestamp":"2026-10-05T11:48:11.404757","level":"info","event":"Jakarta: 72 rows before cleaning, 72 rows after cleaning, 0 rows removed.","logger":"airflow.task.hooks.airflow.providers.standard.hooks.subprocess.SubprocessHook"}
{"timestamp":"2026-10-05T11:48:11.404803","level":"info","event":"Jakarta: 120 rows before cleaning, 120 rows after cleaning, 0 rows removed.","logger":"airflow.task.hooks.airflow.providers.standard.hooks.subprocess.SubprocessHook"}
{"timestamp":"2026-10-05T11:48:11.404852","level":"info","event":"Jakarta: 24 rows before cleaning, 24 rows after cleaning, 0 rows removed.","logger":"airflow.task.hooks.airflow.providers.standard.hooks.subprocess.SubprocessHook"}
{"timestamp":"2026-10-05T11:48:11.404898","level":"info","event":"Surabaya: 288 rows before cleaning, 288 rows after cleaning, 0 rows removed.","logger":"airflow.task.hooks.airflow.providers.standard.hooks.subprocess.SubprocessHook"}
{"timestamp":"2026-10-05T11:48:11.404943","level":"info","event":"Surabaya: 72 rows before cleaning, 72 rows after cleaning, 0 rows removed.","logger":"airflow.task.hooks.airflow.providers.standard.hooks.subprocess.SubprocessHook"}
{"timestamp":"2026-10-05T11:48:11.404997","level":"info","event":"Surabaya: 120 rows before cleaning, 120 rows after cleaning, 0 rows removed.","logger":"airflow.task.hooks.airflow.providers.standard.hooks.subprocess.SubprocessHook"}
{"timestamp":"2026-10-05T11:48:11.405086","level":"info","event":"Surabaya: 24 rows before cleaning, 24 rows after cleaning, 0 rows removed.","logger":"airflow.task.hooks.airflow.providers.standard.hooks.subprocess.SubprocessHook"}
{"timestamp":"2026-10-05T11:48:11.405248","level":"info","event":"Bandung: 288 rows before cleaning, 288 rows after cleaning, 0 rows removed.","logger":"airflow.task.hooks.airflow.providers.standard.hooks.subprocess.SubprocessHook"}
{"timestamp":"2026-10-05T11:48:11.405333","level":"info","event":"Bandung: 72 rows before cleaning, 72 rows after cleaning, 0 rows removed.","logger":"airflow.task.hooks.airflow.providers.standard.hooks.subprocess.SubprocessHook"}
{"timestamp":"2026-10-05T11:48:11.405399","level":"info","event":"Bandung: 120 rows before cleaning, 120 rows after cleaning, 0 rows removed.","logger":"airflow.task.hooks.airflow.providers.standard.hooks.subprocess.SubprocessHook"}
{"timestamp":"2026-10-05T11:48:11.405457","level":"info","event":"Bandung: 4 rows before cleaning, 4 rows after cleaning, 0 rows removed.","logger":"airflow.task.hooks.airflow.providers.standard.hooks.subprocess.SubprocessHook"}
{"timestamp":"2026-10-05T11:48:11.405512","level":"info","event":"Bandung: 3 rows before cleaning, 3 rows after cleaning, 0 rows removed.","logger":"airflow.task.hooks.airflow.providers.standard.hooks.subprocess.SubprocessHook"}
{"timestamp":"2026-10-05T11:48:11.405567","level":"info","event":"Bandung: 1 rows before cleaning, 1 rows after cleaning, 0 rows removed.","logger":"airflow.task.hooks.airflow.providers.standard.hooks.subprocess.SubprocessHook"}
{"timestamp":"2026-10-05T11:48:11.405622","level":"info","event":"Bandung: 24 rows before cleaning, 24 rows after cleaning, 0 rows removed.","logger":"airflow.task.hooks.airflow.providers.standard.hooks.subprocess.SubprocessHook"}
{"timestamp":"2026-10-05T11:48:11.405674","level":"info","event":"Jakarta: 288 rows before cleaning, 288 rows after cleaning, 0 rows removed.","logger":"airflow.task.hooks.airflow.providers.standard.hooks.subprocess.SubprocessHook"}
{"timestamp":"2026-10-05T11:48:11.405727","level":"info","event":"Jakarta: 72 rows before cleaning, 72 rows after cleaning, 0 rows removed.","logger":"airflow.task.hooks.airflow.providers.standard.hooks.subprocess.SubprocessHook"}
{"timestamp":"2026-10-05T11:48:11.405785","level":"info","event":"Jakarta: 120 rows before cleaning, 120 rows after cleaning, 0 rows removed.","logger":"airflow.task.hooks.airflow.providers.standard.hooks.subprocess.SubprocessHook"}
{"timestamp":"2026-10-05T11:48:11.405854","level":"info","event":"Jakarta: 4 rows before cleaning, 4 rows after cleaning, 0 rows removed.","logger":"airflow.task.hooks.airflow.providers.standard.hooks.subprocess.SubprocessHook"}
{"timestamp":"2026-10-05T11:48:11.405911","level":"info","event":"Jakarta: 3 rows before cleaning, 3 rows after cleaning, 0 rows removed.","logger":"airflow.task.hooks.airflow.providers.standard.hooks.subprocess.SubprocessHook"}
{"timestamp":"2026-10-05T11:48:11.405969","level":"info","event":"Jakarta: 1 rows before cleaning, 1 rows after cleaning, 0 rows removed.","logger":"airflow.task.hooks.airflow.providers.standard.hooks.subprocess.SubprocessHook"}
{"timestamp":"2026-10-05T11:48:11.406024","level":"info","event":"Jakarta: 24 rows before cleaning, 24 rows after cleaning, 0 rows removed.","logger":"airflow.task.hooks.airflow.providers.standard.hooks.subprocess.SubprocessHook"}
{"timestamp":"2026-10-05T11:48:11.406077","level":"info","event":"Surabaya: 288 rows before cleaning, 288 rows after cleaning, 0 rows removed.","logger":"airflow.task.hooks.airflow.providers.standard.hooks.subprocess.SubprocessHook"}
{"timestamp":"2026-10-05T11:48:11.406175","level":"info","event":"Surabaya: 72 rows before cleaning, 72 rows after cleaning, 0 rows removed.","logger":"airflow.task.hooks.airflow.providers.standard.hooks.subprocess.SubprocessHook"}
{"timestamp":"2026-10-05T11:48:11.406276","level":"info","event":"Surabaya: 120 rows before cleaning, 120 rows after cleaning, 0 rows removed.","logger":"airflow.task.hooks.airflow.providers.standard.hooks.subprocess.SubprocessHook"}
{"timestamp":"2026-10-05T11:48:11.406367","level":"info","event":"Surabaya: 4 rows before cleaning, 4 rows after cleaning, 0 rows removed.","logger":"airflow.task.hooks.airflow.providers.standard.hooks.subprocess.SubprocessHook"}
{"timestamp":"2026-10-05T11:48:11.406422","level":"info","event":"Surabaya: 3 rows before cleaning, 3 rows after cleaning, 0 rows removed.","logger":"airflow.task.hooks.airflow.providers.standard.hooks.subprocess.SubprocessHook"}
{"timestamp":"2026-10-05T11:48:11.406481","level":"info","event":"Surabaya: 1 rows before cleaning, 1 rows after cleaning, 0 rows removed.","logger":"airflow.task.hooks.airflow.providers.standard.hooks.subprocess.SubprocessHook"}
{"timestamp":"2026-10-05T11:48:11.406543","level":"info","event":"Surabaya: 24 rows before cleaning, 24 rows after cleaning, 0 rows removed.","logger":"airflow.task.hooks.airflow.providers.standard.hooks.subprocess.SubprocessHook"}
{"timestamp":"2026-10-05T11:48:11.406599","level":"info","event":"Bandung: 288 rows before cleaning, 288 rows after cleaning, 0 rows removed.","logger":"airflow.task.hooks.airflow.providers.standard.hooks.subprocess.SubprocessHook"}
{"timestamp":"2026-10-05T11:48:11.406645","level":"info","event":"Bandung: 72 rows before cleaning, 72 rows after cleaning, 0 rows removed.","logger":"airflow.task.hooks.airflow.providers.standard.hooks.subprocess.SubprocessHook"}
{"timestamp":"2026-10-05T11:48:11.406850","level":"info","event":"Bandung: 120 rows before cleaning, 120 rows after cleaning, 0 rows removed.","logger":"airflow.task.hooks.airflow.providers.standard.hooks.subprocess.SubprocessHook"}
{"timestamp":"2026-10-05T11:48:11.406927","level":"info","event":"Bandung: 4 rows before cleaning, 4 rows after cleaning, 0 rows removed.","logger":"airflow.task.hooks.airflow.providers.standard.hooks.subprocess.SubprocessHook"}
{"timestamp":"2026-10-05T11:48:11.406989","level":"info","event":"Bandung: 3 rows before cleaning, 3 rows after cleaning, 0 rows removed.","logger":"airflow.task.hooks.airflow.providers.standard.hooks.subprocess.SubprocessHook"}
{"timestamp":"2026-10-05T11:48:11.407038","level":"info","event":"Bandung: 1 rows before cleaning, 1 rows after cleaning, 0 rows removed.","logger":"airflow.task.hooks.airflow.providers.standard.hooks.subprocess.SubprocessHook"}
{"timestamp":"2026-10-05T11:48:11.407086","level":"info","event":"Bandung: 0 rows before cleaning, 0 rows after cleaning, 0 rows removed.","logger":"airflow.task.hooks.airflow.providers.standard.hooks.subprocess.SubprocessHook"}
{"timestamp":"2026-10-05T11:48:11.407131","level":"info","event":"Bandung: 24 rows before cleaning, 24 rows after cleaning, 0 rows removed.","logger":"airflow.task.hooks.airflow.providers.standard.hooks.subprocess.SubprocessHook"}
{"timestamp":"2026-10-05T11:48:11.407179","level":"info","event":"Jakarta: 288 rows before cleaning, 288 rows after cleaning, 0 rows removed.","logger":"airflow.task.hooks.airflow.providers.standard.hooks.subprocess.SubprocessHook"}
{"timestamp":"2026-10-05T11:48:11.407393","level":"info","event":"Jakarta: 72 rows before cleaning, 72 rows after cleaning, 0 rows removed.","logger":"airflow.task.hooks.airflow.providers.standard.hooks.subprocess.SubprocessHook"}
{"timestamp":"2026-10-05T11:48:11.407499","level":"info","event":"Jakarta: 120 rows before cleaning, 120 rows after cleaning, 0 rows removed.","logger":"airflow.task.hooks.airflow.providers.standard.hooks.subprocess.SubprocessHook"}
{"timestamp":"2026-10-05T11:48:11.407560","level":"info","event":"Jakarta: 4 rows before cleaning, 4 rows after cleaning, 0 rows removed.","logger":"airflow.task.hooks.airflow.providers.standard.hooks.subprocess.SubprocessHook"}
{"timestamp":"2026-10-05T11:48:11.407625","level":"info","event":"Jakarta: 3 rows before cleaning, 3 rows after cleaning, 0 rows removed.","logger":"airflow.task.hooks.airflow.providers.standard.hooks.subprocess.SubprocessHook"}
{"timestamp":"2026-10-05T11:48:11.407714","level":"info","event":"Jakarta: 1 rows before cleaning, 1 rows after cleaning, 0 rows removed.","logger":"airflow.task.hooks.airflow.providers.standard.hooks.subprocess.SubprocessHook"}
{"timestamp":"2026-10-05T11:48:11.407860","level":"info","event":"Jakarta: 0 rows before cleaning, 0 rows after cleaning, 0 rows removed.","logger":"airflow.task.hooks.airflow.providers.standard.hooks.subprocess.SubprocessHook"}
{"timestamp":"2026-10-05T11:48:11.407958","level":"info","event":"Jakarta: 24 rows before cleaning, 24 rows after cleaning, 0 rows removed.","logger":"airflow.task.hooks.airflow.providers.standard.hooks.subprocess.SubprocessHook"}
{"timestamp":"2026-10-05T11:48:11.408026","level":"info","event":"Surabaya: 288 rows before cleaning, 288 rows after cleaning, 0 rows removed.","logger":"airflow.task.hooks.airflow.providers.standard.hooks.subprocess.SubprocessHook"}
{"timestamp":"2026-10-05T11:48:11.408201","level":"info","event":"Surabaya: 72 rows before cleaning, 72 rows after cleaning, 0 rows removed.","logger":"airflow.task.hooks.airflow.providers.standard.hooks.subprocess.SubprocessHook"}
{"timestamp":"2026-10-05T11:48:11.408289","level":"info","event":"Surabaya: 120 rows before cleaning, 120 rows after cleaning, 0 rows removed.","logger":"airflow.task.hooks.airflow.providers.standard.hooks.subprocess.SubprocessHook"}
{"timestamp":"2026-10-05T11:48:11.408355","level":"info","event":"Surabaya: 4 rows before cleaning, 4 rows after cleaning, 0 rows removed.","logger":"airflow.task.hooks.airflow.providers.standard.hooks.subprocess.SubprocessHook"}
{"timestamp":"2026-10-05T11:48:11.408409","level":"info","event":"Surabaya: 3 rows before cleaning, 3 rows after cleaning, 0 rows removed.","logger":"airflow.task.hooks.airflow.providers.standard.hooks.subprocess.SubprocessHook"}
{"timestamp":"2026-10-05T11:48:11.408459","level":"info","event":"Surabaya: 1 rows before cleaning, 1 rows after cleaning, 0 rows removed.","logger":"airflow.task.hooks.airflow.providers.standard.hooks.subprocess.SubprocessHook"}
{"timestamp":"2026-10-05T11:48:11.408507","level":"info","event":"Surabaya: 0 rows before cleaning, 0 rows after cleaning, 0 rows removed.","logger":"airflow.task.hooks.airflow.providers.standard.hooks.subprocess.SubprocessHook"}
{"timestamp":"2026-10-05T11:48:11.408565","level":"info","event":"Surabaya: 24 rows before cleaning, 24 rows after cleaning, 0 rows removed.","logger":"airflow.task.hooks.airflow.providers.standard.hooks.subprocess.SubprocessHook"}
{"timestamp":"2026-10-05T11:48:11.408607","level":"info","event":"Bandung: 288 rows before cleaning, 288 rows after cleaning, 0 rows removed.","logger":"airflow.task.hooks.airflow.providers.standard.hooks.subprocess.SubprocessHook"}
{"timestamp":"2026-10-05T11:48:11.408643","level":"info","event":"Bandung: 72 rows before cleaning, 72 rows after cleaning, 0 rows removed.","logger":"airflow.task.hooks.airflow.providers.standard.hooks.subprocess.SubprocessHook"}
{"timestamp":"2026-10-05T11:48:11.408735","level":"info","event":"Bandung: 120 rows before cleaning, 120 rows after cleaning, 0 rows removed.","logger":"airflow.task.hooks.airflow.providers.standard.hooks.subprocess.SubprocessHook"}
{"timestamp":"2026-10-05T11:48:11.408786","level":"info","event":"Bandung: 4 rows before cleaning, 4 rows after cleaning, 0 rows removed.","logger":"airflow.task.hooks.airflow.providers.standard.hooks.subprocess.SubprocessHook"}
{"timestamp":"2026-10-05T11:48:11.408839","level":"info","event":"Bandung: 3 rows before cleaning, 3 rows after cleaning, 0 rows removed.","logger":"airflow.task.hooks.airflow.providers.standard.hooks.subprocess.SubprocessHook"}
{"timestamp":"2026-10-05T11:48:11.408889","level":"info","event":"Bandung: 4 rows before cleaning, 4 rows after cleaning, 0 rows removed.","logger":"airflow.task.hooks.airflow.providers.standard.hooks.subprocess.SubprocessHook"}
{"timestamp":"2026-10-05T11:48:11.408938","level":"info","event":"Bandung: 1 rows before cleaning, 1 rows after cleaning, 0 rows removed.","logger":"airflow.task.hooks.airflow.providers.standard.hooks.subprocess.SubprocessHook"}
{"timestamp":"2026-10-05T11:48:11.408987","level":"info","event":"Bandung: 0 rows before cleaning, 0 rows after cleaning, 0 rows removed.","logger":"airflow.task.hooks.airflow.providers.standard.hooks.subprocess.SubprocessHook"}
{"timestamp":"2026-10-05T11:48:11.409048","level":"info","event":"Bandung: 24 rows before cleaning, 24 rows after cleaning, 0 rows removed.","logger":"airflow.task.hooks.airflow.providers.standard.hooks.subprocess.SubprocessHook"}
{"timestamp":"2026-10-05T11:48:11.409356","level":"info","event":"Jakarta: 288 rows before cleaning, 288 rows after cleaning, 0 rows removed.","logger":"airflow.task.hooks.airflow.providers.standard.hooks.subprocess.SubprocessHook"}
{"timestamp":"2026-10-05T11:48:11.409588","level":"info","event":"Jakarta: 72 rows before cleaning, 72 rows after cleaning, 0 rows removed.","logger":"airflow.task.hooks.airflow.providers.standard.hooks.subprocess.SubprocessHook"}
{"timestamp":"2026-10-05T11:48:11.409733","level":"info","event":"Jakarta: 120 rows before cleaning, 120 rows after cleaning, 0 rows removed.","logger":"airflow.task.hooks.airflow.providers.standard.hooks.subprocess.SubprocessHook"}
{"timestamp":"2026-10-05T11:48:11.409877","level":"info","event":"Jakarta: 4 rows before cleaning, 4 rows after cleaning, 0 rows removed.","logger":"airflow.task.hooks.airflow.providers.standard.hooks.subprocess.SubprocessHook"}
{"timestamp":"2026-10-05T11:48:11.409997","level":"info","event":"Jakarta: 3 rows before cleaning, 3 rows after cleaning, 0 rows removed.","logger":"airflow.task.hooks.airflow.providers.standard.hooks.subprocess.SubprocessHook"}
{"timestamp":"2026-10-05T11:48:11.410077","level":"info","event":"Jakarta: 4 rows before cleaning, 4 rows after cleaning, 0 rows removed.","logger":"airflow.task.hooks.airflow.providers.standard.hooks.subprocess.SubprocessHook"}
{"timestamp":"2026-10-05T11:48:11.410152","level":"info","event":"Jakarta: 1 rows before cleaning, 1 rows after cleaning, 0 rows removed.","logger":"airflow.task.hooks.airflow.providers.standard.hooks.subprocess.SubprocessHook"}
{"timestamp":"2026-10-05T11:48:11.410337","level":"info","event":"Jakarta: 0 rows before cleaning, 0 rows after cleaning, 0 rows removed.","logger":"airflow.task.hooks.airflow.providers.standard.hooks.subprocess.SubprocessHook"}
{"timestamp":"2026-10-05T11:48:11.410467","level":"info","event":"Jakarta: 24 rows before cleaning, 24 rows after cleaning, 0 rows removed.","logger":"airflow.task.hooks.airflow.providers.standard.hooks.subprocess.SubprocessHook"}
{"timestamp":"2026-10-05T11:48:11.410570","level":"info","event":"Surabaya: 288 rows before cleaning, 288 rows after cleaning, 0 rows removed.","logger":"airflow.task.hooks.airflow.providers.standard.hooks.subprocess.SubprocessHook"}
{"timestamp":"2026-10-05T11:48:11.410632","level":"info","event":"Surabaya: 72 rows before cleaning, 72 rows after cleaning, 0 rows removed.","logger":"airflow.task.hooks.airflow.providers.standard.hooks.subprocess.SubprocessHook"}
{"timestamp":"2026-10-05T11:48:11.410685","level":"info","event":"Surabaya: 120 rows before cleaning, 120 rows after cleaning, 0 rows removed.","logger":"airflow.task.hooks.airflow.providers.standard.hooks.subprocess.SubprocessHook"}
{"timestamp":"2026-10-05T11:48:11.410735","level":"info","event":"Surabaya: 4 rows before cleaning, 4 rows after cleaning, 0 rows removed.","logger":"airflow.task.hooks.airflow.providers.standard.hooks.subprocess.SubprocessHook"}
{"timestamp":"2026-10-05T11:48:11.410783","level":"info","event":"Surabaya: 3 rows before cleaning, 3 rows after cleaning, 0 rows removed.","logger":"airflow.task.hooks.airflow.providers.standard.hooks.subprocess.SubprocessHook"}
{"timestamp":"2026-10-05T11:48:11.410829","level":"info","event":"Surabaya: 4 rows before cleaning, 4 rows after cleaning, 0 rows removed.","logger":"airflow.task.hooks.airflow.providers.standard.hooks.subprocess.SubprocessHook"}
{"timestamp":"2026-10-05T11:48:11.410875","level":"info","event":"Surabaya: 1 rows before cleaning, 1 rows after cleaning, 0 rows removed.","logger":"airflow.task.hooks.airflow.providers.standard.hooks.subprocess.SubprocessHook"}
{"timestamp":"2026-10-05T11:48:11.410922","level":"info","event":"Surabaya: 0 rows before cleaning, 0 rows after cleaning, 0 rows removed.","logger":"airflow.task.hooks.airflow.providers.standard.hooks.subprocess.SubprocessHook"}
{"timestamp":"2026-10-05T11:48:11.410968","level":"info","event":"Surabaya: 24 rows before cleaning, 24 rows after cleaning, 0 rows removed.","logger":"airflow.task.hooks.airflow.providers.standard.hooks.subprocess.SubprocessHook"}
{"timestamp":"2026-10-05T11:48:11.411077","level":"info","event":"Bandung: 288 rows before cleaning, 288 rows after cleaning, 0 rows removed.","logger":"airflow.task.hooks.airflow.providers.standard.hooks.subprocess.SubprocessHook"}
{"timestamp":"2026-10-05T11:48:11.411135","level":"info","event":"Bandung: 72 rows before cleaning, 72 rows after cleaning, 0 rows removed.","logger":"airflow.task.hooks.airflow.providers.standard.hooks.subprocess.SubprocessHook"}
{"timestamp":"2026-10-05T11:48:11.411184","level":"info","event":"Bandung: 120 rows before cleaning, 120 rows after cleaning, 0 rows removed.","logger":"airflow.task.hooks.airflow.providers.standard.hooks.subprocess.SubprocessHook"}
{"timestamp":"2026-10-05T11:48:11.411230","level":"info","event":"Bandung: 4 rows before cleaning, 4 rows after cleaning, 0 rows removed.","logger":"airflow.task.hooks.airflow.providers.standard.hooks.subprocess.SubprocessHook"}
{"timestamp":"2026-10-05T11:48:11.411312","level":"info","event":"Bandung: 3 rows before cleaning, 3 rows after cleaning, 0 rows removed.","logger":"airflow.task.hooks.airflow.providers.standard.hooks.subprocess.SubprocessHook"}
{"timestamp":"2026-10-05T11:48:11.411372","level":"info","event":"Bandung: 4 rows before cleaning, 4 rows after cleaning, 0 rows removed.","logger":"airflow.task.hooks.airflow.providers.standard.hooks.subprocess.SubprocessHook"}
{"timestamp":"2026-10-05T11:48:11.411424","level":"info","event":"Bandung: 4 rows before cleaning, 4 rows after cleaning, 0 rows removed.","logger":"airflow.task.hooks.airflow.providers.standard.hooks.subprocess.SubprocessHook"}
{"timestamp":"2026-10-05T11:48:11.411472","level":"info","event":"Bandung: 1 rows before cleaning, 1 rows after cleaning, 0 rows removed.","logger":"airflow.task.hooks.airflow.providers.standard.hooks.subprocess.SubprocessHook"}
{"timestamp":"2026-10-05T11:48:11.411518","level":"info","event":"Bandung: 0 rows before cleaning, 0 rows after cleaning, 0 rows removed.","logger":"airflow.task.hooks.airflow.providers.standard.hooks.subprocess.SubprocessHook"}
{"timestamp":"2026-10-05T11:48:11.411563","level":"info","event":"Bandung: 24 rows before cleaning, 24 rows after cleaning, 0 rows removed.","logger":"airflow.task.hooks.airflow.providers.standard.hooks.subprocess.SubprocessHook"}
{"timestamp":"2026-10-05T11:48:11.411608","level":"info","event":"Jakarta: 288 rows before cleaning, 288 rows after cleaning, 0 rows removed.","logger":"airflow.task.hooks.airflow.providers.standard.hooks.subprocess.SubprocessHook"}
{"timestamp":"2026-10-05T11:48:11.411653","level":"info","event":"Jakarta: 72 rows before cleaning, 72 rows after cleaning, 0 rows removed.","logger":"airflow.task.hooks.airflow.providers.standard.hooks.subprocess.SubprocessHook"}
{"timestamp":"2026-10-05T11:48:11.411701","level":"info","event":"Jakarta: 120 rows before cleaning, 120 rows after cleaning, 0 rows removed.","logger":"airflow.task.hooks.airflow.providers.standard.hooks.subprocess.SubprocessHook"}
{"timestamp":"2026-10-05T11:48:11.411748","level":"info","event":"Jakarta: 4 rows before cleaning, 4 rows after cleaning, 0 rows removed.","logger":"airflow.task.hooks.airflow.providers.standard.hooks.subprocess.SubprocessHook"}
{"timestamp":"2026-10-05T11:48:11.411794","level":"info","event":"Jakarta: 3 rows before cleaning, 3 rows after cleaning, 0 rows removed.","logger":"airflow.task.hooks.airflow.providers.standard.hooks.subprocess.SubprocessHook"}
{"timestamp":"2026-10-05T11:48:11.411838","level":"info","event":"Jakarta: 4 rows before cleaning, 4 rows after cleaning, 0 rows removed.","logger":"airflow.task.hooks.airflow.providers.standard.hooks.subprocess.SubprocessHook"}
{"timestamp":"2026-10-05T11:48:11.411884","level":"info","event":"Jakarta: 4 rows before cleaning, 4 rows after cleaning, 0 rows removed.","logger":"airflow.task.hooks.airflow.providers.standard.hooks.subprocess.SubprocessHook"}
{"timestamp":"2026-10-05T11:48:11.412004","level":"info","event":"Jakarta: 1 rows before cleaning, 1 rows after cleaning, 0 rows removed.","logger":"airflow.task.hooks.airflow.providers.standard.hooks.subprocess.SubprocessHook"}
{"timestamp":"2026-10-05T11:48:11.412098","level":"info","event":"Jakarta: 0 rows before cleaning, 0 rows after cleaning, 0 rows removed.","logger":"airflow.task.hooks.airflow.providers.standard.hooks.subprocess.SubprocessHook"}
{"timestamp":"2026-10-05T11:48:11.412162","level":"info","event":"Jakarta: 24 rows before cleaning, 24 rows after cleaning, 0 rows removed.","logger":"airflow.task.hooks.airflow.providers.standard.hooks.subprocess.SubprocessHook"}
{"timestamp":"2026-10-05T11:48:11.412254","level":"info","event":"Surabaya: 288 rows before cleaning, 288 rows after cleaning, 0 rows removed.","logger":"airflow.task.hooks.airflow.providers.standard.hooks.subprocess.SubprocessHook"}
{"timestamp":"2026-10-05T11:48:11.412331","level":"info","event":"Surabaya: 72 rows before cleaning, 72 rows after cleaning, 0 rows removed.","logger":"airflow.task.hooks.airflow.providers.standard.hooks.subprocess.SubprocessHook"}
{"timestamp":"2026-10-05T11:48:11.412386","level":"info","event":"Surabaya: 120 rows before cleaning, 120 rows after cleaning, 0 rows removed.","logger":"airflow.task.hooks.airflow.providers.standard.hooks.subprocess.SubprocessHook"}
{"timestamp":"2026-10-05T11:48:11.412436","level":"info","event":"Surabaya: 4 rows before cleaning, 4 rows after cleaning, 0 rows removed.","logger":"airflow.task.hooks.airflow.providers.standard.hooks.subprocess.SubprocessHook"}
{"timestamp":"2026-10-05T11:48:11.412486","level":"info","event":"Surabaya: 3 rows before cleaning, 3 rows after cleaning, 0 rows removed.","logger":"airflow.task.hooks.airflow.providers.standard.hooks.subprocess.SubprocessHook"}
{"timestamp":"2026-10-05T11:48:11.412536","level":"info","event":"Surabaya: 4 rows before cleaning, 4 rows after cleaning, 0 rows removed.","logger":"airflow.task.hooks.airflow.providers.standard.hooks.subprocess.SubprocessHook"}
{"timestamp":"2026-10-05T11:48:11.412583","level":"info","event":"Surabaya: 4 rows before cleaning, 4 rows after cleaning, 0 rows removed.","logger":"airflow.task.hooks.airflow.providers.standard.hooks.subprocess.SubprocessHook"}
{"timestamp":"2026-10-05T11:48:11.412633","level":"info","event":"Surabaya: 1 rows before cleaning, 1 rows after cleaning, 0 rows removed.","logger":"airflow.task.hooks.airflow.providers.standard.hooks.subprocess.SubprocessHook"}
{"timestamp":"2026-10-05T11:48:11.412684","level":"info","event":"Surabaya: 0 rows before cleaning, 0 rows after cleaning, 0 rows removed.","logger":"airflow.task.hooks.airflow.providers.standard.hooks.subprocess.SubprocessHook"}
{"timestamp":"2026-10-05T11:48:11.412735","level":"info","event":"Surabaya: 24 rows before cleaning, 24 rows after cleaning, 0 rows removed.","logger":"airflow.task.hooks.airflow.providers.standard.hooks.subprocess.SubprocessHook"}
{"timestamp":"2026-10-05T11:48:11.799410","level":"info","event":"Bandung: 288 rows before cleaning, 288 rows after cleaning, 0 rows removed.","logger":"airflow.task.hooks.airflow.providers.standard.hooks.subprocess.SubprocessHook"}
{"timestamp":"2026-10-05T11:48:11.799567","level":"info","event":"Bandung: 72 rows before cleaning, 72 rows after cleaning, 0 rows removed.","logger":"airflow.task.hooks.airflow.providers.standard.hooks.subprocess.SubprocessHook"}
{"timestamp":"2026-10-05T11:48:11.799616","level":"info","event":"Bandung: 120 rows before cleaning, 120 rows after cleaning, 0 rows removed.","logger":"airflow.task.hooks.airflow.providers.standard.hooks.subprocess.SubprocessHook"}
{"timestamp":"2026-10-05T11:48:11.799651","level":"info","event":"Bandung: 4 rows before cleaning, 4 rows after cleaning, 0 rows removed.","logger":"airflow.task.hooks.airflow.providers.standard.hooks.subprocess.SubprocessHook"}
{"timestamp":"2026-10-05T11:48:11.799682","level":"info","event":"Bandung: 3 rows before cleaning, 3 rows after cleaning, 0 rows removed.","logger":"airflow.task.hooks.airflow.providers.standard.hooks.subprocess.SubprocessHook"}
{"timestamp":"2026-10-05T11:48:11.799712","level":"info","event":"Bandung: 4 rows before cleaning, 4 rows after cleaning, 0 rows removed.","logger":"airflow.task.hooks.airflow.providers.standard.hooks.subprocess.SubprocessHook"}
{"timestamp":"2026-10-05T11:48:11.799741","level":"info","event":"Bandung: 4 rows before cleaning, 4 rows after cleaning, 0 rows removed.","logger":"airflow.task.hooks.airflow.providers.standard.hooks.subprocess.SubprocessHook"}
{"timestamp":"2026-10-05T11:48:11.799769","level":"info","event":"Bandung: 4 rows before cleaning, 4 rows after cleaning, 0 rows removed.","logger":"airflow.task.hooks.airflow.providers.standard.hooks.subprocess.SubprocessHook"}
{"timestamp":"2026-10-05T11:48:11.799798","level":"info","event":"Bandung: 1 rows before cleaning, 1 rows after cleaning, 0 rows removed.","logger":"airflow.task.hooks.airflow.providers.standard.hooks.subprocess.SubprocessHook"}
{"timestamp":"2026-10-05T11:48:11.799827","level":"info","event":"Bandung: 0 rows before cleaning, 0 rows after cleaning, 0 rows removed.","logger":"airflow.task.hooks.airflow.providers.standard.hooks.subprocess.SubprocessHook"}
{"timestamp":"2026-10-05T11:48:11.799854","level":"info","event":"Bandung: 24 rows before cleaning, 24 rows after cleaning, 0 rows removed.","logger":"airflow.task.hooks.airflow.providers.standard.hooks.subprocess.SubprocessHook"}
{"timestamp":"2026-10-05T11:48:11.799881","level":"info","event":"Jakarta: 288 rows before cleaning, 288 rows after cleaning, 0 rows removed.","logger":"airflow.task.hooks.airflow.providers.standard.hooks.subprocess.SubprocessHook"}
{"timestamp":"2026-10-05T11:48:11.799910","level":"info","event":"Jakarta: 72 rows before cleaning, 72 rows after cleaning, 0 rows removed.","logger":"airflow.task.hooks.airflow.providers.standard.hooks.subprocess.SubprocessHook"}
{"timestamp":"2026-10-05T11:48:11.799938","level":"info","event":"Jakarta: 120 rows before cleaning, 120 rows after cleaning, 0 rows removed.","logger":"airflow.task.hooks.airflow.providers.standard.hooks.subprocess.SubprocessHook"}
{"timestamp":"2026-10-05T11:48:11.799991","level":"info","event":"Jakarta: 4 rows before cleaning, 4 rows after cleaning, 0 rows removed.","logger":"airflow.task.hooks.airflow.providers.standard.hooks.subprocess.SubprocessHook"}
{"timestamp":"2026-10-05T11:48:11.800038","level":"info","event":"Jakarta: 3 rows before cleaning, 3 rows after cleaning, 0 rows removed.","logger":"airflow.task.hooks.airflow.providers.standard.hooks.subprocess.SubprocessHook"}
{"timestamp":"2026-10-05T11:48:11.800123","level":"info","event":"Jakarta: 4 rows before cleaning, 4 rows after cleaning, 0 rows removed.","logger":"airflow.task.hooks.airflow.providers.standard.hooks.subprocess.SubprocessHook"}
{"timestamp":"2026-10-05T11:48:11.800171","level":"info","event":"Jakarta: 4 rows before cleaning, 4 rows after cleaning, 0 rows removed.","logger":"airflow.task.hooks.airflow.providers.standard.hooks.subprocess.SubprocessHook"}
{"timestamp":"2026-10-05T11:48:11.800212","level":"info","event":"Jakarta: 4 rows before cleaning, 4 rows after cleaning, 0 rows removed.","logger":"airflow.task.hooks.airflow.providers.standard.hooks.subprocess.SubprocessHook"}
{"timestamp":"2026-10-05T11:48:11.800246","level":"info","event":"Jakarta: 1 rows before cleaning, 1 rows after cleaning, 0 rows removed.","logger":"airflow.task.hooks.airflow.providers.standard.hooks.subprocess.SubprocessHook"}
{"timestamp":"2026-10-05T11:48:11.800278","level":"info","event":"Jakarta: 0 rows before cleaning, 0 rows after cleaning, 0 rows removed.","logger":"airflow.task.hooks.airflow.providers.standard.hooks.subprocess.SubprocessHook"}
{"timestamp":"2026-10-05T11:48:11.800307","level":"info","event":"Jakarta: 24 rows before cleaning, 24 rows after cleaning, 0 rows removed.","logger":"airflow.task.hooks.airflow.providers.standard.hooks.subprocess.SubprocessHook"}
{"timestamp":"2026-10-05T11:48:11.800335","level":"info","event":"Surabaya: 288 rows before cleaning, 288 rows after cleaning, 0 rows removed.","logger":"airflow.task.hooks.airflow.providers.standard.hooks.subprocess.SubprocessHook"}
{"timestamp":"2026-10-05T11:48:11.800364","level":"info","event":"Surabaya: 72 rows before cleaning, 72 rows after cleaning, 0 rows removed.","logger":"airflow.task.hooks.airflow.providers.standard.hooks.subprocess.SubprocessHook"}
{"timestamp":"2026-10-05T11:48:11.800393","level":"info","event":"Surabaya: 120 rows before cleaning, 120 rows after cleaning, 0 rows removed.","logger":"airflow.task.hooks.airflow.providers.standard.hooks.subprocess.SubprocessHook"}
{"timestamp":"2026-10-05T11:48:11.800420","level":"info","event":"Surabaya: 4 rows before cleaning, 4 rows after cleaning, 0 rows removed.","logger":"airflow.task.hooks.airflow.providers.standard.hooks.subprocess.SubprocessHook"}
{"timestamp":"2026-10-05T11:48:11.800449","level":"info","event":"Surabaya: 3 rows before cleaning, 3 rows after cleaning, 0 rows removed.","logger":"airflow.task.hooks.airflow.providers.standard.hooks.subprocess.SubprocessHook"}
{"timestamp":"2026-10-05T11:48:11.800478","level":"info","event":"Surabaya: 4 rows before cleaning, 4 rows after cleaning, 0 rows removed.","logger":"airflow.task.hooks.airflow.providers.standard.hooks.subprocess.SubprocessHook"}
{"timestamp":"2026-10-05T11:48:11.800507","level":"info","event":"Surabaya: 4 rows before cleaning, 4 rows after cleaning, 0 rows removed.","logger":"airflow.task.hooks.airflow.providers.standard.hooks.subprocess.SubprocessHook"}
{"timestamp":"2026-10-05T11:48:11.800535","level":"info","event":"Surabaya: 4 rows before cleaning, 4 rows after cleaning, 0 rows removed.","logger":"airflow.task.hooks.airflow.providers.standard.hooks.subprocess.SubprocessHook"}
{"timestamp":"2026-10-05T11:48:11.800563","level":"info","event":"Surabaya: 1 rows before cleaning, 1 rows after cleaning, 0 rows removed.","logger":"airflow.task.hooks.airflow.providers.standard.hooks.subprocess.SubprocessHook"}
{"timestamp":"2026-10-05T11:48:11.800591","level":"info","event":"Surabaya: 0 rows before cleaning, 0 rows after cleaning, 0 rows removed.","logger":"airflow.task.hooks.airflow.providers.standard.hooks.subprocess.SubprocessHook"}
{"timestamp":"2026-10-05T11:48:11.800618","level":"info","event":"Surabaya: 24 rows before cleaning, 24 rows after cleaning, 0 rows removed.","logger":"airflow.task.hooks.airflow.providers.standard.hooks.subprocess.SubprocessHook"}
{"timestamp":"2026-10-05T11:48:11.800648","level":"info","event":"Bandung: 288 rows before cleaning, 288 rows after cleaning, 0 rows removed.","logger":"airflow.task.hooks.airflow.providers.standard.hooks.subprocess.SubprocessHook"}
{"timestamp":"2026-10-05T11:48:11.800677","level":"info","event":"Bandung: 72 rows before cleaning, 72 rows after cleaning, 0 rows removed.","logger":"airflow.task.hooks.airflow.providers.standard.hooks.subprocess.SubprocessHook"}
{"timestamp":"2026-10-05T11:48:11.800704","level":"info","event":"Bandung: 120 rows before cleaning, 120 rows after cleaning, 0 rows removed.","logger":"airflow.task.hooks.airflow.providers.standard.hooks.subprocess.SubprocessHook"}
{"timestamp":"2026-10-05T11:48:11.800732","level":"info","event":"Bandung: 4 rows before cleaning, 4 rows after cleaning, 0 rows removed.","logger":"airflow.task.hooks.airflow.providers.standard.hooks.subprocess.SubprocessHook"}
{"timestamp":"2026-10-05T11:48:11.800759","level":"info","event":"Bandung: 3 rows before cleaning, 3 rows after cleaning, 0 rows removed.","logger":"airflow.task.hooks.airflow.providers.standard.hooks.subprocess.SubprocessHook"}
{"timestamp":"2026-10-05T11:48:11.800787","level":"info","event":"Bandung: 4 rows before cleaning, 4 rows after cleaning, 0 rows removed.","logger":"airflow.task.hooks.airflow.providers.standard.hooks.subprocess.SubprocessHook"}
{"timestamp":"2026-10-05T11:48:11.800815","level":"info","event":"Bandung: 4 rows before cleaning, 4 rows after cleaning, 0 rows removed.","logger":"airflow.task.hooks.airflow.providers.standard.hooks.subprocess.SubprocessHook"}
{"timestamp":"2026-10-05T11:48:11.800841","level":"info","event":"Bandung: 4 rows before cleaning, 4 rows after cleaning, 0 rows removed.","logger":"airflow.task.hooks.airflow.providers.standard.hooks.subprocess.SubprocessHook"}
{"timestamp":"2026-10-05T11:48:11.800870","level":"info","event":"Bandung: 4 rows before cleaning, 4 rows after cleaning, 0 rows removed.","logger":"airflow.task.hooks.airflow.providers.standard.hooks.subprocess.SubprocessHook"}
{"timestamp":"2026-10-05T11:48:11.800896","level":"info","event":"Bandung: 1 rows before cleaning, 1 rows after cleaning, 0 rows removed.","logger":"airflow.task.hooks.airflow.providers.standard.hooks.subprocess.SubprocessHook"}
{"timestamp":"2026-10-05T11:48:11.800922","level":"info","event":"Bandung: 0 rows before cleaning, 0 rows after cleaning, 0 rows removed.","logger":"airflow.task.hooks.airflow.providers.standard.hooks.subprocess.SubprocessHook"}
{"timestamp":"2026-10-05T11:48:11.800950","level":"info","event":"Bandung: 24 rows before cleaning, 24 rows after cleaning, 0 rows removed.","logger":"airflow.task.hooks.airflow.providers.standard.hooks.subprocess.SubprocessHook"}
{"timestamp":"2026-10-05T11:48:11.801007","level":"info","event":"Jakarta: 288 rows before cleaning, 288 rows after cleaning, 0 rows removed.","logger":"airflow.task.hooks.airflow.providers.standard.hooks.subprocess.SubprocessHook"}
{"timestamp":"2026-10-05T11:48:11.801047","level":"info","event":"Jakarta: 72 rows before cleaning, 72 rows after cleaning, 0 rows removed.","logger":"airflow.task.hooks.airflow.providers.standard.hooks.subprocess.SubprocessHook"}
{"timestamp":"2026-10-05T11:48:11.801090","level":"info","event":"Jakarta: 120 rows before cleaning, 120 rows after cleaning, 0 rows removed.","logger":"airflow.task.hooks.airflow.providers.standard.hooks.subprocess.SubprocessHook"}
{"timestamp":"2026-10-05T11:48:11.801137","level":"info","event":"Jakarta: 4 rows before cleaning, 4 rows after cleaning, 0 rows removed.","logger":"airflow.task.hooks.airflow.providers.standard.hooks.subprocess.SubprocessHook"}
{"timestamp":"2026-10-05T11:48:11.801172","level":"info","event":"Jakarta: 3 rows before cleaning, 3 rows after cleaning, 0 rows removed.","logger":"airflow.task.hooks.airflow.providers.standard.hooks.subprocess.SubprocessHook"}
{"timestamp":"2026-10-05T11:48:11.801206","level":"info","event":"Jakarta: 4 rows before cleaning, 4 rows after cleaning, 0 rows removed.","logger":"airflow.task.hooks.airflow.providers.standard.hooks.subprocess.SubprocessHook"}
{"timestamp":"2026-10-05T11:48:11.801237","level":"info","event":"Jakarta: 4 rows before cleaning, 4 rows after cleaning, 0 rows removed.","logger":"airflow.task.hooks.airflow.providers.standard.hooks.subprocess.SubprocessHook"}
{"timestamp":"2026-10-05T11:48:11.801268","level":"info","event":"Jakarta: 4 rows before cleaning, 4 rows after cleaning, 0 rows removed.","logger":"airflow.task.hooks.airflow.providers.standard.hooks.subprocess.SubprocessHook"}
{"timestamp":"2026-10-05T11:48:11.801299","level":"info","event":"Jakarta: 4 rows before cleaning, 4 rows after cleaning, 0 rows removed.","logger":"airflow.task.hooks.airflow.providers.standard.hooks.subprocess.SubprocessHook"}
{"timestamp":"2026-10-05T11:48:11.801328","level":"info","event":"Jakarta: 1 rows before cleaning, 1 rows after cleaning, 0 rows removed.","logger":"airflow.task.hooks.airflow.providers.standard.hooks.subprocess.SubprocessHook"}
{"timestamp":"2026-10-05T11:48:11.801357","level":"info","event":"Jakarta: 0 rows before cleaning, 0 rows after cleaning, 0 rows removed.","logger":"airflow.task.hooks.airflow.providers.standard.hooks.subprocess.SubprocessHook"}
{"timestamp":"2026-10-05T11:48:11.801393","level":"info","event":"Jakarta: 24 rows before cleaning, 24 rows after cleaning, 0 rows removed.","logger":"airflow.task.hooks.airflow.providers.standard.hooks.subprocess.SubprocessHook"}
{"timestamp":"2026-10-05T11:48:11.801423","level":"info","event":"Surabaya: 288 rows before cleaning, 288 rows after cleaning, 0 rows removed.","logger":"airflow.task.hooks.airflow.providers.standard.hooks.subprocess.SubprocessHook"}
{"timestamp":"2026-10-05T11:48:11.801452","level":"info","event":"Surabaya: 72 rows before cleaning, 72 rows after cleaning, 0 rows removed.","logger":"airflow.task.hooks.airflow.providers.standard.hooks.subprocess.SubprocessHook"}
{"timestamp":"2026-10-05T11:48:11.801481","level":"info","event":"Surabaya: 120 rows before cleaning, 120 rows after cleaning, 0 rows removed.","logger":"airflow.task.hooks.airflow.providers.standard.hooks.subprocess.SubprocessHook"}
{"timestamp":"2026-10-05T11:48:11.801510","level":"info","event":"Surabaya: 4 rows before cleaning, 4 rows after cleaning, 0 rows removed.","logger":"airflow.task.hooks.airflow.providers.standard.hooks.subprocess.SubprocessHook"}
{"timestamp":"2026-10-05T11:48:11.801537","level":"info","event":"Surabaya: 3 rows before cleaning, 3 rows after cleaning, 0 rows removed.","logger":"airflow.task.hooks.airflow.providers.standard.hooks.subprocess.SubprocessHook"}
{"timestamp":"2026-10-05T11:48:11.801564","level":"info","event":"Surabaya: 4 rows before cleaning, 4 rows after cleaning, 0 rows removed.","logger":"airflow.task.hooks.airflow.providers.standard.hooks.subprocess.SubprocessHook"}
{"timestamp":"2026-10-05T11:48:11.801591","level":"info","event":"Surabaya: 4 rows before cleaning, 4 rows after cleaning, 0 rows removed.","logger":"airflow.task.hooks.airflow.providers.standard.hooks.subprocess.SubprocessHook"}
{"timestamp":"2026-10-05T11:48:11.801618","level":"info","event":"Surabaya: 4 rows before cleaning, 4 rows after cleaning, 0 rows removed.","logger":"airflow.task.hooks.airflow.providers.standard.hooks.subprocess.SubprocessHook"}
{"timestamp":"2026-10-05T11:48:11.801646","level":"info","event":"Surabaya: 4 rows before cleaning, 4 rows after cleaning, 0 rows removed.","logger":"airflow.task.hooks.airflow.providers.standard.hooks.subprocess.SubprocessHook"}
{"timestamp":"2026-10-05T11:48:11.801674","level":"info","event":"Surabaya: 1 rows before cleaning, 1 rows after cleaning, 0 rows removed.","logger":"airflow.task.hooks.airflow.providers.standard.hooks.subprocess.SubprocessHook"}
{"timestamp":"2026-10-05T11:48:11.801702","level":"info","event":"Surabaya: 0 rows before cleaning, 0 rows after cleaning, 0 rows removed.","logger":"airflow.task.hooks.airflow.providers.standard.hooks.subprocess.SubprocessHook"}
{"timestamp":"2026-10-05T11:48:11.801731","level":"info","event":"Surabaya: 24 rows before cleaning, 24 rows after cleaning, 0 rows removed.","logger":"airflow.task.hooks.airflow.providers.standard.hooks.subprocess.SubprocessHook"}
{"timestamp":"2026-10-05T11:48:11.801777","level":"info","event":"Bandung: 288 rows before cleaning, 288 rows after cleaning, 0 rows removed.","logger":"airflow.task.hooks.airflow.providers.standard.hooks.subprocess.SubprocessHook"}
{"timestamp":"2026-10-05T11:48:11.801826","level":"info","event":"Bandung: 72 rows before cleaning, 72 rows after cleaning, 0 rows removed.","logger":"airflow.task.hooks.airflow.providers.standard.hooks.subprocess.SubprocessHook"}
{"timestamp":"2026-10-05T11:48:11.801870","level":"info","event":"Bandung: 120 rows before cleaning, 120 rows after cleaning, 0 rows removed.","logger":"airflow.task.hooks.airflow.providers.standard.hooks.subprocess.SubprocessHook"}
{"timestamp":"2026-10-05T11:48:11.801906","level":"info","event":"Bandung: 4 rows before cleaning, 4 rows after cleaning, 0 rows removed.","logger":"airflow.task.hooks.airflow.providers.standard.hooks.subprocess.SubprocessHook"}
{"timestamp":"2026-10-05T11:48:11.801935","level":"info","event":"Bandung: 3 rows before cleaning, 3 rows after cleaning, 0 rows removed.","logger":"airflow.task.hooks.airflow.providers.standard.hooks.subprocess.SubprocessHook"}
{"timestamp":"2026-10-05T11:48:11.801997","level":"info","event":"Bandung: 4 rows before cleaning, 4 rows after cleaning, 0 rows removed.","logger":"airflow.task.hooks.airflow.providers.standard.hooks.subprocess.SubprocessHook"}
{"timestamp":"2026-10-05T11:48:11.802055","level":"info","event":"Bandung: 4 rows before cleaning, 4 rows after cleaning, 0 rows removed.","logger":"airflow.task.hooks.airflow.providers.standard.hooks.subprocess.SubprocessHook"}
{"timestamp":"2026-10-05T11:48:11.802091","level":"info","event":"Bandung: 4 rows before cleaning, 4 rows after cleaning, 0 rows removed.","logger":"airflow.task.hooks.airflow.providers.standard.hooks.subprocess.SubprocessHook"}
{"timestamp":"2026-10-05T11:48:11.802121","level":"info","event":"Bandung: 4 rows before cleaning, 4 rows after cleaning, 0 rows removed.","logger":"airflow.task.hooks.airflow.providers.standard.hooks.subprocess.SubprocessHook"}
{"timestamp":"2026-10-05T11:48:11.802151","level":"info","event":"Bandung: 4 rows before cleaning, 4 rows after cleaning, 0 rows removed.","logger":"airflow.task.hooks.airflow.providers.standard.hooks.subprocess.SubprocessHook"}
{"timestamp":"2026-10-05T11:48:11.802179","level":"info","event":"Bandung: 1 rows before cleaning, 1 rows after cleaning, 0 rows removed.","logger":"airflow.task.hooks.airflow.providers.standard.hooks.subprocess.SubprocessHook"}
{"timestamp":"2026-10-05T11:48:11.802207","level":"info","event":"Bandung: 0 rows before cleaning, 0 rows after cleaning, 0 rows removed.","logger":"airflow.task.hooks.airflow.providers.standard.hooks.subprocess.SubprocessHook"}
{"timestamp":"2026-10-05T11:48:11.802236","level":"info","event":"Bandung: 24 rows before cleaning, 24 rows after cleaning, 0 rows removed.","logger":"airflow.task.hooks.airflow.providers.standard.hooks.subprocess.SubprocessHook"}
{"timestamp":"2026-10-05T11:48:11.802266","level":"info","event":"Jakarta: 288 rows before cleaning, 288 rows after cleaning, 0 rows removed.","logger":"airflow.task.hooks.airflow.providers.standard.hooks.subprocess.SubprocessHook"}
{"timestamp":"2026-10-05T11:48:11.802296","level":"info","event":"Jakarta: 72 rows before cleaning, 72 rows after cleaning, 0 rows removed.","logger":"airflow.task.hooks.airflow.providers.standard.hooks.subprocess.SubprocessHook"}
{"timestamp":"2026-10-05T11:48:11.802325","level":"info","event":"Jakarta: 120 rows before cleaning, 120 rows after cleaning, 0 rows removed.","logger":"airflow.task.hooks.airflow.providers.standard.hooks.subprocess.SubprocessHook"}
{"timestamp":"2026-10-05T11:48:11.802354","level":"info","event":"Jakarta: 4 rows before cleaning, 4 rows after cleaning, 0 rows removed.","logger":"airflow.task.hooks.airflow.providers.standard.hooks.subprocess.SubprocessHook"}
{"timestamp":"2026-10-05T11:48:11.802382","level":"info","event":"Jakarta: 3 rows before cleaning, 3 rows after cleaning, 0 rows removed.","logger":"airflow.task.hooks.airflow.providers.standard.hooks.subprocess.SubprocessHook"}
{"timestamp":"2026-10-05T11:48:11.802416","level":"info","event":"Jakarta: 4 rows before cleaning, 4 rows after cleaning, 0 rows removed.","logger":"airflow.task.hooks.airflow.providers.standard.hooks.subprocess.SubprocessHook"}
{"timestamp":"2026-10-05T11:48:11.802444","level":"info","event":"Jakarta: 4 rows before cleaning, 4 rows after cleaning, 0 rows removed.","logger":"airflow.task.hooks.airflow.providers.standard.hooks.subprocess.SubprocessHook"}
{"timestamp":"2026-10-05T11:48:11.802473","level":"info","event":"Jakarta: 4 rows before cleaning, 4 rows after cleaning, 0 rows removed.","logger":"airflow.task.hooks.airflow.providers.standard.hooks.subprocess.SubprocessHook"}
{"timestamp":"2026-10-05T11:48:11.802502","level":"info","event":"Jakarta: 4 rows before cleaning, 4 rows after cleaning, 0 rows removed.","logger":"airflow.task.hooks.airflow.providers.standard.hooks.subprocess.SubprocessHook"}
{"timestamp":"2026-10-05T11:48:11.802529","level":"info","event":"Jakarta: 4 rows before cleaning, 4 rows after cleaning, 0 rows removed.","logger":"airflow.task.hooks.airflow.providers.standard.hooks.subprocess.SubprocessHook"}
{"timestamp":"2026-10-05T11:48:11.802555","level":"info","event":"Jakarta: 1 rows before cleaning, 1 rows after cleaning, 0 rows removed.","logger":"airflow.task.hooks.airflow.providers.standard.hooks.subprocess.SubprocessHook"}
{"timestamp":"2026-10-05T11:48:11.802582","level":"info","event":"Jakarta: 0 rows before cleaning, 0 rows after cleaning, 0 rows removed.","logger":"airflow.task.hooks.airflow.providers.standard.hooks.subprocess.SubprocessHook"}
{"timestamp":"2026-10-05T11:48:11.802613","level":"info","event":"Jakarta: 24 rows before cleaning, 24 rows after cleaning, 0 rows removed.","logger":"airflow.task.hooks.airflow.providers.standard.hooks.subprocess.SubprocessHook"}
{"timestamp":"2026-10-05T11:48:11.802642","level":"info","event":"Surabaya: 288 rows before cleaning, 288 rows after cleaning, 0 rows removed.","logger":"airflow.task.hooks.airflow.providers.standard.hooks.subprocess.SubprocessHook"}
{"timestamp":"2026-10-05T11:48:11.802668","level":"info","event":"Surabaya: 72 rows before cleaning, 72 rows after cleaning, 0 rows removed.","logger":"airflow.task.hooks.airflow.providers.standard.hooks.subprocess.SubprocessHook"}
{"timestamp":"2026-10-05T11:48:11.802695","level":"info","event":"Surabaya: 120 rows before cleaning, 120 rows after cleaning, 0 rows removed.","logger":"airflow.task.hooks.airflow.providers.standard.hooks.subprocess.SubprocessHook"}
{"timestamp":"2026-10-05T11:48:11.802750","level":"info","event":"Surabaya: 4 rows before cleaning, 4 rows after cleaning, 0 rows removed.","logger":"airflow.task.hooks.airflow.providers.standard.hooks.subprocess.SubprocessHook"}
{"timestamp":"2026-10-05T11:48:11.802794","level":"info","event":"Surabaya: 3 rows before cleaning, 3 rows after cleaning, 0 rows removed.","logger":"airflow.task.hooks.airflow.providers.standard.hooks.subprocess.SubprocessHook"}
{"timestamp":"2026-10-05T11:48:11.802826","level":"info","event":"Surabaya: 4 rows before cleaning, 4 rows after cleaning, 0 rows removed.","logger":"airflow.task.hooks.airflow.providers.standard.hooks.subprocess.SubprocessHook"}
{"timestamp":"2026-10-05T11:48:11.802856","level":"info","event":"Surabaya: 4 rows before cleaning, 4 rows after cleaning, 0 rows removed.","logger":"airflow.task.hooks.airflow.providers.standard.hooks.subprocess.SubprocessHook"}
{"timestamp":"2026-10-05T11:48:11.802885","level":"info","event":"Surabaya: 4 rows before cleaning, 4 rows after cleaning, 0 rows removed.","logger":"airflow.task.hooks.airflow.providers.standard.hooks.subprocess.SubprocessHook"}
{"timestamp":"2026-10-05T11:48:11.802913","level":"info","event":"Surabaya: 4 rows before cleaning, 4 rows after cleaning, 0 rows removed.","logger":"airflow.task.hooks.airflow.providers.standard.hooks.subprocess.SubprocessHook"}
{"timestamp":"2026-10-05T11:48:11.802941","level":"info","event":"Surabaya: 4 rows before cleaning, 4 rows after cleaning, 0 rows removed.","logger":"airflow.task.hooks.airflow.providers.standard.hooks.subprocess.SubprocessHook"}
{"timestamp":"2026-10-05T11:48:11.802968","level":"info","event":"Surabaya: 1 rows before cleaning, 1 rows after cleaning, 0 rows removed.","logger":"airflow.task.hooks.airflow.providers.standard.hooks.subprocess.SubprocessHook"}
{"timestamp":"2026-10-05T11:48:11.803023","level":"info","event":"Surabaya: 0 rows before cleaning, 0 rows after cleaning, 0 rows removed.","logger":"airflow.task.hooks.airflow.providers.standard.hooks.subprocess.SubprocessHook"}
{"timestamp":"2026-10-05T11:48:11.803065","level":"info","event":"Surabaya: 24 rows before cleaning, 24 rows after cleaning, 0 rows removed.","logger":"airflow.task.hooks.airflow.providers.standard.hooks.subprocess.SubprocessHook"}
{"timestamp":"2026-10-05T11:48:11.803098","level":"info","event":"Bandung: 288 rows before cleaning, 288 rows after cleaning, 0 rows removed.","logger":"airflow.task.hooks.airflow.providers.standard.hooks.subprocess.SubprocessHook"}
{"timestamp":"2026-10-05T11:48:11.803128","level":"info","event":"Bandung: 72 rows before cleaning, 72 rows after cleaning, 0 rows removed.","logger":"airflow.task.hooks.airflow.providers.standard.hooks.subprocess.SubprocessHook"}
{"timestamp":"2026-10-05T11:48:11.803159","level":"info","event":"Bandung: 120 rows before cleaning, 120 rows after cleaning, 0 rows removed.","logger":"airflow.task.hooks.airflow.providers.standard.hooks.subprocess.SubprocessHook"}
{"timestamp":"2026-10-05T11:48:11.803188","level":"info","event":"Bandung: 4 rows before cleaning, 4 rows after cleaning, 0 rows removed.","logger":"airflow.task.hooks.airflow.providers.standard.hooks.subprocess.SubprocessHook"}
{"timestamp":"2026-10-05T11:48:12.149638","level":"info","event":"Bandung: 3 rows before cleaning, 3 rows after cleaning, 0 rows removed.","logger":"airflow.task.hooks.airflow.providers.standard.hooks.subprocess.SubprocessHook"}
{"timestamp":"2026-10-05T11:48:12.149795","level":"info","event":"Bandung: 4 rows before cleaning, 4 rows after cleaning, 0 rows removed.","logger":"airflow.task.hooks.airflow.providers.standard.hooks.subprocess.SubprocessHook"}
{"timestamp":"2026-10-05T11:48:12.149851","level":"info","event":"Bandung: 4 rows before cleaning, 4 rows after cleaning, 0 rows removed.","logger":"airflow.task.hooks.airflow.providers.standard.hooks.subprocess.SubprocessHook"}
{"timestamp":"2026-10-05T11:48:12.149891","level":"info","event":"Bandung: 4 rows before cleaning, 4 rows after cleaning, 0 rows removed.","logger":"airflow.task.hooks.airflow.providers.standard.hooks.subprocess.SubprocessHook"}
{"timestamp":"2026-10-05T11:48:12.149927","level":"info","event":"Bandung: 4 rows before cleaning, 4 rows after cleaning, 0 rows removed.","logger":"airflow.task.hooks.airflow.providers.standard.hooks.subprocess.SubprocessHook"}
{"timestamp":"2026-10-05T11:48:12.149957","level":"info","event":"Bandung: 4 rows before cleaning, 4 rows after cleaning, 0 rows removed.","logger":"airflow.task.hooks.airflow.providers.standard.hooks.subprocess.SubprocessHook"}
{"timestamp":"2026-10-05T11:48:12.149986","level":"info","event":"Bandung: 1 rows before cleaning, 1 rows after cleaning, 0 rows removed.","logger":"airflow.task.hooks.airflow.providers.standard.hooks.subprocess.SubprocessHook"}
{"timestamp":"2026-10-05T11:48:12.150014","level":"info","event":"Bandung: 0 rows before cleaning, 0 rows after cleaning, 0 rows removed.","logger":"airflow.task.hooks.airflow.providers.standard.hooks.subprocess.SubprocessHook"}
{"timestamp":"2026-10-05T11:48:12.150041","level":"info","event":"Bandung: 3 rows before cleaning, 3 rows after cleaning, 0 rows removed.","logger":"airflow.task.hooks.airflow.providers.standard.hooks.subprocess.SubprocessHook"}
{"timestamp":"2026-10-05T11:48:12.150069","level":"info","event":"Bandung: 24 rows before cleaning, 24 rows after cleaning, 0 rows removed.","logger":"airflow.task.hooks.airflow.providers.standard.hooks.subprocess.SubprocessHook"}
{"timestamp":"2026-10-05T11:48:12.150096","level":"info","event":"Jakarta: 288 rows before cleaning, 288 rows after cleaning, 0 rows removed.","logger":"airflow.task.hooks.airflow.providers.standard.hooks.subprocess.SubprocessHook"}
{"timestamp":"2026-10-05T11:48:12.150123","level":"info","event":"Jakarta: 72 rows before cleaning, 72 rows after cleaning, 0 rows removed.","logger":"airflow.task.hooks.airflow.providers.standard.hooks.subprocess.SubprocessHook"}
{"timestamp":"2026-10-05T11:48:12.150150","level":"info","event":"Jakarta: 120 rows before cleaning, 120 rows after cleaning, 0 rows removed.","logger":"airflow.task.hooks.airflow.providers.standard.hooks.subprocess.SubprocessHook"}
{"timestamp":"2026-10-05T11:48:12.150176","level":"info","event":"Jakarta: 4 rows before cleaning, 4 rows after cleaning, 0 rows removed.","logger":"airflow.task.hooks.airflow.providers.standard.hooks.subprocess.SubprocessHook"}
{"timestamp":"2026-10-05T11:48:12.150203","level":"info","event":"Jakarta: 3 rows before cleaning, 3 rows after cleaning, 0 rows removed.","logger":"airflow.task.hooks.airflow.providers.standard.hooks.subprocess.SubprocessHook"}
{"timestamp":"2026-10-05T11:48:12.150229","level":"info","event":"Jakarta: 4 rows before cleaning, 4 rows after cleaning, 0 rows removed.","logger":"airflow.task.hooks.airflow.providers.standard.hooks.subprocess.SubprocessHook"}
{"timestamp":"2026-10-05T11:48:12.150254","level":"info","event":"Jakarta: 4 rows before cleaning, 4 rows after cleaning, 0 rows removed.","logger":"airflow.task.hooks.airflow.providers.standard.hooks.subprocess.SubprocessHook"}
{"timestamp":"2026-10-05T11:48:12.150280","level":"info","event":"Jakarta: 4 rows before cleaning, 4 rows after cleaning, 0 rows removed.","logger":"airflow.task.hooks.airflow.providers.standard.hooks.subprocess.SubprocessHook"}
{"timestamp":"2026-10-05T11:48:12.150305","level":"info","event":"Jakarta: 4 rows before cleaning, 4 rows after cleaning, 0 rows removed.","logger":"airflow.task.hooks.airflow.providers.standard.hooks.subprocess.SubprocessHook"}
{"timestamp":"2026-10-05T11:48:12.150331","level":"info","event":"Jakarta: 4 rows before cleaning, 4 rows after cleaning, 0 rows removed.","logger":"airflow.task.hooks.airflow.providers.standard.hooks.subprocess.SubprocessHook"}
{"timestamp":"2026-10-05T11:48:12.150359","level":"info","event":"Jakarta: 1 rows before cleaning, 1 rows after cleaning, 0 rows removed.","logger":"airflow.task.hooks.airflow.providers.standard.hooks.subprocess.SubprocessHook"}
{"timestamp":"2026-10-05T11:48:12.150386","level":"info","event":"Jakarta: 0 rows before cleaning, 0 rows after cleaning, 0 rows removed.","logger":"airflow.task.hooks.airflow.providers.standard.hooks.subprocess.SubprocessHook"}
{"timestamp":"2026-10-05T11:48:12.150411","level":"info","event":"Jakarta: 3 rows before cleaning, 3 rows after cleaning, 0 rows removed.","logger":"airflow.task.hooks.airflow.providers.standard.hooks.subprocess.SubprocessHook"}
{"timestamp":"2026-10-05T11:48:12.150437","level":"info","event":"Jakarta: 24 rows before cleaning, 24 rows after cleaning, 0 rows removed.","logger":"airflow.task.hooks.airflow.providers.standard.hooks.subprocess.SubprocessHook"}
{"timestamp":"2026-10-05T11:48:12.150466","level":"info","event":"Surabaya: 288 rows before cleaning, 288 rows after cleaning, 0 rows removed.","logger":"airflow.task.hooks.airflow.providers.standard.hooks.subprocess.SubprocessHook"}
{"timestamp":"2026-10-05T11:48:12.150508","level":"info","event":"Surabaya: 72 rows before cleaning, 72 rows after cleaning, 0 rows removed.","logger":"airflow.task.hooks.airflow.providers.standard.hooks.subprocess.SubprocessHook"}
{"timestamp":"2026-10-05T11:48:12.150541","level":"info","event":"Surabaya: 120 rows before cleaning, 120 rows after cleaning, 0 rows removed.","logger":"airflow.task.hooks.airflow.providers.standard.hooks.subprocess.SubprocessHook"}
{"timestamp":"2026-10-05T11:48:12.150567","level":"info","event":"Surabaya: 4 rows before cleaning, 4 rows after cleaning, 0 rows removed.","logger":"airflow.task.hooks.airflow.providers.standard.hooks.subprocess.SubprocessHook"}
{"timestamp":"2026-10-05T11:48:12.150594","level":"info","event":"Surabaya: 3 rows before cleaning, 3 rows after cleaning, 0 rows removed.","logger":"airflow.task.hooks.airflow.providers.standard.hooks.subprocess.SubprocessHook"}
{"timestamp":"2026-10-05T11:48:12.150619","level":"info","event":"Surabaya: 4 rows before cleaning, 4 rows after cleaning, 0 rows removed.","logger":"airflow.task.hooks.airflow.providers.standard.hooks.subprocess.SubprocessHook"}
{"timestamp":"2026-10-05T11:48:12.150656","level":"info","event":"Surabaya: 4 rows before cleaning, 4 rows after cleaning, 0 rows removed.","logger":"airflow.task.hooks.airflow.providers.standard.hooks.subprocess.SubprocessHook"}
{"timestamp":"2026-10-05T11:48:12.150698","level":"info","event":"Surabaya: 4 rows before cleaning, 4 rows after cleaning, 0 rows removed.","logger":"airflow.task.hooks.airflow.providers.standard.hooks.subprocess.SubprocessHook"}
{"timestamp":"2026-10-05T11:48:12.150751","level":"info","event":"Surabaya: 4 rows before cleaning, 4 rows after cleaning, 0 rows removed.","logger":"airflow.task.hooks.airflow.providers.standard.hooks.subprocess.SubprocessHook"}
{"timestamp":"2026-10-05T11:48:12.150809","level":"info","event":"Surabaya: 4 rows before cleaning, 4 rows after cleaning, 0 rows removed.","logger":"airflow.task.hooks.airflow.providers.standard.hooks.subprocess.SubprocessHook"}
{"timestamp":"2026-10-05T11:48:12.150861","level":"info","event":"Surabaya: 1 rows before cleaning, 1 rows after cleaning, 0 rows removed.","logger":"airflow.task.hooks.airflow.providers.standard.hooks.subprocess.SubprocessHook"}
{"timestamp":"2026-10-05T11:48:12.150910","level":"info","event":"Surabaya: 0 rows before cleaning, 0 rows after cleaning, 0 rows removed.","logger":"airflow.task.hooks.airflow.providers.standard.hooks.subprocess.SubprocessHook"}
{"timestamp":"2026-10-05T11:48:12.150958","level":"info","event":"Surabaya: 3 rows before cleaning, 3 rows after cleaning, 0 rows removed.","logger":"airflow.task.hooks.airflow.providers.standard.hooks.subprocess.SubprocessHook"}
{"timestamp":"2026-10-05T11:48:12.151006","level":"info","event":"Surabaya: 24 rows before cleaning, 24 rows after cleaning, 0 rows removed.","logger":"airflow.task.hooks.airflow.providers.standard.hooks.subprocess.SubprocessHook"}
{"timestamp":"2026-10-05T11:48:12.151057","level":"info","event":"Bandung: 288 rows before cleaning, 288 rows after cleaning, 0 rows removed.","logger":"airflow.task.hooks.airflow.providers.standard.hooks.subprocess.SubprocessHook"}
{"timestamp":"2026-10-05T11:48:12.151104","level":"info","event":"Bandung: 72 rows before cleaning, 72 rows after cleaning, 0 rows removed.","logger":"airflow.task.hooks.airflow.providers.standard.hooks.subprocess.SubprocessHook"}
{"timestamp":"2026-10-05T11:48:12.151153","level":"info","event":"Bandung: 120 rows before cleaning, 120 rows after cleaning, 0 rows removed.","logger":"airflow.task.hooks.airflow.providers.standard.hooks.subprocess.SubprocessHook"}
{"timestamp":"2026-10-05T11:48:12.151202","level":"info","event":"Bandung: 4 rows before cleaning, 4 rows after cleaning, 0 rows removed.","logger":"airflow.task.hooks.airflow.providers.standard.hooks.subprocess.SubprocessHook"}
{"timestamp":"2026-10-05T11:48:12.151288","level":"info","event":"Bandung: 3 rows before cleaning, 3 rows after cleaning, 0 rows removed.","logger":"airflow.task.hooks.airflow.providers.standard.hooks.subprocess.SubprocessHook"}
{"timestamp":"2026-10-05T11:48:12.151347","level":"info","event":"Bandung: 4 rows before cleaning, 4 rows after cleaning, 0 rows removed.","logger":"airflow.task.hooks.airflow.providers.standard.hooks.subprocess.SubprocessHook"}
{"timestamp":"2026-10-05T11:48:12.151397","level":"info","event":"Bandung: 4 rows before cleaning, 4 rows after cleaning, 0 rows removed.","logger":"airflow.task.hooks.airflow.providers.standard.hooks.subprocess.SubprocessHook"}
{"timestamp":"2026-10-05T11:48:12.151445","level":"info","event":"Bandung: 4 rows before cleaning, 4 rows after cleaning, 0 rows removed.","logger":"airflow.task.hooks.airflow.providers.standard.hooks.subprocess.SubprocessHook"}
{"timestamp":"2026-10-05T11:48:12.151498","level":"info","event":"Bandung: 4 rows before cleaning, 4 rows after cleaning, 0 rows removed.","logger":"airflow.task.hooks.airflow.providers.standard.hooks.subprocess.SubprocessHook"}
{"timestamp":"2026-10-05T11:48:12.151550","level":"info","event":"Bandung: 4 rows before cleaning, 4 rows after cleaning, 0 rows removed.","logger":"airflow.task.hooks.airflow.providers.standard.hooks.subprocess.SubprocessHook"}
{"timestamp":"2026-10-05T11:48:12.151602","level":"info","event":"Bandung: 1 rows before cleaning, 1 rows after cleaning, 0 rows removed.","logger":"airflow.task.hooks.airflow.providers.standard.hooks.subprocess.SubprocessHook"}
{"timestamp":"2026-10-05T11:48:12.151654","level":"info","event":"Bandung: 0 rows before cleaning, 0 rows after cleaning, 0 rows removed.","logger":"airflow.task.hooks.airflow.providers.standard.hooks.subprocess.SubprocessHook"}
{"timestamp":"2026-10-05T11:48:12.151709","level":"info","event":"Bandung: 3 rows before cleaning, 3 rows after cleaning, 0 rows removed.","logger":"airflow.task.hooks.airflow.providers.standard.hooks.subprocess.SubprocessHook"}
{"timestamp":"2026-10-05T11:48:12.151761","level":"info","event":"Bandung: 4 rows before cleaning, 4 rows after cleaning, 0 rows removed.","logger":"airflow.task.hooks.airflow.providers.standard.hooks.subprocess.SubprocessHook"}
{"timestamp":"2026-10-05T11:48:12.151814","level":"info","event":"Bandung: 24 rows before cleaning, 24 rows after cleaning, 0 rows removed.","logger":"airflow.task.hooks.airflow.providers.standard.hooks.subprocess.SubprocessHook"}
{"timestamp":"2026-10-05T11:48:12.151872","level":"info","event":"Jakarta: 288 rows before cleaning, 288 rows after cleaning, 0 rows removed.","logger":"airflow.task.hooks.airflow.providers.standard.hooks.subprocess.SubprocessHook"}
{"timestamp":"2026-10-05T11:48:12.151928","level":"info","event":"Jakarta: 72 rows before cleaning, 72 rows after cleaning, 0 rows removed.","logger":"airflow.task.hooks.airflow.providers.standard.hooks.subprocess.SubprocessHook"}
{"timestamp":"2026-10-05T11:48:12.151982","level":"info","event":"Jakarta: 120 rows before cleaning, 120 rows after cleaning, 0 rows removed.","logger":"airflow.task.hooks.airflow.providers.standard.hooks.subprocess.SubprocessHook"}
{"timestamp":"2026-10-05T11:48:12.152033","level":"info","event":"Jakarta: 4 rows before cleaning, 4 rows after cleaning, 0 rows removed.","logger":"airflow.task.hooks.airflow.providers.standard.hooks.subprocess.SubprocessHook"}
{"timestamp":"2026-10-05T11:48:12.152158","level":"info","event":"Jakarta: 3 rows before cleaning, 3 rows after cleaning, 0 rows removed.","logger":"airflow.task.hooks.airflow.providers.standard.hooks.subprocess.SubprocessHook"}
{"timestamp":"2026-10-05T11:48:12.152235","level":"info","event":"Jakarta: 4 rows before cleaning, 4 rows after cleaning, 0 rows removed.","logger":"airflow.task.hooks.airflow.providers.standard.hooks.subprocess.SubprocessHook"}
{"timestamp":"2026-10-05T11:48:12.152286","level":"info","event":"Jakarta: 4 rows before cleaning, 4 rows after cleaning, 0 rows removed.","logger":"airflow.task.hooks.airflow.providers.standard.hooks.subprocess.SubprocessHook"}
{"timestamp":"2026-10-05T11:48:12.152331","level":"info","event":"Jakarta: 4 rows before cleaning, 4 rows after cleaning, 0 rows removed.","logger":"airflow.task.hooks.airflow.providers.standard.hooks.subprocess.SubprocessHook"}
{"timestamp":"2026-10-05T11:48:12.152375","level":"info","event":"Jakarta: 4 rows before cleaning, 4 rows after cleaning, 0 rows removed.","logger":"airflow.task.hooks.airflow.providers.standard.hooks.subprocess.SubprocessHook"}
{"timestamp":"2026-10-05T11:48:12.152420","level":"info","event":"Jakarta: 4 rows before cleaning, 4 rows after cleaning, 0 rows removed.","logger":"airflow.task.hooks.airflow.providers.standard.hooks.subprocess.SubprocessHook"}
{"timestamp":"2026-10-05T11:48:12.152465","level":"info","event":"Jakarta: 1 rows before cleaning, 1 rows after cleaning, 0 rows removed.","logger":"airflow.task.hooks.airflow.providers.standard.hooks.subprocess.SubprocessHook"}
{"timestamp":"2026-10-05T11:48:12.152508","level":"info","event":"Jakarta: 0 rows before cleaning, 0 rows after cleaning, 0 rows removed.","logger":"airflow.task.hooks.airflow.providers.standard.hooks.subprocess.SubprocessHook"}
{"timestamp":"2026-10-05T11:48:12.152538","level":"info","event":"Jakarta: 3 rows before cleaning, 3 rows after cleaning, 0 rows removed.","logger":"airflow.task.hooks.airflow.providers.standard.hooks.subprocess.SubprocessHook"}
{"timestamp":"2026-10-05T11:48:12.152565","level":"info","event":"Jakarta: 4 rows before cleaning, 4 rows after cleaning, 0 rows removed.","logger":"airflow.task.hooks.airflow.providers.standard.hooks.subprocess.SubprocessHook"}
{"timestamp":"2026-10-05T11:48:12.152591","level":"info","event":"Jakarta: 24 rows before cleaning, 24 rows after cleaning, 0 rows removed.","logger":"airflow.task.hooks.airflow.providers.standard.hooks.subprocess.SubprocessHook"}
{"timestamp":"2026-10-05T11:48:12.152616","level":"info","event":"Surabaya: 288 rows before cleaning, 288 rows after cleaning, 0 rows removed.","logger":"airflow.task.hooks.airflow.providers.standard.hooks.subprocess.SubprocessHook"}
{"timestamp":"2026-10-05T11:48:12.152642","level":"info","event":"Surabaya: 72 rows before cleaning, 72 rows after cleaning, 0 rows removed.","logger":"airflow.task.hooks.airflow.providers.standard.hooks.subprocess.SubprocessHook"}
{"timestamp":"2026-10-05T11:48:12.152668","level":"info","event":"Surabaya: 120 rows before cleaning, 120 rows after cleaning, 0 rows removed.","logger":"airflow.task.hooks.airflow.providers.standard.hooks.subprocess.SubprocessHook"}
{"timestamp":"2026-10-05T11:48:12.152704","level":"info","event":"Surabaya: 4 rows before cleaning, 4 rows after cleaning, 0 rows removed.","logger":"airflow.task.hooks.airflow.providers.standard.hooks.subprocess.SubprocessHook"}
{"timestamp":"2026-10-05T11:48:12.152743","level":"info","event":"Surabaya: 3 rows before cleaning, 3 rows after cleaning, 0 rows removed.","logger":"airflow.task.hooks.airflow.providers.standard.hooks.subprocess.SubprocessHook"}
{"timestamp":"2026-10-05T11:48:12.152771","level":"info","event":"Surabaya: 4 rows before cleaning, 4 rows after cleaning, 0 rows removed.","logger":"airflow.task.hooks.airflow.providers.standard.hooks.subprocess.SubprocessHook"}
{"timestamp":"2026-10-05T11:48:12.152798","level":"info","event":"Surabaya: 4 rows before cleaning, 4 rows after cleaning, 0 rows removed.","logger":"airflow.task.hooks.airflow.providers.standard.hooks.subprocess.SubprocessHook"}
{"timestamp":"2026-10-05T11:48:12.152824","level":"info","event":"Surabaya: 4 rows before cleaning, 4 rows after cleaning, 0 rows removed.","logger":"airflow.task.hooks.airflow.providers.standard.hooks.subprocess.SubprocessHook"}
{"timestamp":"2026-10-05T11:48:12.152861","level":"info","event":"Surabaya: 4 rows before cleaning, 4 rows after cleaning, 0 rows removed.","logger":"airflow.task.hooks.airflow.providers.standard.hooks.subprocess.SubprocessHook"}
{"timestamp":"2026-10-05T11:48:12.152899","level":"info","event":"Surabaya: 4 rows before cleaning, 4 rows after cleaning, 0 rows removed.","logger":"airflow.task.hooks.airflow.providers.standard.hooks.subprocess.SubprocessHook"}
{"timestamp":"2026-10-05T11:48:12.152939","level":"info","event":"Surabaya: 1 rows before cleaning, 1 rows after cleaning, 0 rows removed.","logger":"airflow.task.hooks.airflow.providers.standard.hooks.subprocess.SubprocessHook"}
{"timestamp":"2026-10-05T11:48:12.152980","level":"info","event":"Surabaya: 0 rows before cleaning, 0 rows after cleaning, 0 rows removed.","logger":"airflow.task.hooks.airflow.providers.standard.hooks.subprocess.SubprocessHook"}
{"timestamp":"2026-10-05T11:48:12.153025","level":"info","event":"Surabaya: 3 rows before cleaning, 3 rows after cleaning, 0 rows removed.","logger":"airflow.task.hooks.airflow.providers.standard.hooks.subprocess.SubprocessHook"}
{"timestamp":"2026-10-05T11:48:12.153073","level":"info","event":"Surabaya: 4 rows before cleaning, 4 rows after cleaning, 0 rows removed.","logger":"airflow.task.hooks.airflow.providers.standard.hooks.subprocess.SubprocessHook"}
{"timestamp":"2026-10-05T11:48:12.153120","level":"info","event":"Surabaya: 24 rows before cleaning, 24 rows after cleaning, 0 rows removed.","logger":"airflow.task.hooks.airflow.providers.standard.hooks.subprocess.SubprocessHook"}
{"timestamp":"2026-10-05T11:48:12.153151","level":"info","event":"Bandung: 288 rows before cleaning, 288 rows after cleaning, 0 rows removed.","logger":"airflow.task.hooks.airflow.providers.standard.hooks.subprocess.SubprocessHook"}
{"timestamp":"2026-10-05T11:48:12.153176","level":"info","event":"Bandung: 72 rows before cleaning, 72 rows after cleaning, 0 rows removed.","logger":"airflow.task.hooks.airflow.providers.standard.hooks.subprocess.SubprocessHook"}
{"timestamp":"2026-10-05T11:48:12.153202","level":"info","event":"Bandung: 120 rows before cleaning, 120 rows after cleaning, 0 rows removed.","logger":"airflow.task.hooks.airflow.providers.standard.hooks.subprocess.SubprocessHook"}
{"timestamp":"2026-10-05T11:48:12.153229","level":"info","event":"Bandung: 4 rows before cleaning, 4 rows after cleaning, 0 rows removed.","logger":"airflow.task.hooks.airflow.providers.standard.hooks.subprocess.SubprocessHook"}
{"timestamp":"2026-10-05T11:48:12.153277","level":"info","event":"Bandung: 3 rows before cleaning, 3 rows after cleaning, 0 rows removed.","logger":"airflow.task.hooks.airflow.providers.standard.hooks.subprocess.SubprocessHook"}
{"timestamp":"2026-10-05T11:48:12.153322","level":"info","event":"Bandung: 4 rows before cleaning, 4 rows after cleaning, 0 rows removed.","logger":"airflow.task.hooks.airflow.providers.standard.hooks.subprocess.SubprocessHook"}
{"timestamp":"2026-10-05T11:48:12.153352","level":"info","event":"Bandung: 4 rows before cleaning, 4 rows after cleaning, 0 rows removed.","logger":"airflow.task.hooks.airflow.providers.standard.hooks.subprocess.SubprocessHook"}
{"timestamp":"2026-10-05T11:48:12.153381","level":"info","event":"Bandung: 4 rows before cleaning, 4 rows after cleaning, 0 rows removed.","logger":"airflow.task.hooks.airflow.providers.standard.hooks.subprocess.SubprocessHook"}
{"timestamp":"2026-10-05T11:48:12.153408","level":"info","event":"Bandung: 4 rows before cleaning, 4 rows after cleaning, 0 rows removed.","logger":"airflow.task.hooks.airflow.providers.standard.hooks.subprocess.SubprocessHook"}
{"timestamp":"2026-10-05T11:48:12.153460","level":"info","event":"Bandung: 4 rows before cleaning, 4 rows after cleaning, 0 rows removed.","logger":"airflow.task.hooks.airflow.providers.standard.hooks.subprocess.SubprocessHook"}
{"timestamp":"2026-10-05T11:48:12.153491","level":"info","event":"Bandung: 1 rows before cleaning, 1 rows after cleaning, 0 rows removed.","logger":"airflow.task.hooks.airflow.providers.standard.hooks.subprocess.SubprocessHook"}
{"timestamp":"2026-10-05T11:48:12.153520","level":"info","event":"Bandung: 0 rows before cleaning, 0 rows after cleaning, 0 rows removed.","logger":"airflow.task.hooks.airflow.providers.standard.hooks.subprocess.SubprocessHook"}
{"timestamp":"2026-10-05T11:48:12.153549","level":"info","event":"Bandung: 3 rows before cleaning, 3 rows after cleaning, 0 rows removed.","logger":"airflow.task.hooks.airflow.providers.standard.hooks.subprocess.SubprocessHook"}
{"timestamp":"2026-10-05T11:48:12.153578","level":"info","event":"Bandung: 4 rows before cleaning, 4 rows after cleaning, 0 rows removed.","logger":"airflow.task.hooks.airflow.providers.standard.hooks.subprocess.SubprocessHook"}
{"timestamp":"2026-10-05T11:48:12.153605","level":"info","event":"Bandung: 1 rows before cleaning, 1 rows after cleaning, 0 rows removed.","logger":"airflow.task.hooks.airflow.providers.standard.hooks.subprocess.SubprocessHook"}
{"timestamp":"2026-10-05T11:48:12.153632","level":"info","event":"Bandung: 24 rows before cleaning, 24 rows after cleaning, 0 rows removed.","logger":"airflow.task.hooks.airflow.providers.standard.hooks.subprocess.SubprocessHook"}
{"timestamp":"2026-10-05T11:48:12.153659","level":"info","event":"Jakarta: 288 rows before cleaning, 288 rows after cleaning, 0 rows removed.","logger":"airflow.task.hooks.airflow.providers.standard.hooks.subprocess.SubprocessHook"}
{"timestamp":"2026-10-05T11:48:12.153685","level":"info","event":"Jakarta: 72 rows before cleaning, 72 rows after cleaning, 0 rows removed.","logger":"airflow.task.hooks.airflow.providers.standard.hooks.subprocess.SubprocessHook"}
{"timestamp":"2026-10-05T11:48:12.153712","level":"info","event":"Jakarta: 120 rows before cleaning, 120 rows after cleaning, 0 rows removed.","logger":"airflow.task.hooks.airflow.providers.standard.hooks.subprocess.SubprocessHook"}
{"timestamp":"2026-10-05T11:48:12.153752","level":"info","event":"Jakarta: 4 rows before cleaning, 4 rows after cleaning, 0 rows removed.","logger":"airflow.task.hooks.airflow.providers.standard.hooks.subprocess.SubprocessHook"}
{"timestamp":"2026-10-05T11:48:12.153780","level":"info","event":"Jakarta: 3 rows before cleaning, 3 rows after cleaning, 0 rows removed.","logger":"airflow.task.hooks.airflow.providers.standard.hooks.subprocess.SubprocessHook"}
{"timestamp":"2026-10-05T11:48:12.153806","level":"info","event":"Jakarta: 4 rows before cleaning, 4 rows after cleaning, 0 rows removed.","logger":"airflow.task.hooks.airflow.providers.standard.hooks.subprocess.SubprocessHook"}
{"timestamp":"2026-10-05T11:48:12.153832","level":"info","event":"Jakarta: 4 rows before cleaning, 4 rows after cleaning, 0 rows removed.","logger":"airflow.task.hooks.airflow.providers.standard.hooks.subprocess.SubprocessHook"}
{"timestamp":"2026-10-05T11:48:12.153857","level":"info","event":"Jakarta: 4 rows before cleaning, 4 rows after cleaning, 0 rows removed.","logger":"airflow.task.hooks.airflow.providers.standard.hooks.subprocess.SubprocessHook"}
{"timestamp":"2026-10-05T11:48:12.153882","level":"info","event":"Jakarta: 4 rows before cleaning, 4 rows after cleaning, 0 rows removed.","logger":"airflow.task.hooks.airflow.providers.standard.hooks.subprocess.SubprocessHook"}
{"timestamp":"2026-10-05T11:48:12.153907","level":"info","event":"Jakarta: 4 rows before cleaning, 4 rows after cleaning, 0 rows removed.","logger":"airflow.task.hooks.airflow.providers.standard.hooks.subprocess.SubprocessHook"}
{"timestamp":"2026-10-05T11:48:12.153931","level":"info","event":"Jakarta: 1 rows before cleaning, 1 rows after cleaning, 0 rows removed.","logger":"airflow.task.hooks.airflow.providers.standard.hooks.subprocess.SubprocessHook"}
{"timestamp":"2026-10-05T11:48:12.153957","level":"info","event":"Jakarta: 0 rows before cleaning, 0 rows after cleaning, 0 rows removed.","logger":"airflow.task.hooks.airflow.providers.standard.hooks.subprocess.SubprocessHook"}
{"timestamp":"2026-10-05T11:48:12.153982","level":"info","event":"Jakarta: 3 rows before cleaning, 3 rows after cleaning, 0 rows removed.","logger":"airflow.task.hooks.airflow.providers.standard.hooks.subprocess.SubprocessHook"}
{"timestamp":"2026-10-05T11:48:12.154007","level":"info","event":"Jakarta: 4 rows before cleaning, 4 rows after cleaning, 0 rows removed.","logger":"airflow.task.hooks.airflow.providers.standard.hooks.subprocess.SubprocessHook"}
{"timestamp":"2026-10-05T11:48:31.432616","level":"info","event":"Jakarta: 1 rows before cleaning, 1 rows after cleaning, 0 rows removed.","logger":"airflow.task.hooks.airflow.providers.standard.hooks.subprocess.SubprocessHook"}
{"timestamp":"2026-10-05T11:48:31.432864","level":"info","event":"Jakarta: 24 rows before cleaning, 24 rows after cleaning, 0 rows removed.","logger":"airflow.task.hooks.airflow.providers.standard.hooks.subprocess.SubprocessHook"}
{"timestamp":"2026-10-05T11:48:31.432970","level":"info","event":"Surabaya: 288 rows before cleaning, 288 rows after cleaning, 0 rows removed.","logger":"airflow.task.hooks.airflow.providers.standard.hooks.subprocess.SubprocessHook"}
{"timestamp":"2026-10-05T11:48:31.433051","level":"info","event":"Surabaya: 72 rows before cleaning, 72 rows after cleaning, 0 rows removed.","logger":"airflow.task.hooks.airflow.providers.standard.hooks.subprocess.SubprocessHook"}
{"timestamp":"2026-10-05T11:48:31.433122","level":"info","event":"Surabaya: 120 rows before cleaning, 120 rows after cleaning, 0 rows removed.","logger":"airflow.task.hooks.airflow.providers.standard.hooks.subprocess.SubprocessHook"}
{"timestamp":"2026-10-05T11:48:31.433190","level":"info","event":"Surabaya: 4 rows before cleaning, 4 rows after cleaning, 0 rows removed.","logger":"airflow.task.hooks.airflow.providers.standard.hooks.subprocess.SubprocessHook"}
{"timestamp":"2026-10-05T11:48:31.433259","level":"info","event":"Surabaya: 3 rows before cleaning, 3 rows after cleaning, 0 rows removed.","logger":"airflow.task.hooks.airflow.providers.standard.hooks.subprocess.SubprocessHook"}
{"timestamp":"2026-10-05T11:48:31.433329","level":"info","event":"Surabaya: 4 rows before cleaning, 4 rows after cleaning, 0 rows removed.","logger":"airflow.task.hooks.airflow.providers.standard.hooks.subprocess.SubprocessHook"}
{"timestamp":"2026-10-05T11:48:31.433399","level":"info","event":"Surabaya: 4 rows before cleaning, 4 rows after cleaning, 0 rows removed.","logger":"airflow.task.hooks.airflow.providers.standard.hooks.subprocess.SubprocessHook"}
{"timestamp":"2026-10-05T11:48:31.433469","level":"info","event":"Surabaya: 4 rows before cleaning, 4 rows after cleaning, 0 rows removed.","logger":"airflow.task.hooks.airflow.providers.standard.hooks.subprocess.SubprocessHook"}
{"timestamp":"2026-10-05T11:48:31.433537","level":"info","event":"Surabaya: 4 rows before cleaning, 4 rows after cleaning, 0 rows removed.","logger":"airflow.task.hooks.airflow.providers.standard.hooks.subprocess.SubprocessHook"}
{"timestamp":"2026-10-05T11:48:31.433608","level":"info","event":"Surabaya: 4 rows before cleaning, 4 rows after cleaning, 0 rows removed.","logger":"airflow.task.hooks.airflow.providers.standard.hooks.subprocess.SubprocessHook"}
{"timestamp":"2026-10-05T11:48:31.433790","level":"info","event":"Surabaya: 1 rows before cleaning, 1 rows after cleaning, 0 rows removed.","logger":"airflow.task.hooks.airflow.providers.standard.hooks.subprocess.SubprocessHook"}
{"timestamp":"2026-10-05T11:48:31.433878","level":"info","event":"Surabaya: 0 rows before cleaning, 0 rows after cleaning, 0 rows removed.","logger":"airflow.task.hooks.airflow.providers.standard.hooks.subprocess.SubprocessHook"}
{"timestamp":"2026-10-05T11:48:31.433947","level":"info","event":"Surabaya: 3 rows before cleaning, 3 rows after cleaning, 0 rows removed.","logger":"airflow.task.hooks.airflow.providers.standard.hooks.subprocess.SubprocessHook"}
{"timestamp":"2026-10-05T11:48:31.434065","level":"info","event":"Surabaya: 4 rows before cleaning, 4 rows after cleaning, 0 rows removed.","logger":"airflow.task.hooks.airflow.providers.standard.hooks.subprocess.SubprocessHook"}
{"timestamp":"2026-10-05T11:48:31.434152","level":"info","event":"Surabaya: 1 rows before cleaning, 1 rows after cleaning, 0 rows removed.","logger":"airflow.task.hooks.airflow.providers.standard.hooks.subprocess.SubprocessHook"}
{"timestamp":"2026-10-05T11:48:31.434229","level":"info","event":"Surabaya: 24 rows before cleaning, 24 rows after cleaning, 0 rows removed.","logger":"airflow.task.hooks.airflow.providers.standard.hooks.subprocess.SubprocessHook"}
{"timestamp":"2026-10-05T11:48:31.434306","level":"info","event":"Bandung: 288 rows before cleaning, 288 rows after cleaning, 0 rows removed.","logger":"airflow.task.hooks.airflow.providers.standard.hooks.subprocess.SubprocessHook"}
{"timestamp":"2026-10-05T11:48:31.434388","level":"info","event":"Bandung: 72 rows before cleaning, 72 rows after cleaning, 0 rows removed.","logger":"airflow.task.hooks.airflow.providers.standard.hooks.subprocess.SubprocessHook"}
{"timestamp":"2026-10-05T11:48:31.434469","level":"info","event":"Bandung: 120 rows before cleaning, 120 rows after cleaning, 0 rows removed.","logger":"airflow.task.hooks.airflow.providers.standard.hooks.subprocess.SubprocessHook"}
{"timestamp":"2026-10-05T11:48:31.434548","level":"info","event":"Bandung: 4 rows before cleaning, 4 rows after cleaning, 0 rows removed.","logger":"airflow.task.hooks.airflow.providers.standard.hooks.subprocess.SubprocessHook"}
{"timestamp":"2026-10-05T11:48:31.434624","level":"info","event":"Bandung: 3 rows before cleaning, 3 rows after cleaning, 0 rows removed.","logger":"airflow.task.hooks.airflow.providers.standard.hooks.subprocess.SubprocessHook"}
{"timestamp":"2026-10-05T11:48:31.434702","level":"info","event":"Bandung: 4 rows before cleaning, 4 rows after cleaning, 0 rows removed.","logger":"airflow.task.hooks.airflow.providers.standard.hooks.subprocess.SubprocessHook"}
{"timestamp":"2026-10-05T11:48:31.434784","level":"info","event":"Bandung: 4 rows before cleaning, 4 rows after cleaning, 0 rows removed.","logger":"airflow.task.hooks.airflow.providers.standard.hooks.subprocess.SubprocessHook"}
{"timestamp":"2026-10-05T11:48:31.434867","level":"info","event":"Bandung: 4 rows before cleaning, 4 rows after cleaning, 0 rows removed.","logger":"airflow.task.hooks.airflow.providers.standard.hooks.subprocess.SubprocessHook"}
{"timestamp":"2026-10-05T11:48:31.434947","level":"info","event":"Bandung: 4 rows before cleaning, 4 rows after cleaning, 0 rows removed.","logger":"airflow.task.hooks.airflow.providers.standard.hooks.subprocess.SubprocessHook"}
{"timestamp":"2026-10-05T11:48:31.435027","level":"info","event":"Bandung: 4 rows before cleaning, 4 rows after cleaning, 0 rows removed.","logger":"airflow.task.hooks.airflow.providers.standard.hooks.subprocess.SubprocessHook"}
{"timestamp":"2026-10-05T11:48:31.435101","level":"info","event":"Bandung: 1 rows before cleaning, 1 rows after cleaning, 0 rows removed.","logger":"airflow.task.hooks.airflow.providers.standard.hooks.subprocess.SubprocessHook"}
{"timestamp":"2026-10-05T11:48:31.435173","level":"info","event":"Bandung: 0 rows before cleaning, 0 rows after cleaning, 0 rows removed.","logger":"airflow.task.hooks.airflow.providers.standard.hooks.subprocess.SubprocessHook"}
{"timestamp":"2026-10-05T11:48:31.435242","level":"info","event":"Bandung: 3 rows before cleaning, 3 rows after cleaning, 0 rows removed.","logger":"airflow.task.hooks.airflow.providers.standard.hooks.subprocess.SubprocessHook"}
{"timestamp":"2026-10-05T11:48:31.435306","level":"info","event":"Bandung: 3 rows before cleaning, 3 rows after cleaning, 0 rows removed.","logger":"airflow.task.hooks.airflow.providers.standard.hooks.subprocess.SubprocessHook"}
{"timestamp":"2026-10-05T11:48:31.435370","level":"info","event":"Bandung: 4 rows before cleaning, 4 rows after cleaning, 0 rows removed.","logger":"airflow.task.hooks.airflow.providers.standard.hooks.subprocess.SubprocessHook"}
{"timestamp":"2026-10-05T11:48:31.435436","level":"info","event":"Bandung: 1 rows before cleaning, 1 rows after cleaning, 0 rows removed.","logger":"airflow.task.hooks.airflow.providers.standard.hooks.subprocess.SubprocessHook"}
{"timestamp":"2026-10-05T11:48:31.435504","level":"info","event":"Bandung: 24 rows before cleaning, 24 rows after cleaning, 0 rows removed.","logger":"airflow.task.hooks.airflow.providers.standard.hooks.subprocess.SubprocessHook"}
{"timestamp":"2026-10-05T11:48:31.435580","level":"info","event":"Jakarta: 288 rows before cleaning, 288 rows after cleaning, 0 rows removed.","logger":"airflow.task.hooks.airflow.providers.standard.hooks.subprocess.SubprocessHook"}
{"timestamp":"2026-10-05T11:48:31.435652","level":"info","event":"Jakarta: 72 rows before cleaning, 72 rows after cleaning, 0 rows removed.","logger":"airflow.task.hooks.airflow.providers.standard.hooks.subprocess.SubprocessHook"}
{"timestamp":"2026-10-05T11:48:31.435837","level":"info","event":"Jakarta: 120 rows before cleaning, 120 rows after cleaning, 0 rows removed.","logger":"airflow.task.hooks.airflow.providers.standard.hooks.subprocess.SubprocessHook"}
{"timestamp":"2026-10-05T11:48:31.435963","level":"info","event":"Jakarta: 4 rows before cleaning, 4 rows after cleaning, 0 rows removed.","logger":"airflow.task.hooks.airflow.providers.standard.hooks.subprocess.SubprocessHook"}
{"timestamp":"2026-10-05T11:48:31.436054","level":"info","event":"Jakarta: 3 rows before cleaning, 3 rows after cleaning, 0 rows removed.","logger":"airflow.task.hooks.airflow.providers.standard.hooks.subprocess.SubprocessHook"}
{"timestamp":"2026-10-05T11:48:31.436174","level":"info","event":"Jakarta: 4 rows before cleaning, 4 rows after cleaning, 0 rows removed.","logger":"airflow.task.hooks.airflow.providers.standard.hooks.subprocess.SubprocessHook"}
{"timestamp":"2026-10-05T11:48:31.436273","level":"info","event":"Jakarta: 4 rows before cleaning, 4 rows after cleaning, 0 rows removed.","logger":"airflow.task.hooks.airflow.providers.standard.hooks.subprocess.SubprocessHook"}
{"timestamp":"2026-10-05T11:48:31.436359","level":"info","event":"Jakarta: 4 rows before cleaning, 4 rows after cleaning, 0 rows removed.","logger":"airflow.task.hooks.airflow.providers.standard.hooks.subprocess.SubprocessHook"}
{"timestamp":"2026-10-05T11:48:31.436441","level":"info","event":"Jakarta: 4 rows before cleaning, 4 rows after cleaning, 0 rows removed.","logger":"airflow.task.hooks.airflow.providers.standard.hooks.subprocess.SubprocessHook"}
{"timestamp":"2026-10-05T11:48:31.436516","level":"info","event":"Jakarta: 4 rows before cleaning, 4 rows after cleaning, 0 rows removed.","logger":"airflow.task.hooks.airflow.providers.standard.hooks.subprocess.SubprocessHook"}
{"timestamp":"2026-10-05T11:48:31.436589","level":"info","event":"Jakarta: 1 rows before cleaning, 1 rows after cleaning, 0 rows removed.","logger":"airflow.task.hooks.airflow.providers.standard.hooks.subprocess.SubprocessHook"}
{"timestamp":"2026-10-05T11:48:31.436663","level":"info","event":"Jakarta: 0 rows before cleaning, 0 rows after cleaning, 0 rows removed.","logger":"airflow.task.hooks.airflow.providers.standard.hooks.subprocess.SubprocessHook"}
{"timestamp":"2026-10-05T11:48:31.436734","level":"info","event":"Jakarta: 3 rows before cleaning, 3 rows after cleaning, 0 rows removed.","logger":"airflow.task.hooks.airflow.providers.standard.hooks.subprocess.SubprocessHook"}
{"timestamp":"2026-10-05T11:48:31.436806","level":"info","event":"Jakarta: 3 rows before cleaning, 3 rows after cleaning, 0 rows removed.","logger":"airflow.task.hooks.airflow.providers.standard.hooks.subprocess.SubprocessHook"}
{"timestamp":"2026-10-05T11:48:31.436880","level":"info","event":"Jakarta: 4 rows before cleaning, 4 rows after cleaning, 0 rows removed.","logger":"airflow.task.hooks.airflow.providers.standard.hooks.subprocess.SubprocessHook"}
{"timestamp":"2026-10-05T11:48:31.436959","level":"info","event":"Jakarta: 1 rows before cleaning, 1 rows after cleaning, 0 rows removed.","logger":"airflow.task.hooks.airflow.providers.standard.hooks.subprocess.SubprocessHook"}
{"timestamp":"2026-10-05T11:48:31.437031","level":"info","event":"Jakarta: 24 rows before cleaning, 24 rows after cleaning, 0 rows removed.","logger":"airflow.task.hooks.airflow.providers.standard.hooks.subprocess.SubprocessHook"}
{"timestamp":"2026-10-05T11:48:31.437106","level":"info","event":"Surabaya: 288 rows before cleaning, 288 rows after cleaning, 0 rows removed.","logger":"airflow.task.hooks.airflow.providers.standard.hooks.subprocess.SubprocessHook"}
{"timestamp":"2026-10-05T11:48:31.437180","level":"info","event":"Surabaya: 72 rows before cleaning, 72 rows after cleaning, 0 rows removed.","logger":"airflow.task.hooks.airflow.providers.standard.hooks.subprocess.SubprocessHook"}
{"timestamp":"2026-10-05T11:48:31.437254","level":"info","event":"Surabaya: 120 rows before cleaning, 120 rows after cleaning, 0 rows removed.","logger":"airflow.task.hooks.airflow.providers.standard.hooks.subprocess.SubprocessHook"}
{"timestamp":"2026-10-05T11:48:31.437324","level":"info","event":"Surabaya: 4 rows before cleaning, 4 rows after cleaning, 0 rows removed.","logger":"airflow.task.hooks.airflow.providers.standard.hooks.subprocess.SubprocessHook"}
{"timestamp":"2026-10-05T11:48:31.437405","level":"info","event":"Surabaya: 3 rows before cleaning, 3 rows after cleaning, 0 rows removed.","logger":"airflow.task.hooks.airflow.providers.standard.hooks.subprocess.SubprocessHook"}
{"timestamp":"2026-10-05T11:48:31.437476","level":"info","event":"Surabaya: 4 rows before cleaning, 4 rows after cleaning, 0 rows removed.","logger":"airflow.task.hooks.airflow.providers.standard.hooks.subprocess.SubprocessHook"}
{"timestamp":"2026-10-05T11:48:31.437549","level":"info","event":"Surabaya: 4 rows before cleaning, 4 rows after cleaning, 0 rows removed.","logger":"airflow.task.hooks.airflow.providers.standard.hooks.subprocess.SubprocessHook"}
{"timestamp":"2026-10-05T11:48:31.437620","level":"info","event":"Surabaya: 4 rows before cleaning, 4 rows after cleaning, 0 rows removed.","logger":"airflow.task.hooks.airflow.providers.standard.hooks.subprocess.SubprocessHook"}
{"timestamp":"2026-10-05T11:48:31.437691","level":"info","event":"Surabaya: 4 rows before cleaning, 4 rows after cleaning, 0 rows removed.","logger":"airflow.task.hooks.airflow.providers.standard.hooks.subprocess.SubprocessHook"}
{"timestamp":"2026-10-05T11:48:31.437843","level":"info","event":"Surabaya: 4 rows before cleaning, 4 rows after cleaning, 0 rows removed.","logger":"airflow.task.hooks.airflow.providers.standard.hooks.subprocess.SubprocessHook"}
{"timestamp":"2026-10-05T11:48:31.437957","level":"info","event":"Surabaya: 1 rows before cleaning, 1 rows after cleaning, 0 rows removed.","logger":"airflow.task.hooks.airflow.providers.standard.hooks.subprocess.SubprocessHook"}
{"timestamp":"2026-10-05T11:48:31.438041","level":"info","event":"Surabaya: 0 rows before cleaning, 0 rows after cleaning, 0 rows removed.","logger":"airflow.task.hooks.airflow.providers.standard.hooks.subprocess.SubprocessHook"}
{"timestamp":"2026-10-05T11:48:31.438118","level":"info","event":"Surabaya: 3 rows before cleaning, 3 rows after cleaning, 0 rows removed.","logger":"airflow.task.hooks.airflow.providers.standard.hooks.subprocess.SubprocessHook"}
{"timestamp":"2026-10-05T11:48:31.438192","level":"info","event":"Surabaya: 3 rows before cleaning, 3 rows after cleaning, 0 rows removed.","logger":"airflow.task.hooks.airflow.providers.standard.hooks.subprocess.SubprocessHook"}
{"timestamp":"2026-10-05T11:48:31.438262","level":"info","event":"Surabaya: 4 rows before cleaning, 4 rows after cleaning, 0 rows removed.","logger":"airflow.task.hooks.airflow.providers.standard.hooks.subprocess.SubprocessHook"}
{"timestamp":"2026-10-05T11:48:31.438387","level":"info","event":"Surabaya: 1 rows before cleaning, 1 rows after cleaning, 0 rows removed.","logger":"airflow.task.hooks.airflow.providers.standard.hooks.subprocess.SubprocessHook"}
{"timestamp":"2026-10-05T11:48:31.438513","level":"info","event":"Surabaya: 24 rows before cleaning, 24 rows after cleaning, 0 rows removed.","logger":"airflow.task.hooks.airflow.providers.standard.hooks.subprocess.SubprocessHook"}
{"timestamp":"2026-10-05T11:48:31.438701","level":"info","event":"","logger":"airflow.task.hooks.airflow.providers.standard.hooks.subprocess.SubprocessHook"}
{"timestamp":"2026-10-05T11:48:31.438821","level":"info","event":"Total rows after cleaning: 20499","logger":"airflow.task.hooks.airflow.providers.standard.hooks.subprocess.SubprocessHook"}
{"timestamp":"2026-10-05T11:48:31.438886","level":"info","event":"","logger":"airflow.task.hooks.airflow.providers.standard.hooks.subprocess.SubprocessHook"}
{"timestamp":"2026-10-05T11:48:31.438945","level":"info","event":"RAW → STAGING completed.","logger":"airflow.task.hooks.airflow.providers.standard.hooks.subprocess.SubprocessHook"}
{"timestamp":"2026-10-05T11:48:31.439021","level":"info","event":"","logger":"airflow.task.hooks.airflow.providers.standard.hooks.subprocess.SubprocessHook"}
{"timestamp":"2026-10-05T11:48:31.439081","level":"info","event":"Total staging rows processed:","logger":"airflow.task.hooks.airflow.providers.standard.hooks.subprocess.SubprocessHook"}
{"timestamp":"2026-10-05T11:48:31.439140","level":"info","event":"20499","logger":"airflow.task.hooks.airflow.providers.standard.hooks.subprocess.SubprocessHook"}
{"timestamp":"2026-10-05T11:48:31.439203","level":"info","event":"","logger":"airflow.task.hooks.airflow.providers.standard.hooks.subprocess.SubprocessHook"}
{"timestamp":"2026-10-05T11:48:31.439263","level":"info","event":"MART dim_city loaded.","logger":"airflow.task.hooks.airflow.providers.standard.hooks.subprocess.SubprocessHook"}
{"timestamp":"2026-10-05T11:48:31.439323","level":"info","event":"","logger":"airflow.task.hooks.airflow.providers.standard.hooks.subprocess.SubprocessHook"}
{"timestamp":"2026-10-05T11:48:31.439377","level":"info","event":"MART dim_date loaded.","logger":"airflow.task.hooks.airflow.providers.standard.hooks.subprocess.SubprocessHook"}
{"timestamp":"2026-10-05T11:48:31.439432","level":"info","event":"","logger":"airflow.task.hooks.airflow.providers.standard.hooks.subprocess.SubprocessHook"}
{"timestamp":"2026-10-05T11:48:31.439495","level":"info","event":"MART fact_weather loaded.","logger":"airflow.task.hooks.airflow.providers.standard.hooks.subprocess.SubprocessHook"}
{"timestamp":"2026-10-05T11:48:31.439559","level":"info","event":"","logger":"airflow.task.hooks.airflow.providers.standard.hooks.subprocess.SubprocessHook"}
{"timestamp":"2026-10-05T11:48:31.439619","level":"info","event":"RAW → STAGING → MART completed successfully.","logger":"airflow.task.hooks.airflow.providers.standard.hooks.subprocess.SubprocessHook"}
{"timestamp":"2026-10-05T11:48:31.583892","level":"info","event":"Command exited with return code 0","logger":"airflow.task.hooks.airflow.providers.standard.hooks.subprocess.SubprocessHook"}
{"timestamp":"2026-10-05T11:48:31.584917","level":"info","event":"Pushing xcom","ti":"RuntimeTaskInstance(id=UUID('01a10be4-3c98-761b-8f74-176559cfc518'), task_id='transform_load', dag_id='weather_pipeline', run_id='manual__2026-10-05T11:47:49.510644+00:00', try_number=1, map_index=-1, hostname='c98161626874', context_carrier=None, task=<Task(BashOperator): transform_load>, bundle_instance=LocalDagBundle(name=dags-folder), max_tries=2, start_date=datetime.datetime(2026, 10, 5, 11, 48, 5, 343173, tzinfo=datetime.timezone.utc), end_date=None, state=<TaskInstanceState.RUNNING: 'running'>, is_mapped=False, rendered_map_index=None, log_url='http://localhost:8080/dags/weather_pipeline/runs/manual__2026-10-05T11%3A47%3A49.510644%2B00%3A00/tasks/transform_load?try_number=1')","logger":"task"}
{"timestamp":"2026-10-05T11:48:32.180858","level":"info","event":"OpenLineageClient will use `http` transport","logger":"openlineage.client.client"}
{"timestamp":"2026-10-05T11:48:36.602978","level":"info","event":"Successfully emitted OpenLineage `COMPLETE` event of id `01a10be4-37e8-7d15-b9e3-4f4f6d8b08c2`","logger":"airflow.providers.openlineage.plugins.adapter.OpenLineageAdapter"}
