{"timestamp":"2026-10-06T00:49:06.974734","level":"info","event":"DAG bundles loaded: dags-folder","logger":"airflow.dag_processing.bundles.manager.DagBundlesManager"}
{"timestamp":"2026-10-06T00:49:06.981100","level":"info","event":"Filling up the DagBag from /opt/airflow/dags/weather_pipeline.py","logger":"airflow.models.dagbag.DagBag"}
{"timestamp":"2026-10-06T00:49:08.873378","level":"warning","event":"This process (pid=329) is multi-threaded, use of fork() may lead to deadlocks in the child.","category":"DeprecationWarning","filename":"/home/airflow/.local/lib/python3.12/site-packages/airflow/providers/openlineage/plugins/listener.py","lineno":768,"logger":"py.warnings"}
{"timestamp":"2026-10-06T00:49:10.779283","level":"info","event":"OpenLineageClient will use `http` transport","logger":"openlineage.client.client"}
{"timestamp":"2026-10-06T00:49:13.949209","level":"info","event":"Successfully emitted OpenLineage `START` event of id `01a10da6-d600-7b6e-b568-6ad2f71f987a`","logger":"airflow.providers.openlineage.plugins.adapter.OpenLineageAdapter"}
{"timestamp":"2026-10-06T00:49:14.043799","level":"info","event":"Tmp dir root location: /tmp","logger":"airflow.task.hooks.airflow.providers.standard.hooks.subprocess.SubprocessHook"}
{"timestamp":"2026-10-06T00:49:14.048226","level":"info","event":"Running command: ['/usr/bin/bash', '-c', 'python /opt/airflow/src/transform_load.py']","logger":"airflow.task.hooks.airflow.providers.standard.hooks.subprocess.SubprocessHook"}
{"timestamp":"2026-10-06T00:49:14.088060","level":"info","event":"Output:","logger":"airflow.task.hooks.airflow.providers.standard.hooks.subprocess.SubprocessHook"}
{"timestamp":"2026-10-06T00:49:20.896088","level":"info","event":"Starting transformation and loading...","logger":"airflow.task.hooks.airflow.providers.standard.hooks.subprocess.SubprocessHook"}
{"timestamp":"2026-10-06T00:49:20.896620","level":"info","event":"Processing file: /opt/airflow/raw/bandung_2026-09-20_2026-10-01_2026-10-05_12-08-36.json","logger":"airflow.task.hooks.airflow.providers.standard.hooks.subprocess.SubprocessHook"}
{"timestamp":"2026-10-06T00:49:20.896842","level":"info","event":"Bandung: Raw data loaded into PostgreSQL.","logger":"airflow.task.hooks.airflow.providers.standard.hooks.subprocess.SubprocessHook"}
{"timestamp":"2026-10-06T00:49:20.896960","level":"info","event":"Processing file: /opt/airflow/raw/bandung_2026-10-01_2026-10-03_2026-10-05_12-24-24.json","logger":"airflow.task.hooks.airflow.providers.standard.hooks.subprocess.SubprocessHook"}
{"timestamp":"2026-10-06T00:49:20.897063","level":"info","event":"Bandung: Raw data loaded into PostgreSQL.","logger":"airflow.task.hooks.airflow.providers.standard.hooks.subprocess.SubprocessHook"}
{"timestamp":"2026-10-06T00:49:20.897173","level":"info","event":"Processing file: /opt/airflow/raw/bandung_2026-10-01_2026-10-05_2026-10-05_12-06-04.json","logger":"airflow.task.hooks.airflow.providers.standard.hooks.subprocess.SubprocessHook"}
{"timestamp":"2026-10-06T00:49:20.897274","level":"info","event":"Bandung: Raw data loaded into PostgreSQL.","logger":"airflow.task.hooks.airflow.providers.standard.hooks.subprocess.SubprocessHook"}
{"timestamp":"2026-10-06T00:49:20.897465","level":"info","event":"Processing file: /opt/airflow/raw/bandung_2026-10-05T12-00_2026-10-05T15-00_2026-10-05_14-43-08.json","logger":"airflow.task.hooks.airflow.providers.standard.hooks.subprocess.SubprocessHook"}
{"timestamp":"2026-10-06T00:49:20.897663","level":"info","event":"Bandung: Raw data loaded into PostgreSQL.","logger":"airflow.task.hooks.airflow.providers.standard.hooks.subprocess.SubprocessHook"}
{"timestamp":"2026-10-06T00:49:20.897766","level":"info","event":"Processing file: /opt/airflow/raw/bandung_2026-10-05T12-00_2026-10-05T15-00_2026-10-05_14-45-57.json","logger":"airflow.task.hooks.airflow.providers.standard.hooks.subprocess.SubprocessHook"}
{"timestamp":"2026-10-06T00:49:20.897916","level":"info","event":"Bandung: Raw data loaded into PostgreSQL.","logger":"airflow.task.hooks.airflow.providers.standard.hooks.subprocess.SubprocessHook"}
{"timestamp":"2026-10-06T00:49:20.898012","level":"info","event":"Processing file: /opt/airflow/raw/bandung_2026-10-05T13-26_2026-10-05T16-26_2026-10-05_16-27-05.json","logger":"airflow.task.hooks.airflow.providers.standard.hooks.subprocess.SubprocessHook"}
{"timestamp":"2026-10-06T00:49:20.898129","level":"info","event":"Bandung: Raw data loaded into PostgreSQL.","logger":"airflow.task.hooks.airflow.providers.standard.hooks.subprocess.SubprocessHook"}
{"timestamp":"2026-10-06T00:49:20.898249","level":"info","event":"Processing file: /opt/airflow/raw/bandung_2026-10-05T13-41_2026-10-05T16-41_2026-10-05_16-41-48.json","logger":"airflow.task.hooks.airflow.providers.standard.hooks.subprocess.SubprocessHook"}
{"timestamp":"2026-10-06T00:49:20.898339","level":"info","event":"Bandung: Raw data loaded into PostgreSQL.","logger":"airflow.task.hooks.airflow.providers.standard.hooks.subprocess.SubprocessHook"}
{"timestamp":"2026-10-06T00:49:20.898426","level":"info","event":"Processing file: /opt/airflow/raw/bandung_2026-10-05T13-48_2026-10-05T16-48_2026-10-05_16-48-24.json","logger":"airflow.task.hooks.airflow.providers.standard.hooks.subprocess.SubprocessHook"}
{"timestamp":"2026-10-06T00:49:20.898563","level":"info","event":"Bandung: Raw data loaded into PostgreSQL.","logger":"airflow.task.hooks.airflow.providers.standard.hooks.subprocess.SubprocessHook"}
{"timestamp":"2026-10-06T00:49:20.898645","level":"info","event":"Processing file: /opt/airflow/raw/bandung_2026-10-05T13-53_2026-10-05T16-53_2026-10-05_16-53-34.json","logger":"airflow.task.hooks.airflow.providers.standard.hooks.subprocess.SubprocessHook"}
{"timestamp":"2026-10-06T00:49:20.898728","level":"info","event":"Bandung: Raw data loaded into PostgreSQL.","logger":"airflow.task.hooks.airflow.providers.standard.hooks.subprocess.SubprocessHook"}
{"timestamp":"2026-10-06T00:49:20.899250","level":"info","event":"Processing file: /opt/airflow/raw/bandung_2026-10-05T14-03_2026-10-05T17-03_2026-10-05_17-03-27.json","logger":"airflow.task.hooks.airflow.providers.standard.hooks.subprocess.SubprocessHook"}
{"timestamp":"2026-10-06T00:49:20.899529","level":"info","event":"Bandung: Raw data loaded into PostgreSQL.","logger":"airflow.task.hooks.airflow.providers.standard.hooks.subprocess.SubprocessHook"}
{"timestamp":"2026-10-06T00:49:20.899684","level":"info","event":"Processing file: /opt/airflow/raw/bandung_2026-10-05T14-49_2026-10-05T14-49_2026-10-05_14-49-28.json","logger":"airflow.task.hooks.airflow.providers.standard.hooks.subprocess.SubprocessHook"}
{"timestamp":"2026-10-06T00:49:20.899793","level":"info","event":"Bandung: Raw data loaded into PostgreSQL.","logger":"airflow.task.hooks.airflow.providers.standard.hooks.subprocess.SubprocessHook"}
{"timestamp":"2026-10-06T00:49:20.899877","level":"info","event":"Processing file: /opt/airflow/raw/bandung_2026-10-05T15-00_2026-10-05T15-00_2026-10-05_15-00-07.json","logger":"airflow.task.hooks.airflow.providers.standard.hooks.subprocess.SubprocessHook"}
{"timestamp":"2026-10-06T00:49:20.899966","level":"info","event":"Bandung: Raw data loaded into PostgreSQL.","logger":"airflow.task.hooks.airflow.providers.standard.hooks.subprocess.SubprocessHook"}
{"timestamp":"2026-10-06T00:49:20.900058","level":"info","event":"Processing file: /opt/airflow/raw/bandung_2026-10-05T15-00_2026-10-05T18-00_2026-10-05_18-00-10.json","logger":"airflow.task.hooks.airflow.providers.standard.hooks.subprocess.SubprocessHook"}
{"timestamp":"2026-10-06T00:49:20.900325","level":"info","event":"Bandung: Raw data loaded into PostgreSQL.","logger":"airflow.task.hooks.airflow.providers.standard.hooks.subprocess.SubprocessHook"}
{"timestamp":"2026-10-06T00:49:20.900439","level":"info","event":"Processing file: /opt/airflow/raw/bandung_2026-10-05T15-00_2026-10-05T18-00_2026-10-05_18-48-01.json","logger":"airflow.task.hooks.airflow.providers.standard.hooks.subprocess.SubprocessHook"}
{"timestamp":"2026-10-06T00:49:20.900524","level":"info","event":"Bandung: Raw data loaded into PostgreSQL.","logger":"airflow.task.hooks.airflow.providers.standard.hooks.subprocess.SubprocessHook"}
{"timestamp":"2026-10-06T00:49:20.900606","level":"info","event":"Processing file: /opt/airflow/raw/bandung_2026-10-05T15-23_2026-10-05T18-23_2026-10-05_18-23-24.json","logger":"airflow.task.hooks.airflow.providers.standard.hooks.subprocess.SubprocessHook"}
{"timestamp":"2026-10-06T00:49:20.900826","level":"info","event":"Bandung: Raw data loaded into PostgreSQL.","logger":"airflow.task.hooks.airflow.providers.standard.hooks.subprocess.SubprocessHook"}
{"timestamp":"2026-10-06T00:49:20.900945","level":"info","event":"Processing file: /opt/airflow/raw/bandung_2026-10-05T18-41_2026-10-05T18-41_2026-10-05_18-41-20.json","logger":"airflow.task.hooks.airflow.providers.standard.hooks.subprocess.SubprocessHook"}
{"timestamp":"2026-10-06T00:49:20.901136","level":"info","event":"Bandung: Raw data loaded into PostgreSQL.","logger":"airflow.task.hooks.airflow.providers.standard.hooks.subprocess.SubprocessHook"}
{"timestamp":"2026-10-06T00:49:20.901247","level":"info","event":"Processing file: /opt/airflow/raw/bandung_2026-10-05_2026-10-05_2026-10-05_14-19-22.json","logger":"airflow.task.hooks.airflow.providers.standard.hooks.subprocess.SubprocessHook"}
{"timestamp":"2026-10-06T00:49:20.901340","level":"info","event":"Bandung: Raw data loaded into PostgreSQL.","logger":"airflow.task.hooks.airflow.providers.standard.hooks.subprocess.SubprocessHook"}
{"timestamp":"2026-10-06T00:49:20.901419","level":"info","event":"Processing file: /opt/airflow/raw/bandung_2026-10-06T03-00_2026-10-06T06-00_2026-10-06_07-49-00.json","logger":"airflow.task.hooks.airflow.providers.standard.hooks.subprocess.SubprocessHook"}
{"timestamp":"2026-10-06T00:49:20.901576","level":"info","event":"Bandung: Raw data loaded into PostgreSQL.","logger":"airflow.task.hooks.airflow.providers.standard.hooks.subprocess.SubprocessHook"}
{"timestamp":"2026-10-06T00:49:20.901674","level":"info","event":"Processing file: /opt/airflow/raw/jakarta_2026-09-20_2026-10-01_2026-10-05_12-08-33.json","logger":"airflow.task.hooks.airflow.providers.standard.hooks.subprocess.SubprocessHook"}
{"timestamp":"2026-10-06T00:49:20.901761","level":"info","event":"Jakarta: Raw data loaded into PostgreSQL.","logger":"airflow.task.hooks.airflow.providers.standard.hooks.subprocess.SubprocessHook"}
{"timestamp":"2026-10-06T00:49:20.901917","level":"info","event":"Processing file: /opt/airflow/raw/jakarta_2026-10-01_2026-10-03_2026-10-05_12-24-21.json","logger":"airflow.task.hooks.airflow.providers.standard.hooks.subprocess.SubprocessHook"}
{"timestamp":"2026-10-06T00:49:20.902013","level":"info","event":"Jakarta: Raw data loaded into PostgreSQL.","logger":"airflow.task.hooks.airflow.providers.standard.hooks.subprocess.SubprocessHook"}
{"timestamp":"2026-10-06T00:49:20.902093","level":"info","event":"Processing file: /opt/airflow/raw/jakarta_2026-10-01_2026-10-05_2026-10-05_12-06-02.json","logger":"airflow.task.hooks.airflow.providers.standard.hooks.subprocess.SubprocessHook"}
{"timestamp":"2026-10-06T00:49:20.902173","level":"info","event":"Jakarta: Raw data loaded into PostgreSQL.","logger":"airflow.task.hooks.airflow.providers.standard.hooks.subprocess.SubprocessHook"}
{"timestamp":"2026-10-06T00:49:20.902255","level":"info","event":"Processing file: /opt/airflow/raw/jakarta_2026-10-05T12-00_2026-10-05T15-00_2026-10-05_14-43-06.json","logger":"airflow.task.hooks.airflow.providers.standard.hooks.subprocess.SubprocessHook"}
{"timestamp":"2026-10-06T00:49:20.902507","level":"info","event":"Jakarta: Raw data loaded into PostgreSQL.","logger":"airflow.task.hooks.airflow.providers.standard.hooks.subprocess.SubprocessHook"}
{"timestamp":"2026-10-06T00:49:20.902736","level":"info","event":"Processing file: /opt/airflow/raw/jakarta_2026-10-05T12-00_2026-10-05T15-00_2026-10-05_14-45-53.json","logger":"airflow.task.hooks.airflow.providers.standard.hooks.subprocess.SubprocessHook"}
{"timestamp":"2026-10-06T00:49:20.902928","level":"info","event":"Jakarta: Raw data loaded into PostgreSQL.","logger":"airflow.task.hooks.airflow.providers.standard.hooks.subprocess.SubprocessHook"}
{"timestamp":"2026-10-06T00:49:20.903127","level":"info","event":"Processing file: /opt/airflow/raw/jakarta_2026-10-05T13-26_2026-10-05T16-26_2026-10-05_16-27-03.json","logger":"airflow.task.hooks.airflow.providers.standard.hooks.subprocess.SubprocessHook"}
{"timestamp":"2026-10-06T00:49:20.903244","level":"info","event":"Jakarta: Raw data loaded into PostgreSQL.","logger":"airflow.task.hooks.airflow.providers.standard.hooks.subprocess.SubprocessHook"}
{"timestamp":"2026-10-06T00:49:20.903334","level":"info","event":"Processing file: /opt/airflow/raw/jakarta_2026-10-05T13-41_2026-10-05T16-41_2026-10-05_16-41-46.json","logger":"airflow.task.hooks.airflow.providers.standard.hooks.subprocess.SubprocessHook"}
{"timestamp":"2026-10-06T00:49:20.903415","level":"info","event":"Jakarta: Raw data loaded into PostgreSQL.","logger":"airflow.task.hooks.airflow.providers.standard.hooks.subprocess.SubprocessHook"}
{"timestamp":"2026-10-06T00:49:20.903636","level":"info","event":"Processing file: /opt/airflow/raw/jakarta_2026-10-05T13-48_2026-10-05T16-48_2026-10-05_16-48-21.json","logger":"airflow.task.hooks.airflow.providers.standard.hooks.subprocess.SubprocessHook"}
{"timestamp":"2026-10-06T00:49:20.903747","level":"info","event":"Jakarta: Raw data loaded into PostgreSQL.","logger":"airflow.task.hooks.airflow.providers.standard.hooks.subprocess.SubprocessHook"}
{"timestamp":"2026-10-06T00:49:20.903841","level":"info","event":"Processing file: /opt/airflow/raw/jakarta_2026-10-05T13-53_2026-10-05T16-53_2026-10-05_16-53-29.json","logger":"airflow.task.hooks.airflow.providers.standard.hooks.subprocess.SubprocessHook"}
{"timestamp":"2026-10-06T00:49:20.904000","level":"info","event":"Jakarta: Raw data loaded into PostgreSQL.","logger":"airflow.task.hooks.airflow.providers.standard.hooks.subprocess.SubprocessHook"}
{"timestamp":"2026-10-06T00:49:20.904092","level":"info","event":"Processing file: /opt/airflow/raw/jakarta_2026-10-05T14-03_2026-10-05T17-03_2026-10-05_17-03-25.json","logger":"airflow.task.hooks.airflow.providers.standard.hooks.subprocess.SubprocessHook"}
{"timestamp":"2026-10-06T00:49:20.904177","level":"info","event":"Jakarta: Raw data loaded into PostgreSQL.","logger":"airflow.task.hooks.airflow.providers.standard.hooks.subprocess.SubprocessHook"}
{"timestamp":"2026-10-06T00:49:20.904259","level":"info","event":"Processing file: /opt/airflow/raw/jakarta_2026-10-05T14-49_2026-10-05T14-49_2026-10-05_14-49-26.json","logger":"airflow.task.hooks.airflow.providers.standard.hooks.subprocess.SubprocessHook"}
{"timestamp":"2026-10-06T00:49:20.904414","level":"info","event":"Jakarta: Raw data loaded into PostgreSQL.","logger":"airflow.task.hooks.airflow.providers.standard.hooks.subprocess.SubprocessHook"}
{"timestamp":"2026-10-06T00:49:20.904524","level":"info","event":"Processing file: /opt/airflow/raw/jakarta_2026-10-05T15-00_2026-10-05T15-00_2026-10-05_15-00-04.json","logger":"airflow.task.hooks.airflow.providers.standard.hooks.subprocess.SubprocessHook"}
{"timestamp":"2026-10-06T00:49:20.904726","level":"info","event":"Jakarta: Raw data loaded into PostgreSQL.","logger":"airflow.task.hooks.airflow.providers.standard.hooks.subprocess.SubprocessHook"}
{"timestamp":"2026-10-06T00:49:20.904844","level":"info","event":"Processing file: /opt/airflow/raw/jakarta_2026-10-05T15-00_2026-10-05T18-00_2026-10-05_18-00-08.json","logger":"airflow.task.hooks.airflow.providers.standard.hooks.subprocess.SubprocessHook"}
{"timestamp":"2026-10-06T00:49:20.904935","level":"info","event":"Jakarta: Raw data loaded into PostgreSQL.","logger":"airflow.task.hooks.airflow.providers.standard.hooks.subprocess.SubprocessHook"}
{"timestamp":"2026-10-06T00:49:20.905157","level":"info","event":"Processing file: /opt/airflow/raw/jakarta_2026-10-05T15-00_2026-10-05T18-00_2026-10-05_18-47-58.json","logger":"airflow.task.hooks.airflow.providers.standard.hooks.subprocess.SubprocessHook"}
{"timestamp":"2026-10-06T00:49:20.905354","level":"info","event":"Jakarta: Raw data loaded into PostgreSQL.","logger":"airflow.task.hooks.airflow.providers.standard.hooks.subprocess.SubprocessHook"}
{"timestamp":"2026-10-06T00:49:20.905592","level":"info","event":"Processing file: /opt/airflow/raw/jakarta_2026-10-05T15-23_2026-10-05T18-23_2026-10-05_18-23-22.json","logger":"airflow.task.hooks.airflow.providers.standard.hooks.subprocess.SubprocessHook"}
{"timestamp":"2026-10-06T00:49:20.905711","level":"info","event":"Jakarta: Raw data loaded into PostgreSQL.","logger":"airflow.task.hooks.airflow.providers.standard.hooks.subprocess.SubprocessHook"}
{"timestamp":"2026-10-06T00:49:20.905807","level":"info","event":"Processing file: /opt/airflow/raw/jakarta_2026-10-05T18-41_2026-10-05T18-41_2026-10-05_18-41-17.json","logger":"airflow.task.hooks.airflow.providers.standard.hooks.subprocess.SubprocessHook"}
{"timestamp":"2026-10-06T00:49:20.905896","level":"info","event":"Jakarta: Raw data loaded into PostgreSQL.","logger":"airflow.task.hooks.airflow.providers.standard.hooks.subprocess.SubprocessHook"}
{"timestamp":"2026-10-06T00:49:20.905981","level":"info","event":"Processing file: /opt/airflow/raw/jakarta_2026-10-05_2026-10-05_2026-10-05_14-19-19.json","logger":"airflow.task.hooks.airflow.providers.standard.hooks.subprocess.SubprocessHook"}
{"timestamp":"2026-10-06T00:49:20.906127","level":"info","event":"Jakarta: Raw data loaded into PostgreSQL.","logger":"airflow.task.hooks.airflow.providers.standard.hooks.subprocess.SubprocessHook"}
{"timestamp":"2026-10-06T00:49:20.906252","level":"info","event":"Processing file: /opt/airflow/raw/jakarta_2026-10-06T03-00_2026-10-06T06-00_2026-10-06_07-48-56.json","logger":"airflow.task.hooks.airflow.providers.standard.hooks.subprocess.SubprocessHook"}
{"timestamp":"2026-10-06T00:49:20.906343","level":"info","event":"Jakarta: Raw data loaded into PostgreSQL.","logger":"airflow.task.hooks.airflow.providers.standard.hooks.subprocess.SubprocessHook"}
{"timestamp":"2026-10-06T00:49:20.906426","level":"info","event":"Processing file: /opt/airflow/raw/surabaya_2026-09-20_2026-10-01_2026-10-05_12-08-39.json","logger":"airflow.task.hooks.airflow.providers.standard.hooks.subprocess.SubprocessHook"}
{"timestamp":"2026-10-06T00:49:20.906554","level":"info","event":"Surabaya: Raw data loaded into PostgreSQL.","logger":"airflow.task.hooks.airflow.providers.standard.hooks.subprocess.SubprocessHook"}
{"timestamp":"2026-10-06T00:49:20.906651","level":"info","event":"Processing file: /opt/airflow/raw/surabaya_2026-10-01_2026-10-03_2026-10-05_12-24-27.json","logger":"airflow.task.hooks.airflow.providers.standard.hooks.subprocess.SubprocessHook"}
{"timestamp":"2026-10-06T00:49:20.906733","level":"info","event":"Surabaya: Raw data loaded into PostgreSQL.","logger":"airflow.task.hooks.airflow.providers.standard.hooks.subprocess.SubprocessHook"}
{"timestamp":"2026-10-06T00:49:20.906819","level":"info","event":"Processing file: /opt/airflow/raw/surabaya_2026-10-01_2026-10-05_2026-10-05_12-06-07.json","logger":"airflow.task.hooks.airflow.providers.standard.hooks.subprocess.SubprocessHook"}
{"timestamp":"2026-10-06T00:49:20.906900","level":"info","event":"Surabaya: Raw data loaded into PostgreSQL.","logger":"airflow.task.hooks.airflow.providers.standard.hooks.subprocess.SubprocessHook"}
{"timestamp":"2026-10-06T00:49:20.907068","level":"info","event":"Processing file: /opt/airflow/raw/surabaya_2026-10-05T12-00_2026-10-05T15-00_2026-10-05_14-43-12.json","logger":"airflow.task.hooks.airflow.providers.standard.hooks.subprocess.SubprocessHook"}
{"timestamp":"2026-10-06T00:49:20.907321","level":"info","event":"Surabaya: Raw data loaded into PostgreSQL.","logger":"airflow.task.hooks.airflow.providers.standard.hooks.subprocess.SubprocessHook"}
{"timestamp":"2026-10-06T00:49:20.907430","level":"info","event":"Processing file: /opt/airflow/raw/surabaya_2026-10-05T12-00_2026-10-05T15-00_2026-10-05_14-46-00.json","logger":"airflow.task.hooks.airflow.providers.standard.hooks.subprocess.SubprocessHook"}
{"timestamp":"2026-10-06T00:49:20.907647","level":"info","event":"Surabaya: Raw data loaded into PostgreSQL.","logger":"airflow.task.hooks.airflow.providers.standard.hooks.subprocess.SubprocessHook"}
{"timestamp":"2026-10-06T00:49:20.907839","level":"info","event":"Processing file: /opt/airflow/raw/surabaya_2026-10-05T13-26_2026-10-05T16-26_2026-10-05_16-27-07.json","logger":"airflow.task.hooks.airflow.providers.standard.hooks.subprocess.SubprocessHook"}
{"timestamp":"2026-10-06T00:49:20.907946","level":"info","event":"Surabaya: Raw data loaded into PostgreSQL.","logger":"airflow.task.hooks.airflow.providers.standard.hooks.subprocess.SubprocessHook"}
{"timestamp":"2026-10-06T00:49:20.908141","level":"info","event":"Processing file: /opt/airflow/raw/surabaya_2026-10-05T13-41_2026-10-05T16-41_2026-10-05_16-41-51.json","logger":"airflow.task.hooks.airflow.providers.standard.hooks.subprocess.SubprocessHook"}
{"timestamp":"2026-10-06T00:49:20.908246","level":"info","event":"Surabaya: Raw data loaded into PostgreSQL.","logger":"airflow.task.hooks.airflow.providers.standard.hooks.subprocess.SubprocessHook"}
{"timestamp":"2026-10-06T00:49:20.908333","level":"info","event":"Processing file: /opt/airflow/raw/surabaya_2026-10-05T13-48_2026-10-05T16-48_2026-10-05_16-48-26.json","logger":"airflow.task.hooks.airflow.providers.standard.hooks.subprocess.SubprocessHook"}
{"timestamp":"2026-10-06T00:49:20.908479","level":"info","event":"Surabaya: Raw data loaded into PostgreSQL.","logger":"airflow.task.hooks.airflow.providers.standard.hooks.subprocess.SubprocessHook"}
{"timestamp":"2026-10-06T00:49:20.908582","level":"info","event":"Processing file: /opt/airflow/raw/surabaya_2026-10-05T13-53_2026-10-05T16-53_2026-10-05_16-53-36.json","logger":"airflow.task.hooks.airflow.providers.standard.hooks.subprocess.SubprocessHook"}
{"timestamp":"2026-10-06T00:49:20.908782","level":"info","event":"Surabaya: Raw data loaded into PostgreSQL.","logger":"airflow.task.hooks.airflow.providers.standard.hooks.subprocess.SubprocessHook"}
{"timestamp":"2026-10-06T00:49:20.908910","level":"info","event":"Processing file: /opt/airflow/raw/surabaya_2026-10-05T14-03_2026-10-05T17-03_2026-10-05_17-03-29.json","logger":"airflow.task.hooks.airflow.providers.standard.hooks.subprocess.SubprocessHook"}
{"timestamp":"2026-10-06T00:49:20.909160","level":"info","event":"Surabaya: Raw data loaded into PostgreSQL.","logger":"airflow.task.hooks.airflow.providers.standard.hooks.subprocess.SubprocessHook"}
{"timestamp":"2026-10-06T00:49:20.909352","level":"info","event":"Processing file: /opt/airflow/raw/surabaya_2026-10-05T14-49_2026-10-05T14-49_2026-10-05_14-49-31.json","logger":"airflow.task.hooks.airflow.providers.standard.hooks.subprocess.SubprocessHook"}
{"timestamp":"2026-10-06T00:49:20.909683","level":"info","event":"Surabaya: Raw data loaded into PostgreSQL.","logger":"airflow.task.hooks.airflow.providers.standard.hooks.subprocess.SubprocessHook"}
{"timestamp":"2026-10-06T00:49:20.909941","level":"info","event":"Processing file: /opt/airflow/raw/surabaya_2026-10-05T15-00_2026-10-05T15-00_2026-10-05_15-00-09.json","logger":"airflow.task.hooks.airflow.providers.standard.hooks.subprocess.SubprocessHook"}
{"timestamp":"2026-10-06T00:49:20.910434","level":"info","event":"Surabaya: Raw data loaded into PostgreSQL.","logger":"airflow.task.hooks.airflow.providers.standard.hooks.subprocess.SubprocessHook"}
{"timestamp":"2026-10-06T00:49:20.910949","level":"info","event":"Processing file: /opt/airflow/raw/surabaya_2026-10-05T15-00_2026-10-05T18-00_2026-10-05_18-00-13.json","logger":"airflow.task.hooks.airflow.providers.standard.hooks.subprocess.SubprocessHook"}
{"timestamp":"2026-10-06T00:49:20.911225","level":"info","event":"Surabaya: Raw data loaded into PostgreSQL.","logger":"airflow.task.hooks.airflow.providers.standard.hooks.subprocess.SubprocessHook"}
{"timestamp":"2026-10-06T00:49:20.911509","level":"info","event":"Processing file: /opt/airflow/raw/surabaya_2026-10-05T15-00_2026-10-05T18-00_2026-10-05_18-48-04.json","logger":"airflow.task.hooks.airflow.providers.standard.hooks.subprocess.SubprocessHook"}
{"timestamp":"2026-10-06T00:49:20.911651","level":"info","event":"Surabaya: Raw data loaded into PostgreSQL.","logger":"airflow.task.hooks.airflow.providers.standard.hooks.subprocess.SubprocessHook"}
{"timestamp":"2026-10-06T00:49:20.911761","level":"info","event":"Processing file: /opt/airflow/raw/surabaya_2026-10-05T15-23_2026-10-05T18-23_2026-10-05_18-23-28.json","logger":"airflow.task.hooks.airflow.providers.standard.hooks.subprocess.SubprocessHook"}
{"timestamp":"2026-10-06T00:49:20.911914","level":"info","event":"Surabaya: Raw data loaded into PostgreSQL.","logger":"airflow.task.hooks.airflow.providers.standard.hooks.subprocess.SubprocessHook"}
{"timestamp":"2026-10-06T00:49:20.912023","level":"info","event":"Processing file: /opt/airflow/raw/surabaya_2026-10-05T18-41_2026-10-05T18-41_2026-10-05_18-41-23.json","logger":"airflow.task.hooks.airflow.providers.standard.hooks.subprocess.SubprocessHook"}
{"timestamp":"2026-10-06T00:49:20.912120","level":"info","event":"Surabaya: Raw data loaded into PostgreSQL.","logger":"airflow.task.hooks.airflow.providers.standard.hooks.subprocess.SubprocessHook"}
{"timestamp":"2026-10-06T00:49:20.912208","level":"info","event":"Processing file: /opt/airflow/raw/surabaya_2026-10-05_2026-10-05_2026-10-05_14-19-24.json","logger":"airflow.task.hooks.airflow.providers.standard.hooks.subprocess.SubprocessHook"}
{"timestamp":"2026-10-06T00:49:20.912297","level":"info","event":"Surabaya: Raw data loaded into PostgreSQL.","logger":"airflow.task.hooks.airflow.providers.standard.hooks.subprocess.SubprocessHook"}
{"timestamp":"2026-10-06T00:49:20.912386","level":"info","event":"Processing file: /opt/airflow/raw/surabaya_2026-10-06T03-00_2026-10-06T06-00_2026-10-06_07-49-03.json","logger":"airflow.task.hooks.airflow.providers.standard.hooks.subprocess.SubprocessHook"}
{"timestamp":"2026-10-06T00:49:20.912473","level":"info","event":"Surabaya: Raw data loaded into PostgreSQL.","logger":"airflow.task.hooks.airflow.providers.standard.hooks.subprocess.SubprocessHook"}
{"timestamp":"2026-10-06T00:49:20.912684","level":"info","event":"","logger":"airflow.task.hooks.airflow.providers.standard.hooks.subprocess.SubprocessHook"}
{"timestamp":"2026-10-06T00:49:20.912798","level":"info","event":"RAW loading completed.","logger":"airflow.task.hooks.airflow.providers.standard.hooks.subprocess.SubprocessHook"}
{"timestamp":"2026-10-06T00:49:20.912911","level":"info","event":"Bandung: 120 rows before cleaning, 120 rows after cleaning, 0 rows removed.","logger":"airflow.task.hooks.airflow.providers.standard.hooks.subprocess.SubprocessHook"}
{"timestamp":"2026-10-06T00:49:20.913240","level":"info","event":"Jakarta: 120 rows before cleaning, 120 rows after cleaning, 0 rows removed.","logger":"airflow.task.hooks.airflow.providers.standard.hooks.subprocess.SubprocessHook"}
{"timestamp":"2026-10-06T00:49:20.913364","level":"info","event":"Surabaya: 120 rows before cleaning, 120 rows after cleaning, 0 rows removed.","logger":"airflow.task.hooks.airflow.providers.standard.hooks.subprocess.SubprocessHook"}
{"timestamp":"2026-10-06T00:49:20.913535","level":"info","event":"Bandung: 288 rows before cleaning, 288 rows after cleaning, 0 rows removed.","logger":"airflow.task.hooks.airflow.providers.standard.hooks.subprocess.SubprocessHook"}
{"timestamp":"2026-10-06T00:49:20.913647","level":"info","event":"Bandung: 120 rows before cleaning, 120 rows after cleaning, 0 rows removed.","logger":"airflow.task.hooks.airflow.providers.standard.hooks.subprocess.SubprocessHook"}
{"timestamp":"2026-10-06T00:49:20.913740","level":"info","event":"Jakarta: 288 rows before cleaning, 288 rows after cleaning, 0 rows removed.","logger":"airflow.task.hooks.airflow.providers.standard.hooks.subprocess.SubprocessHook"}
{"timestamp":"2026-10-06T00:49:22.745623","level":"info","event":"Jakarta: 120 rows before cleaning, 120 rows after cleaning, 0 rows removed.","logger":"airflow.task.hooks.airflow.providers.standard.hooks.subprocess.SubprocessHook"}
{"timestamp":"2026-10-06T00:49:22.746086","level":"info","event":"Surabaya: 288 rows before cleaning, 288 rows after cleaning, 0 rows removed.","logger":"airflow.task.hooks.airflow.providers.standard.hooks.subprocess.SubprocessHook"}
{"timestamp":"2026-10-06T00:49:22.746280","level":"info","event":"Surabaya: 120 rows before cleaning, 120 rows after cleaning, 0 rows removed.","logger":"airflow.task.hooks.airflow.providers.standard.hooks.subprocess.SubprocessHook"}
{"timestamp":"2026-10-06T00:49:22.746482","level":"info","event":"Bandung: 288 rows before cleaning, 288 rows after cleaning, 0 rows removed.","logger":"airflow.task.hooks.airflow.providers.standard.hooks.subprocess.SubprocessHook"}
{"timestamp":"2026-10-06T00:49:22.746739","level":"info","event":"Bandung: 72 rows before cleaning, 72 rows after cleaning, 0 rows removed.","logger":"airflow.task.hooks.airflow.providers.standard.hooks.subprocess.SubprocessHook"}
{"timestamp":"2026-10-06T00:49:22.746897","level":"info","event":"Bandung: 120 rows before cleaning, 120 rows after cleaning, 0 rows removed.","logger":"airflow.task.hooks.airflow.providers.standard.hooks.subprocess.SubprocessHook"}
{"timestamp":"2026-10-06T00:49:22.747040","level":"info","event":"Bandung: 24 rows before cleaning, 24 rows after cleaning, 0 rows removed.","logger":"airflow.task.hooks.airflow.providers.standard.hooks.subprocess.SubprocessHook"}
{"timestamp":"2026-10-06T00:49:22.747181","level":"info","event":"Jakarta: 288 rows before cleaning, 288 rows after cleaning, 0 rows removed.","logger":"airflow.task.hooks.airflow.providers.standard.hooks.subprocess.SubprocessHook"}
{"timestamp":"2026-10-06T00:49:22.747407","level":"info","event":"Jakarta: 72 rows before cleaning, 72 rows after cleaning, 0 rows removed.","logger":"airflow.task.hooks.airflow.providers.standard.hooks.subprocess.SubprocessHook"}
{"timestamp":"2026-10-06T00:49:22.747555","level":"info","event":"Jakarta: 120 rows before cleaning, 120 rows after cleaning, 0 rows removed.","logger":"airflow.task.hooks.airflow.providers.standard.hooks.subprocess.SubprocessHook"}
{"timestamp":"2026-10-06T00:49:22.747692","level":"info","event":"Jakarta: 24 rows before cleaning, 24 rows after cleaning, 0 rows removed.","logger":"airflow.task.hooks.airflow.providers.standard.hooks.subprocess.SubprocessHook"}
{"timestamp":"2026-10-06T00:49:22.747810","level":"info","event":"Surabaya: 288 rows before cleaning, 288 rows after cleaning, 0 rows removed.","logger":"airflow.task.hooks.airflow.providers.standard.hooks.subprocess.SubprocessHook"}
{"timestamp":"2026-10-06T00:49:22.747975","level":"info","event":"Surabaya: 72 rows before cleaning, 72 rows after cleaning, 0 rows removed.","logger":"airflow.task.hooks.airflow.providers.standard.hooks.subprocess.SubprocessHook"}
{"timestamp":"2026-10-06T00:49:22.748165","level":"info","event":"Surabaya: 120 rows before cleaning, 120 rows after cleaning, 0 rows removed.","logger":"airflow.task.hooks.airflow.providers.standard.hooks.subprocess.SubprocessHook"}
{"timestamp":"2026-10-06T00:49:22.748311","level":"info","event":"Surabaya: 24 rows before cleaning, 24 rows after cleaning, 0 rows removed.","logger":"airflow.task.hooks.airflow.providers.standard.hooks.subprocess.SubprocessHook"}
{"timestamp":"2026-10-06T00:49:22.748446","level":"info","event":"Bandung: 288 rows before cleaning, 288 rows after cleaning, 0 rows removed.","logger":"airflow.task.hooks.airflow.providers.standard.hooks.subprocess.SubprocessHook"}
{"timestamp":"2026-10-06T00:49:22.748573","level":"info","event":"Bandung: 72 rows before cleaning, 72 rows after cleaning, 0 rows removed.","logger":"airflow.task.hooks.airflow.providers.standard.hooks.subprocess.SubprocessHook"}
{"timestamp":"2026-10-06T00:49:22.748830","level":"info","event":"Bandung: 120 rows before cleaning, 120 rows after cleaning, 0 rows removed.","logger":"airflow.task.hooks.airflow.providers.standard.hooks.subprocess.SubprocessHook"}
{"timestamp":"2026-10-06T00:49:22.749031","level":"info","event":"Bandung: 4 rows before cleaning, 4 rows after cleaning, 0 rows removed.","logger":"airflow.task.hooks.airflow.providers.standard.hooks.subprocess.SubprocessHook"}
{"timestamp":"2026-10-06T00:49:22.749203","level":"info","event":"Bandung: 3 rows before cleaning, 3 rows after cleaning, 0 rows removed.","logger":"airflow.task.hooks.airflow.providers.standard.hooks.subprocess.SubprocessHook"}
{"timestamp":"2026-10-06T00:49:22.749342","level":"info","event":"Bandung: 1 rows before cleaning, 1 rows after cleaning, 0 rows removed.","logger":"airflow.task.hooks.airflow.providers.standard.hooks.subprocess.SubprocessHook"}
{"timestamp":"2026-10-06T00:49:22.749461","level":"info","event":"Bandung: 24 rows before cleaning, 24 rows after cleaning, 0 rows removed.","logger":"airflow.task.hooks.airflow.providers.standard.hooks.subprocess.SubprocessHook"}
{"timestamp":"2026-10-06T00:49:22.749576","level":"info","event":"Jakarta: 288 rows before cleaning, 288 rows after cleaning, 0 rows removed.","logger":"airflow.task.hooks.airflow.providers.standard.hooks.subprocess.SubprocessHook"}
{"timestamp":"2026-10-06T00:49:22.749693","level":"info","event":"Jakarta: 72 rows before cleaning, 72 rows after cleaning, 0 rows removed.","logger":"airflow.task.hooks.airflow.providers.standard.hooks.subprocess.SubprocessHook"}
{"timestamp":"2026-10-06T00:49:22.749810","level":"info","event":"Jakarta: 120 rows before cleaning, 120 rows after cleaning, 0 rows removed.","logger":"airflow.task.hooks.airflow.providers.standard.hooks.subprocess.SubprocessHook"}
{"timestamp":"2026-10-06T00:49:22.749925","level":"info","event":"Jakarta: 4 rows before cleaning, 4 rows after cleaning, 0 rows removed.","logger":"airflow.task.hooks.airflow.providers.standard.hooks.subprocess.SubprocessHook"}
{"timestamp":"2026-10-06T00:49:22.750033","level":"info","event":"Jakarta: 3 rows before cleaning, 3 rows after cleaning, 0 rows removed.","logger":"airflow.task.hooks.airflow.providers.standard.hooks.subprocess.SubprocessHook"}
{"timestamp":"2026-10-06T00:49:22.750139","level":"info","event":"Jakarta: 1 rows before cleaning, 1 rows after cleaning, 0 rows removed.","logger":"airflow.task.hooks.airflow.providers.standard.hooks.subprocess.SubprocessHook"}
{"timestamp":"2026-10-06T00:49:22.750245","level":"info","event":"Jakarta: 24 rows before cleaning, 24 rows after cleaning, 0 rows removed.","logger":"airflow.task.hooks.airflow.providers.standard.hooks.subprocess.SubprocessHook"}
{"timestamp":"2026-10-06T00:49:22.750361","level":"info","event":"Surabaya: 288 rows before cleaning, 288 rows after cleaning, 0 rows removed.","logger":"airflow.task.hooks.airflow.providers.standard.hooks.subprocess.SubprocessHook"}
{"timestamp":"2026-10-06T00:49:22.750591","level":"info","event":"Surabaya: 72 rows before cleaning, 72 rows after cleaning, 0 rows removed.","logger":"airflow.task.hooks.airflow.providers.standard.hooks.subprocess.SubprocessHook"}
{"timestamp":"2026-10-06T00:49:22.751201","level":"info","event":"Surabaya: 120 rows before cleaning, 120 rows after cleaning, 0 rows removed.","logger":"airflow.task.hooks.airflow.providers.standard.hooks.subprocess.SubprocessHook"}
{"timestamp":"2026-10-06T00:49:22.751638","level":"info","event":"Surabaya: 4 rows before cleaning, 4 rows after cleaning, 0 rows removed.","logger":"airflow.task.hooks.airflow.providers.standard.hooks.subprocess.SubprocessHook"}
{"timestamp":"2026-10-06T00:49:22.751822","level":"info","event":"Surabaya: 3 rows before cleaning, 3 rows after cleaning, 0 rows removed.","logger":"airflow.task.hooks.airflow.providers.standard.hooks.subprocess.SubprocessHook"}
{"timestamp":"2026-10-06T00:49:22.751966","level":"info","event":"Surabaya: 1 rows before cleaning, 1 rows after cleaning, 0 rows removed.","logger":"airflow.task.hooks.airflow.providers.standard.hooks.subprocess.SubprocessHook"}
{"timestamp":"2026-10-06T00:49:22.752100","level":"info","event":"Surabaya: 24 rows before cleaning, 24 rows after cleaning, 0 rows removed.","logger":"airflow.task.hooks.airflow.providers.standard.hooks.subprocess.SubprocessHook"}
{"timestamp":"2026-10-06T00:49:22.752521","level":"info","event":"Bandung: 288 rows before cleaning, 288 rows after cleaning, 0 rows removed.","logger":"airflow.task.hooks.airflow.providers.standard.hooks.subprocess.SubprocessHook"}
{"timestamp":"2026-10-06T00:49:22.752809","level":"info","event":"Bandung: 72 rows before cleaning, 72 rows after cleaning, 0 rows removed.","logger":"airflow.task.hooks.airflow.providers.standard.hooks.subprocess.SubprocessHook"}
{"timestamp":"2026-10-06T00:49:22.753014","level":"info","event":"Bandung: 120 rows before cleaning, 120 rows after cleaning, 0 rows removed.","logger":"airflow.task.hooks.airflow.providers.standard.hooks.subprocess.SubprocessHook"}
{"timestamp":"2026-10-06T00:49:22.753165","level":"info","event":"Bandung: 4 rows before cleaning, 4 rows after cleaning, 0 rows removed.","logger":"airflow.task.hooks.airflow.providers.standard.hooks.subprocess.SubprocessHook"}
{"timestamp":"2026-10-06T00:49:22.753302","level":"info","event":"Bandung: 3 rows before cleaning, 3 rows after cleaning, 0 rows removed.","logger":"airflow.task.hooks.airflow.providers.standard.hooks.subprocess.SubprocessHook"}
{"timestamp":"2026-10-06T00:49:22.753433","level":"info","event":"Bandung: 1 rows before cleaning, 1 rows after cleaning, 0 rows removed.","logger":"airflow.task.hooks.airflow.providers.standard.hooks.subprocess.SubprocessHook"}
{"timestamp":"2026-10-06T00:49:22.753566","level":"info","event":"Bandung: 0 rows before cleaning, 0 rows after cleaning, 0 rows removed.","logger":"airflow.task.hooks.airflow.providers.standard.hooks.subprocess.SubprocessHook"}
{"timestamp":"2026-10-06T00:49:22.753992","level":"info","event":"Bandung: 24 rows before cleaning, 24 rows after cleaning, 0 rows removed.","logger":"airflow.task.hooks.airflow.providers.standard.hooks.subprocess.SubprocessHook"}
{"timestamp":"2026-10-06T00:49:22.754185","level":"info","event":"Jakarta: 288 rows before cleaning, 288 rows after cleaning, 0 rows removed.","logger":"airflow.task.hooks.airflow.providers.standard.hooks.subprocess.SubprocessHook"}
{"timestamp":"2026-10-06T00:49:22.754322","level":"info","event":"Jakarta: 72 rows before cleaning, 72 rows after cleaning, 0 rows removed.","logger":"airflow.task.hooks.airflow.providers.standard.hooks.subprocess.SubprocessHook"}
{"timestamp":"2026-10-06T00:49:22.754452","level":"info","event":"Jakarta: 120 rows before cleaning, 120 rows after cleaning, 0 rows removed.","logger":"airflow.task.hooks.airflow.providers.standard.hooks.subprocess.SubprocessHook"}
{"timestamp":"2026-10-06T00:49:22.754978","level":"info","event":"Jakarta: 4 rows before cleaning, 4 rows after cleaning, 0 rows removed.","logger":"airflow.task.hooks.airflow.providers.standard.hooks.subprocess.SubprocessHook"}
{"timestamp":"2026-10-06T00:49:22.755156","level":"info","event":"Jakarta: 3 rows before cleaning, 3 rows after cleaning, 0 rows removed.","logger":"airflow.task.hooks.airflow.providers.standard.hooks.subprocess.SubprocessHook"}
{"timestamp":"2026-10-06T00:49:22.755280","level":"info","event":"Jakarta: 1 rows before cleaning, 1 rows after cleaning, 0 rows removed.","logger":"airflow.task.hooks.airflow.providers.standard.hooks.subprocess.SubprocessHook"}
{"timestamp":"2026-10-06T00:49:22.755391","level":"info","event":"Jakarta: 0 rows before cleaning, 0 rows after cleaning, 0 rows removed.","logger":"airflow.task.hooks.airflow.providers.standard.hooks.subprocess.SubprocessHook"}
{"timestamp":"2026-10-06T00:49:22.755496","level":"info","event":"Jakarta: 24 rows before cleaning, 24 rows after cleaning, 0 rows removed.","logger":"airflow.task.hooks.airflow.providers.standard.hooks.subprocess.SubprocessHook"}
{"timestamp":"2026-10-06T00:49:22.755599","level":"info","event":"Surabaya: 288 rows before cleaning, 288 rows after cleaning, 0 rows removed.","logger":"airflow.task.hooks.airflow.providers.standard.hooks.subprocess.SubprocessHook"}
{"timestamp":"2026-10-06T00:49:22.755699","level":"info","event":"Surabaya: 72 rows before cleaning, 72 rows after cleaning, 0 rows removed.","logger":"airflow.task.hooks.airflow.providers.standard.hooks.subprocess.SubprocessHook"}
{"timestamp":"2026-10-06T00:49:22.755796","level":"info","event":"Surabaya: 120 rows before cleaning, 120 rows after cleaning, 0 rows removed.","logger":"airflow.task.hooks.airflow.providers.standard.hooks.subprocess.SubprocessHook"}
{"timestamp":"2026-10-06T00:49:22.755895","level":"info","event":"Surabaya: 4 rows before cleaning, 4 rows after cleaning, 0 rows removed.","logger":"airflow.task.hooks.airflow.providers.standard.hooks.subprocess.SubprocessHook"}
{"timestamp":"2026-10-06T00:49:22.756010","level":"info","event":"Surabaya: 3 rows before cleaning, 3 rows after cleaning, 0 rows removed.","logger":"airflow.task.hooks.airflow.providers.standard.hooks.subprocess.SubprocessHook"}
{"timestamp":"2026-10-06T00:49:22.756109","level":"info","event":"Surabaya: 1 rows before cleaning, 1 rows after cleaning, 0 rows removed.","logger":"airflow.task.hooks.airflow.providers.standard.hooks.subprocess.SubprocessHook"}
{"timestamp":"2026-10-06T00:49:22.756201","level":"info","event":"Surabaya: 0 rows before cleaning, 0 rows after cleaning, 0 rows removed.","logger":"airflow.task.hooks.airflow.providers.standard.hooks.subprocess.SubprocessHook"}
{"timestamp":"2026-10-06T00:49:22.756291","level":"info","event":"Surabaya: 24 rows before cleaning, 24 rows after cleaning, 0 rows removed.","logger":"airflow.task.hooks.airflow.providers.standard.hooks.subprocess.SubprocessHook"}
{"timestamp":"2026-10-06T00:49:22.756722","level":"info","event":"Bandung: 288 rows before cleaning, 288 rows after cleaning, 0 rows removed.","logger":"airflow.task.hooks.airflow.providers.standard.hooks.subprocess.SubprocessHook"}
{"timestamp":"2026-10-06T00:49:22.757162","level":"info","event":"Bandung: 72 rows before cleaning, 72 rows after cleaning, 0 rows removed.","logger":"airflow.task.hooks.airflow.providers.standard.hooks.subprocess.SubprocessHook"}
{"timestamp":"2026-10-06T00:49:22.757544","level":"info","event":"Bandung: 120 rows before cleaning, 120 rows after cleaning, 0 rows removed.","logger":"airflow.task.hooks.airflow.providers.standard.hooks.subprocess.SubprocessHook"}
{"timestamp":"2026-10-06T00:49:22.757704","level":"info","event":"Bandung: 4 rows before cleaning, 4 rows after cleaning, 0 rows removed.","logger":"airflow.task.hooks.airflow.providers.standard.hooks.subprocess.SubprocessHook"}
{"timestamp":"2026-10-06T00:49:22.766696","level":"info","event":"Bandung: 3 rows before cleaning, 3 rows after cleaning, 0 rows removed.","logger":"airflow.task.hooks.airflow.providers.standard.hooks.subprocess.SubprocessHook"}
{"timestamp":"2026-10-06T00:49:22.767269","level":"info","event":"Bandung: 4 rows before cleaning, 4 rows after cleaning, 0 rows removed.","logger":"airflow.task.hooks.airflow.providers.standard.hooks.subprocess.SubprocessHook"}
{"timestamp":"2026-10-06T00:49:22.767487","level":"info","event":"Bandung: 1 rows before cleaning, 1 rows after cleaning, 0 rows removed.","logger":"airflow.task.hooks.airflow.providers.standard.hooks.subprocess.SubprocessHook"}
{"timestamp":"2026-10-06T00:49:22.767922","level":"info","event":"Bandung: 0 rows before cleaning, 0 rows after cleaning, 0 rows removed.","logger":"airflow.task.hooks.airflow.providers.standard.hooks.subprocess.SubprocessHook"}
{"timestamp":"2026-10-06T00:49:22.768116","level":"info","event":"Bandung: 24 rows before cleaning, 24 rows after cleaning, 0 rows removed.","logger":"airflow.task.hooks.airflow.providers.standard.hooks.subprocess.SubprocessHook"}
{"timestamp":"2026-10-06T00:49:22.768522","level":"info","event":"Jakarta: 288 rows before cleaning, 288 rows after cleaning, 0 rows removed.","logger":"airflow.task.hooks.airflow.providers.standard.hooks.subprocess.SubprocessHook"}
{"timestamp":"2026-10-06T00:49:22.768728","level":"info","event":"Jakarta: 72 rows before cleaning, 72 rows after cleaning, 0 rows removed.","logger":"airflow.task.hooks.airflow.providers.standard.hooks.subprocess.SubprocessHook"}
{"timestamp":"2026-10-06T00:49:22.768874","level":"info","event":"Jakarta: 120 rows before cleaning, 120 rows after cleaning, 0 rows removed.","logger":"airflow.task.hooks.airflow.providers.standard.hooks.subprocess.SubprocessHook"}
{"timestamp":"2026-10-06T00:49:22.769002","level":"info","event":"Jakarta: 4 rows before cleaning, 4 rows after cleaning, 0 rows removed.","logger":"airflow.task.hooks.airflow.providers.standard.hooks.subprocess.SubprocessHook"}
{"timestamp":"2026-10-06T00:49:22.769128","level":"info","event":"Jakarta: 3 rows before cleaning, 3 rows after cleaning, 0 rows removed.","logger":"airflow.task.hooks.airflow.providers.standard.hooks.subprocess.SubprocessHook"}
{"timestamp":"2026-10-06T00:49:22.769260","level":"info","event":"Jakarta: 4 rows before cleaning, 4 rows after cleaning, 0 rows removed.","logger":"airflow.task.hooks.airflow.providers.standard.hooks.subprocess.SubprocessHook"}
{"timestamp":"2026-10-06T00:49:22.769381","level":"info","event":"Jakarta: 1 rows before cleaning, 1 rows after cleaning, 0 rows removed.","logger":"airflow.task.hooks.airflow.providers.standard.hooks.subprocess.SubprocessHook"}
{"timestamp":"2026-10-06T00:49:22.769499","level":"info","event":"Jakarta: 0 rows before cleaning, 0 rows after cleaning, 0 rows removed.","logger":"airflow.task.hooks.airflow.providers.standard.hooks.subprocess.SubprocessHook"}
{"timestamp":"2026-10-06T00:49:22.769610","level":"info","event":"Jakarta: 24 rows before cleaning, 24 rows after cleaning, 0 rows removed.","logger":"airflow.task.hooks.airflow.providers.standard.hooks.subprocess.SubprocessHook"}
{"timestamp":"2026-10-06T00:49:22.769717","level":"info","event":"Surabaya: 288 rows before cleaning, 288 rows after cleaning, 0 rows removed.","logger":"airflow.task.hooks.airflow.providers.standard.hooks.subprocess.SubprocessHook"}
{"timestamp":"2026-10-06T00:49:22.769821","level":"info","event":"Surabaya: 72 rows before cleaning, 72 rows after cleaning, 0 rows removed.","logger":"airflow.task.hooks.airflow.providers.standard.hooks.subprocess.SubprocessHook"}
{"timestamp":"2026-10-06T00:49:22.769925","level":"info","event":"Surabaya: 120 rows before cleaning, 120 rows after cleaning, 0 rows removed.","logger":"airflow.task.hooks.airflow.providers.standard.hooks.subprocess.SubprocessHook"}
{"timestamp":"2026-10-06T00:49:22.770028","level":"info","event":"Surabaya: 4 rows before cleaning, 4 rows after cleaning, 0 rows removed.","logger":"airflow.task.hooks.airflow.providers.standard.hooks.subprocess.SubprocessHook"}
{"timestamp":"2026-10-06T00:49:22.770136","level":"info","event":"Surabaya: 3 rows before cleaning, 3 rows after cleaning, 0 rows removed.","logger":"airflow.task.hooks.airflow.providers.standard.hooks.subprocess.SubprocessHook"}
{"timestamp":"2026-10-06T00:49:22.770320","level":"info","event":"Surabaya: 4 rows before cleaning, 4 rows after cleaning, 0 rows removed.","logger":"airflow.task.hooks.airflow.providers.standard.hooks.subprocess.SubprocessHook"}
{"timestamp":"2026-10-06T00:49:22.770627","level":"info","event":"Surabaya: 1 rows before cleaning, 1 rows after cleaning, 0 rows removed.","logger":"airflow.task.hooks.airflow.providers.standard.hooks.subprocess.SubprocessHook"}
{"timestamp":"2026-10-06T00:49:22.770825","level":"info","event":"Surabaya: 0 rows before cleaning, 0 rows after cleaning, 0 rows removed.","logger":"airflow.task.hooks.airflow.providers.standard.hooks.subprocess.SubprocessHook"}
{"timestamp":"2026-10-06T00:49:22.770945","level":"info","event":"Surabaya: 24 rows before cleaning, 24 rows after cleaning, 0 rows removed.","logger":"airflow.task.hooks.airflow.providers.standard.hooks.subprocess.SubprocessHook"}
{"timestamp":"2026-10-06T00:49:22.771057","level":"info","event":"Bandung: 288 rows before cleaning, 288 rows after cleaning, 0 rows removed.","logger":"airflow.task.hooks.airflow.providers.standard.hooks.subprocess.SubprocessHook"}
{"timestamp":"2026-10-06T00:49:22.771532","level":"info","event":"Bandung: 72 rows before cleaning, 72 rows after cleaning, 0 rows removed.","logger":"airflow.task.hooks.airflow.providers.standard.hooks.subprocess.SubprocessHook"}
{"timestamp":"2026-10-06T00:49:22.771954","level":"info","event":"Bandung: 120 rows before cleaning, 120 rows after cleaning, 0 rows removed.","logger":"airflow.task.hooks.airflow.providers.standard.hooks.subprocess.SubprocessHook"}
{"timestamp":"2026-10-06T00:49:22.772533","level":"info","event":"Bandung: 4 rows before cleaning, 4 rows after cleaning, 0 rows removed.","logger":"airflow.task.hooks.airflow.providers.standard.hooks.subprocess.SubprocessHook"}
{"timestamp":"2026-10-06T00:49:22.773502","level":"info","event":"Bandung: 3 rows before cleaning, 3 rows after cleaning, 0 rows removed.","logger":"airflow.task.hooks.airflow.providers.standard.hooks.subprocess.SubprocessHook"}
{"timestamp":"2026-10-06T00:49:22.773802","level":"info","event":"Bandung: 4 rows before cleaning, 4 rows after cleaning, 0 rows removed.","logger":"airflow.task.hooks.airflow.providers.standard.hooks.subprocess.SubprocessHook"}
{"timestamp":"2026-10-06T00:49:22.774263","level":"info","event":"Bandung: 4 rows before cleaning, 4 rows after cleaning, 0 rows removed.","logger":"airflow.task.hooks.airflow.providers.standard.hooks.subprocess.SubprocessHook"}
{"timestamp":"2026-10-06T00:49:22.774583","level":"info","event":"Bandung: 1 rows before cleaning, 1 rows after cleaning, 0 rows removed.","logger":"airflow.task.hooks.airflow.providers.standard.hooks.subprocess.SubprocessHook"}
{"timestamp":"2026-10-06T00:49:22.775700","level":"info","event":"Bandung: 0 rows before cleaning, 0 rows after cleaning, 0 rows removed.","logger":"airflow.task.hooks.airflow.providers.standard.hooks.subprocess.SubprocessHook"}
{"timestamp":"2026-10-06T00:49:22.775954","level":"info","event":"Bandung: 24 rows before cleaning, 24 rows after cleaning, 0 rows removed.","logger":"airflow.task.hooks.airflow.providers.standard.hooks.subprocess.SubprocessHook"}
{"timestamp":"2026-10-06T00:49:22.776064","level":"info","event":"Jakarta: 288 rows before cleaning, 288 rows after cleaning, 0 rows removed.","logger":"airflow.task.hooks.airflow.providers.standard.hooks.subprocess.SubprocessHook"}
{"timestamp":"2026-10-06T00:49:22.776154","level":"info","event":"Jakarta: 72 rows before cleaning, 72 rows after cleaning, 0 rows removed.","logger":"airflow.task.hooks.airflow.providers.standard.hooks.subprocess.SubprocessHook"}
{"timestamp":"2026-10-06T00:49:22.776233","level":"info","event":"Jakarta: 120 rows before cleaning, 120 rows after cleaning, 0 rows removed.","logger":"airflow.task.hooks.airflow.providers.standard.hooks.subprocess.SubprocessHook"}
{"timestamp":"2026-10-06T00:49:22.776308","level":"info","event":"Jakarta: 4 rows before cleaning, 4 rows after cleaning, 0 rows removed.","logger":"airflow.task.hooks.airflow.providers.standard.hooks.subprocess.SubprocessHook"}
{"timestamp":"2026-10-06T00:49:22.776383","level":"info","event":"Jakarta: 3 rows before cleaning, 3 rows after cleaning, 0 rows removed.","logger":"airflow.task.hooks.airflow.providers.standard.hooks.subprocess.SubprocessHook"}
{"timestamp":"2026-10-06T00:49:22.776457","level":"info","event":"Jakarta: 4 rows before cleaning, 4 rows after cleaning, 0 rows removed.","logger":"airflow.task.hooks.airflow.providers.standard.hooks.subprocess.SubprocessHook"}
{"timestamp":"2026-10-06T00:49:22.776531","level":"info","event":"Jakarta: 4 rows before cleaning, 4 rows after cleaning, 0 rows removed.","logger":"airflow.task.hooks.airflow.providers.standard.hooks.subprocess.SubprocessHook"}
{"timestamp":"2026-10-06T00:49:22.776602","level":"info","event":"Jakarta: 1 rows before cleaning, 1 rows after cleaning, 0 rows removed.","logger":"airflow.task.hooks.airflow.providers.standard.hooks.subprocess.SubprocessHook"}
{"timestamp":"2026-10-06T00:49:22.776678","level":"info","event":"Jakarta: 0 rows before cleaning, 0 rows after cleaning, 0 rows removed.","logger":"airflow.task.hooks.airflow.providers.standard.hooks.subprocess.SubprocessHook"}
{"timestamp":"2026-10-06T00:49:22.777719","level":"info","event":"Jakarta: 24 rows before cleaning, 24 rows after cleaning, 0 rows removed.","logger":"airflow.task.hooks.airflow.providers.standard.hooks.subprocess.SubprocessHook"}
{"timestamp":"2026-10-06T00:49:22.777931","level":"info","event":"Surabaya: 288 rows before cleaning, 288 rows after cleaning, 0 rows removed.","logger":"airflow.task.hooks.airflow.providers.standard.hooks.subprocess.SubprocessHook"}
{"timestamp":"2026-10-06T00:49:22.778186","level":"info","event":"Surabaya: 72 rows before cleaning, 72 rows after cleaning, 0 rows removed.","logger":"airflow.task.hooks.airflow.providers.standard.hooks.subprocess.SubprocessHook"}
{"timestamp":"2026-10-06T00:49:22.778309","level":"info","event":"Surabaya: 120 rows before cleaning, 120 rows after cleaning, 0 rows removed.","logger":"airflow.task.hooks.airflow.providers.standard.hooks.subprocess.SubprocessHook"}
{"timestamp":"2026-10-06T00:49:22.778936","level":"info","event":"Surabaya: 4 rows before cleaning, 4 rows after cleaning, 0 rows removed.","logger":"airflow.task.hooks.airflow.providers.standard.hooks.subprocess.SubprocessHook"}
{"timestamp":"2026-10-06T00:49:24.728217","level":"info","event":"Surabaya: 3 rows before cleaning, 3 rows after cleaning, 0 rows removed.","logger":"airflow.task.hooks.airflow.providers.standard.hooks.subprocess.SubprocessHook"}
{"timestamp":"2026-10-06T00:49:24.728679","level":"info","event":"Surabaya: 4 rows before cleaning, 4 rows after cleaning, 0 rows removed.","logger":"airflow.task.hooks.airflow.providers.standard.hooks.subprocess.SubprocessHook"}
{"timestamp":"2026-10-06T00:49:24.729164","level":"info","event":"Surabaya: 4 rows before cleaning, 4 rows after cleaning, 0 rows removed.","logger":"airflow.task.hooks.airflow.providers.standard.hooks.subprocess.SubprocessHook"}
{"timestamp":"2026-10-06T00:49:24.729553","level":"info","event":"Surabaya: 1 rows before cleaning, 1 rows after cleaning, 0 rows removed.","logger":"airflow.task.hooks.airflow.providers.standard.hooks.subprocess.SubprocessHook"}
{"timestamp":"2026-10-06T00:49:24.729721","level":"info","event":"Surabaya: 0 rows before cleaning, 0 rows after cleaning, 0 rows removed.","logger":"airflow.task.hooks.airflow.providers.standard.hooks.subprocess.SubprocessHook"}
{"timestamp":"2026-10-06T00:49:24.730077","level":"info","event":"Surabaya: 24 rows before cleaning, 24 rows after cleaning, 0 rows removed.","logger":"airflow.task.hooks.airflow.providers.standard.hooks.subprocess.SubprocessHook"}
{"timestamp":"2026-10-06T00:49:24.730447","level":"info","event":"Bandung: 288 rows before cleaning, 288 rows after cleaning, 0 rows removed.","logger":"airflow.task.hooks.airflow.providers.standard.hooks.subprocess.SubprocessHook"}
{"timestamp":"2026-10-06T00:49:24.730669","level":"info","event":"Bandung: 72 rows before cleaning, 72 rows after cleaning, 0 rows removed.","logger":"airflow.task.hooks.airflow.providers.standard.hooks.subprocess.SubprocessHook"}
{"timestamp":"2026-10-06T00:49:24.730855","level":"info","event":"Bandung: 120 rows before cleaning, 120 rows after cleaning, 0 rows removed.","logger":"airflow.task.hooks.airflow.providers.standard.hooks.subprocess.SubprocessHook"}
{"timestamp":"2026-10-06T00:49:24.731108","level":"info","event":"Bandung: 4 rows before cleaning, 4 rows after cleaning, 0 rows removed.","logger":"airflow.task.hooks.airflow.providers.standard.hooks.subprocess.SubprocessHook"}
{"timestamp":"2026-10-06T00:49:24.731290","level":"info","event":"Bandung: 3 rows before cleaning, 3 rows after cleaning, 0 rows removed.","logger":"airflow.task.hooks.airflow.providers.standard.hooks.subprocess.SubprocessHook"}
{"timestamp":"2026-10-06T00:49:24.731426","level":"info","event":"Bandung: 4 rows before cleaning, 4 rows after cleaning, 0 rows removed.","logger":"airflow.task.hooks.airflow.providers.standard.hooks.subprocess.SubprocessHook"}
{"timestamp":"2026-10-06T00:49:24.731555","level":"info","event":"Bandung: 4 rows before cleaning, 4 rows after cleaning, 0 rows removed.","logger":"airflow.task.hooks.airflow.providers.standard.hooks.subprocess.SubprocessHook"}
{"timestamp":"2026-10-06T00:49:24.731677","level":"info","event":"Bandung: 4 rows before cleaning, 4 rows after cleaning, 0 rows removed.","logger":"airflow.task.hooks.airflow.providers.standard.hooks.subprocess.SubprocessHook"}
{"timestamp":"2026-10-06T00:49:24.731798","level":"info","event":"Bandung: 1 rows before cleaning, 1 rows after cleaning, 0 rows removed.","logger":"airflow.task.hooks.airflow.providers.standard.hooks.subprocess.SubprocessHook"}
{"timestamp":"2026-10-06T00:49:24.731917","level":"info","event":"Bandung: 0 rows before cleaning, 0 rows after cleaning, 0 rows removed.","logger":"airflow.task.hooks.airflow.providers.standard.hooks.subprocess.SubprocessHook"}
{"timestamp":"2026-10-06T00:49:24.732038","level":"info","event":"Bandung: 24 rows before cleaning, 24 rows after cleaning, 0 rows removed.","logger":"airflow.task.hooks.airflow.providers.standard.hooks.subprocess.SubprocessHook"}
{"timestamp":"2026-10-06T00:49:24.732162","level":"info","event":"Jakarta: 288 rows before cleaning, 288 rows after cleaning, 0 rows removed.","logger":"airflow.task.hooks.airflow.providers.standard.hooks.subprocess.SubprocessHook"}
{"timestamp":"2026-10-06T00:49:24.732284","level":"info","event":"Jakarta: 72 rows before cleaning, 72 rows after cleaning, 0 rows removed.","logger":"airflow.task.hooks.airflow.providers.standard.hooks.subprocess.SubprocessHook"}
{"timestamp":"2026-10-06T00:49:24.732406","level":"info","event":"Jakarta: 120 rows before cleaning, 120 rows after cleaning, 0 rows removed.","logger":"airflow.task.hooks.airflow.providers.standard.hooks.subprocess.SubprocessHook"}
{"timestamp":"2026-10-06T00:49:24.732532","level":"info","event":"Jakarta: 4 rows before cleaning, 4 rows after cleaning, 0 rows removed.","logger":"airflow.task.hooks.airflow.providers.standard.hooks.subprocess.SubprocessHook"}
{"timestamp":"2026-10-06T00:49:24.732661","level":"info","event":"Jakarta: 3 rows before cleaning, 3 rows after cleaning, 0 rows removed.","logger":"airflow.task.hooks.airflow.providers.standard.hooks.subprocess.SubprocessHook"}
{"timestamp":"2026-10-06T00:49:24.732782","level":"info","event":"Jakarta: 4 rows before cleaning, 4 rows after cleaning, 0 rows removed.","logger":"airflow.task.hooks.airflow.providers.standard.hooks.subprocess.SubprocessHook"}
{"timestamp":"2026-10-06T00:49:24.733088","level":"info","event":"Jakarta: 4 rows before cleaning, 4 rows after cleaning, 0 rows removed.","logger":"airflow.task.hooks.airflow.providers.standard.hooks.subprocess.SubprocessHook"}
{"timestamp":"2026-10-06T00:49:24.733221","level":"info","event":"Jakarta: 4 rows before cleaning, 4 rows after cleaning, 0 rows removed.","logger":"airflow.task.hooks.airflow.providers.standard.hooks.subprocess.SubprocessHook"}
{"timestamp":"2026-10-06T00:49:24.733329","level":"info","event":"Jakarta: 1 rows before cleaning, 1 rows after cleaning, 0 rows removed.","logger":"airflow.task.hooks.airflow.providers.standard.hooks.subprocess.SubprocessHook"}
{"timestamp":"2026-10-06T00:49:24.733432","level":"info","event":"Jakarta: 0 rows before cleaning, 0 rows after cleaning, 0 rows removed.","logger":"airflow.task.hooks.airflow.providers.standard.hooks.subprocess.SubprocessHook"}
{"timestamp":"2026-10-06T00:49:24.733677","level":"info","event":"Jakarta: 24 rows before cleaning, 24 rows after cleaning, 0 rows removed.","logger":"airflow.task.hooks.airflow.providers.standard.hooks.subprocess.SubprocessHook"}
{"timestamp":"2026-10-06T00:49:24.733835","level":"info","event":"Surabaya: 288 rows before cleaning, 288 rows after cleaning, 0 rows removed.","logger":"airflow.task.hooks.airflow.providers.standard.hooks.subprocess.SubprocessHook"}
{"timestamp":"2026-10-06T00:49:24.733966","level":"info","event":"Surabaya: 72 rows before cleaning, 72 rows after cleaning, 0 rows removed.","logger":"airflow.task.hooks.airflow.providers.standard.hooks.subprocess.SubprocessHook"}
{"timestamp":"2026-10-06T00:49:24.734085","level":"info","event":"Surabaya: 120 rows before cleaning, 120 rows after cleaning, 0 rows removed.","logger":"airflow.task.hooks.airflow.providers.standard.hooks.subprocess.SubprocessHook"}
{"timestamp":"2026-10-06T00:49:24.734193","level":"info","event":"Surabaya: 4 rows before cleaning, 4 rows after cleaning, 0 rows removed.","logger":"airflow.task.hooks.airflow.providers.standard.hooks.subprocess.SubprocessHook"}
{"timestamp":"2026-10-06T00:49:24.734369","level":"info","event":"Surabaya: 3 rows before cleaning, 3 rows after cleaning, 0 rows removed.","logger":"airflow.task.hooks.airflow.providers.standard.hooks.subprocess.SubprocessHook"}
{"timestamp":"2026-10-06T00:49:24.734706","level":"info","event":"Surabaya: 4 rows before cleaning, 4 rows after cleaning, 0 rows removed.","logger":"airflow.task.hooks.airflow.providers.standard.hooks.subprocess.SubprocessHook"}
{"timestamp":"2026-10-06T00:49:24.734884","level":"info","event":"Surabaya: 4 rows before cleaning, 4 rows after cleaning, 0 rows removed.","logger":"airflow.task.hooks.airflow.providers.standard.hooks.subprocess.SubprocessHook"}
{"timestamp":"2026-10-06T00:49:24.735127","level":"info","event":"Surabaya: 4 rows before cleaning, 4 rows after cleaning, 0 rows removed.","logger":"airflow.task.hooks.airflow.providers.standard.hooks.subprocess.SubprocessHook"}
{"timestamp":"2026-10-06T00:49:24.735265","level":"info","event":"Surabaya: 1 rows before cleaning, 1 rows after cleaning, 0 rows removed.","logger":"airflow.task.hooks.airflow.providers.standard.hooks.subprocess.SubprocessHook"}
{"timestamp":"2026-10-06T00:49:24.735378","level":"info","event":"Surabaya: 0 rows before cleaning, 0 rows after cleaning, 0 rows removed.","logger":"airflow.task.hooks.airflow.providers.standard.hooks.subprocess.SubprocessHook"}
{"timestamp":"2026-10-06T00:49:24.735485","level":"info","event":"Surabaya: 24 rows before cleaning, 24 rows after cleaning, 0 rows removed.","logger":"airflow.task.hooks.airflow.providers.standard.hooks.subprocess.SubprocessHook"}
{"timestamp":"2026-10-06T00:49:24.735591","level":"info","event":"Bandung: 288 rows before cleaning, 288 rows after cleaning, 0 rows removed.","logger":"airflow.task.hooks.airflow.providers.standard.hooks.subprocess.SubprocessHook"}
{"timestamp":"2026-10-06T00:49:24.735696","level":"info","event":"Bandung: 72 rows before cleaning, 72 rows after cleaning, 0 rows removed.","logger":"airflow.task.hooks.airflow.providers.standard.hooks.subprocess.SubprocessHook"}
{"timestamp":"2026-10-06T00:49:24.735807","level":"info","event":"Bandung: 120 rows before cleaning, 120 rows after cleaning, 0 rows removed.","logger":"airflow.task.hooks.airflow.providers.standard.hooks.subprocess.SubprocessHook"}
{"timestamp":"2026-10-06T00:49:24.735931","level":"info","event":"Bandung: 4 rows before cleaning, 4 rows after cleaning, 0 rows removed.","logger":"airflow.task.hooks.airflow.providers.standard.hooks.subprocess.SubprocessHook"}
{"timestamp":"2026-10-06T00:49:24.736044","level":"info","event":"Bandung: 3 rows before cleaning, 3 rows after cleaning, 0 rows removed.","logger":"airflow.task.hooks.airflow.providers.standard.hooks.subprocess.SubprocessHook"}
{"timestamp":"2026-10-06T00:49:24.736149","level":"info","event":"Bandung: 4 rows before cleaning, 4 rows after cleaning, 0 rows removed.","logger":"airflow.task.hooks.airflow.providers.standard.hooks.subprocess.SubprocessHook"}
{"timestamp":"2026-10-06T00:49:24.736257","level":"info","event":"Bandung: 4 rows before cleaning, 4 rows after cleaning, 0 rows removed.","logger":"airflow.task.hooks.airflow.providers.standard.hooks.subprocess.SubprocessHook"}
{"timestamp":"2026-10-06T00:49:24.736360","level":"info","event":"Bandung: 4 rows before cleaning, 4 rows after cleaning, 0 rows removed.","logger":"airflow.task.hooks.airflow.providers.standard.hooks.subprocess.SubprocessHook"}
{"timestamp":"2026-10-06T00:49:24.736464","level":"info","event":"Bandung: 4 rows before cleaning, 4 rows after cleaning, 0 rows removed.","logger":"airflow.task.hooks.airflow.providers.standard.hooks.subprocess.SubprocessHook"}
{"timestamp":"2026-10-06T00:49:24.736580","level":"info","event":"Bandung: 1 rows before cleaning, 1 rows after cleaning, 0 rows removed.","logger":"airflow.task.hooks.airflow.providers.standard.hooks.subprocess.SubprocessHook"}
{"timestamp":"2026-10-06T00:49:24.736697","level":"info","event":"Bandung: 0 rows before cleaning, 0 rows after cleaning, 0 rows removed.","logger":"airflow.task.hooks.airflow.providers.standard.hooks.subprocess.SubprocessHook"}
{"timestamp":"2026-10-06T00:49:24.736809","level":"info","event":"Bandung: 24 rows before cleaning, 24 rows after cleaning, 0 rows removed.","logger":"airflow.task.hooks.airflow.providers.standard.hooks.subprocess.SubprocessHook"}
{"timestamp":"2026-10-06T00:49:24.736919","level":"info","event":"Jakarta: 288 rows before cleaning, 288 rows after cleaning, 0 rows removed.","logger":"airflow.task.hooks.airflow.providers.standard.hooks.subprocess.SubprocessHook"}
{"timestamp":"2026-10-06T00:49:24.737131","level":"info","event":"Jakarta: 72 rows before cleaning, 72 rows after cleaning, 0 rows removed.","logger":"airflow.task.hooks.airflow.providers.standard.hooks.subprocess.SubprocessHook"}
{"timestamp":"2026-10-06T00:49:24.737283","level":"info","event":"Jakarta: 120 rows before cleaning, 120 rows after cleaning, 0 rows removed.","logger":"airflow.task.hooks.airflow.providers.standard.hooks.subprocess.SubprocessHook"}
{"timestamp":"2026-10-06T00:49:24.737409","level":"info","event":"Jakarta: 4 rows before cleaning, 4 rows after cleaning, 0 rows removed.","logger":"airflow.task.hooks.airflow.providers.standard.hooks.subprocess.SubprocessHook"}
{"timestamp":"2026-10-06T00:49:24.737519","level":"info","event":"Jakarta: 3 rows before cleaning, 3 rows after cleaning, 0 rows removed.","logger":"airflow.task.hooks.airflow.providers.standard.hooks.subprocess.SubprocessHook"}
{"timestamp":"2026-10-06T00:49:24.737651","level":"info","event":"Jakarta: 4 rows before cleaning, 4 rows after cleaning, 0 rows removed.","logger":"airflow.task.hooks.airflow.providers.standard.hooks.subprocess.SubprocessHook"}
{"timestamp":"2026-10-06T00:49:24.737774","level":"info","event":"Jakarta: 4 rows before cleaning, 4 rows after cleaning, 0 rows removed.","logger":"airflow.task.hooks.airflow.providers.standard.hooks.subprocess.SubprocessHook"}
{"timestamp":"2026-10-06T00:49:24.737898","level":"info","event":"Jakarta: 4 rows before cleaning, 4 rows after cleaning, 0 rows removed.","logger":"airflow.task.hooks.airflow.providers.standard.hooks.subprocess.SubprocessHook"}
{"timestamp":"2026-10-06T00:49:24.738012","level":"info","event":"Jakarta: 4 rows before cleaning, 4 rows after cleaning, 0 rows removed.","logger":"airflow.task.hooks.airflow.providers.standard.hooks.subprocess.SubprocessHook"}
{"timestamp":"2026-10-06T00:49:24.738122","level":"info","event":"Jakarta: 1 rows before cleaning, 1 rows after cleaning, 0 rows removed.","logger":"airflow.task.hooks.airflow.providers.standard.hooks.subprocess.SubprocessHook"}
{"timestamp":"2026-10-06T00:49:24.738237","level":"info","event":"Jakarta: 0 rows before cleaning, 0 rows after cleaning, 0 rows removed.","logger":"airflow.task.hooks.airflow.providers.standard.hooks.subprocess.SubprocessHook"}
{"timestamp":"2026-10-06T00:49:24.738354","level":"info","event":"Jakarta: 24 rows before cleaning, 24 rows after cleaning, 0 rows removed.","logger":"airflow.task.hooks.airflow.providers.standard.hooks.subprocess.SubprocessHook"}
{"timestamp":"2026-10-06T00:49:24.738506","level":"info","event":"Surabaya: 288 rows before cleaning, 288 rows after cleaning, 0 rows removed.","logger":"airflow.task.hooks.airflow.providers.standard.hooks.subprocess.SubprocessHook"}
{"timestamp":"2026-10-06T00:49:24.738648","level":"info","event":"Surabaya: 72 rows before cleaning, 72 rows after cleaning, 0 rows removed.","logger":"airflow.task.hooks.airflow.providers.standard.hooks.subprocess.SubprocessHook"}
{"timestamp":"2026-10-06T00:49:24.738765","level":"info","event":"Surabaya: 120 rows before cleaning, 120 rows after cleaning, 0 rows removed.","logger":"airflow.task.hooks.airflow.providers.standard.hooks.subprocess.SubprocessHook"}
{"timestamp":"2026-10-06T00:49:24.738877","level":"info","event":"Surabaya: 4 rows before cleaning, 4 rows after cleaning, 0 rows removed.","logger":"airflow.task.hooks.airflow.providers.standard.hooks.subprocess.SubprocessHook"}
{"timestamp":"2026-10-06T00:49:24.738985","level":"info","event":"Surabaya: 3 rows before cleaning, 3 rows after cleaning, 0 rows removed.","logger":"airflow.task.hooks.airflow.providers.standard.hooks.subprocess.SubprocessHook"}
{"timestamp":"2026-10-06T00:49:24.739201","level":"info","event":"Surabaya: 4 rows before cleaning, 4 rows after cleaning, 0 rows removed.","logger":"airflow.task.hooks.airflow.providers.standard.hooks.subprocess.SubprocessHook"}
{"timestamp":"2026-10-06T00:49:24.739367","level":"info","event":"Surabaya: 4 rows before cleaning, 4 rows after cleaning, 0 rows removed.","logger":"airflow.task.hooks.airflow.providers.standard.hooks.subprocess.SubprocessHook"}
{"timestamp":"2026-10-06T00:49:24.739483","level":"info","event":"Surabaya: 4 rows before cleaning, 4 rows after cleaning, 0 rows removed.","logger":"airflow.task.hooks.airflow.providers.standard.hooks.subprocess.SubprocessHook"}
{"timestamp":"2026-10-06T00:49:24.739594","level":"info","event":"Surabaya: 4 rows before cleaning, 4 rows after cleaning, 0 rows removed.","logger":"airflow.task.hooks.airflow.providers.standard.hooks.subprocess.SubprocessHook"}
{"timestamp":"2026-10-06T00:49:24.739711","level":"info","event":"Surabaya: 1 rows before cleaning, 1 rows after cleaning, 0 rows removed.","logger":"airflow.task.hooks.airflow.providers.standard.hooks.subprocess.SubprocessHook"}
{"timestamp":"2026-10-06T00:49:24.739820","level":"info","event":"Surabaya: 0 rows before cleaning, 0 rows after cleaning, 0 rows removed.","logger":"airflow.task.hooks.airflow.providers.standard.hooks.subprocess.SubprocessHook"}
{"timestamp":"2026-10-06T00:49:24.739926","level":"info","event":"Surabaya: 24 rows before cleaning, 24 rows after cleaning, 0 rows removed.","logger":"airflow.task.hooks.airflow.providers.standard.hooks.subprocess.SubprocessHook"}
{"timestamp":"2026-10-06T00:49:24.740035","level":"info","event":"Bandung: 288 rows before cleaning, 288 rows after cleaning, 0 rows removed.","logger":"airflow.task.hooks.airflow.providers.standard.hooks.subprocess.SubprocessHook"}
{"timestamp":"2026-10-06T00:49:24.740146","level":"info","event":"Bandung: 72 rows before cleaning, 72 rows after cleaning, 0 rows removed.","logger":"airflow.task.hooks.airflow.providers.standard.hooks.subprocess.SubprocessHook"}
{"timestamp":"2026-10-06T00:49:24.740376","level":"info","event":"Bandung: 120 rows before cleaning, 120 rows after cleaning, 0 rows removed.","logger":"airflow.task.hooks.airflow.providers.standard.hooks.subprocess.SubprocessHook"}
{"timestamp":"2026-10-06T00:49:24.740525","level":"info","event":"Bandung: 4 rows before cleaning, 4 rows after cleaning, 0 rows removed.","logger":"airflow.task.hooks.airflow.providers.standard.hooks.subprocess.SubprocessHook"}
{"timestamp":"2026-10-06T00:49:24.740643","level":"info","event":"Bandung: 3 rows before cleaning, 3 rows after cleaning, 0 rows removed.","logger":"airflow.task.hooks.airflow.providers.standard.hooks.subprocess.SubprocessHook"}
{"timestamp":"2026-10-06T00:49:24.740767","level":"info","event":"Bandung: 4 rows before cleaning, 4 rows after cleaning, 0 rows removed.","logger":"airflow.task.hooks.airflow.providers.standard.hooks.subprocess.SubprocessHook"}
{"timestamp":"2026-10-06T00:49:24.740888","level":"info","event":"Bandung: 4 rows before cleaning, 4 rows after cleaning, 0 rows removed.","logger":"airflow.task.hooks.airflow.providers.standard.hooks.subprocess.SubprocessHook"}
{"timestamp":"2026-10-06T00:49:24.741004","level":"info","event":"Bandung: 4 rows before cleaning, 4 rows after cleaning, 0 rows removed.","logger":"airflow.task.hooks.airflow.providers.standard.hooks.subprocess.SubprocessHook"}
{"timestamp":"2026-10-06T00:49:24.741180","level":"info","event":"Bandung: 4 rows before cleaning, 4 rows after cleaning, 0 rows removed.","logger":"airflow.task.hooks.airflow.providers.standard.hooks.subprocess.SubprocessHook"}
{"timestamp":"2026-10-06T00:49:24.741400","level":"info","event":"Bandung: 4 rows before cleaning, 4 rows after cleaning, 0 rows removed.","logger":"airflow.task.hooks.airflow.providers.standard.hooks.subprocess.SubprocessHook"}
{"timestamp":"2026-10-06T00:49:24.741552","level":"info","event":"Bandung: 1 rows before cleaning, 1 rows after cleaning, 0 rows removed.","logger":"airflow.task.hooks.airflow.providers.standard.hooks.subprocess.SubprocessHook"}
{"timestamp":"2026-10-06T00:49:24.741685","level":"info","event":"Bandung: 0 rows before cleaning, 0 rows after cleaning, 0 rows removed.","logger":"airflow.task.hooks.airflow.providers.standard.hooks.subprocess.SubprocessHook"}
{"timestamp":"2026-10-06T00:49:24.751170","level":"info","event":"Bandung: 24 rows before cleaning, 24 rows after cleaning, 0 rows removed.","logger":"airflow.task.hooks.airflow.providers.standard.hooks.subprocess.SubprocessHook"}
{"timestamp":"2026-10-06T00:49:24.751356","level":"info","event":"Jakarta: 288 rows before cleaning, 288 rows after cleaning, 0 rows removed.","logger":"airflow.task.hooks.airflow.providers.standard.hooks.subprocess.SubprocessHook"}
{"timestamp":"2026-10-06T00:49:24.751600","level":"info","event":"Jakarta: 72 rows before cleaning, 72 rows after cleaning, 0 rows removed.","logger":"airflow.task.hooks.airflow.providers.standard.hooks.subprocess.SubprocessHook"}
{"timestamp":"2026-10-06T00:49:24.751767","level":"info","event":"Jakarta: 120 rows before cleaning, 120 rows after cleaning, 0 rows removed.","logger":"airflow.task.hooks.airflow.providers.standard.hooks.subprocess.SubprocessHook"}
{"timestamp":"2026-10-06T00:49:24.751902","level":"info","event":"Jakarta: 4 rows before cleaning, 4 rows after cleaning, 0 rows removed.","logger":"airflow.task.hooks.airflow.providers.standard.hooks.subprocess.SubprocessHook"}
{"timestamp":"2026-10-06T00:49:24.752020","level":"info","event":"Jakarta: 3 rows before cleaning, 3 rows after cleaning, 0 rows removed.","logger":"airflow.task.hooks.airflow.providers.standard.hooks.subprocess.SubprocessHook"}
{"timestamp":"2026-10-06T00:49:24.752124","level":"info","event":"Jakarta: 4 rows before cleaning, 4 rows after cleaning, 0 rows removed.","logger":"airflow.task.hooks.airflow.providers.standard.hooks.subprocess.SubprocessHook"}
{"timestamp":"2026-10-06T00:49:24.752228","level":"info","event":"Jakarta: 4 rows before cleaning, 4 rows after cleaning, 0 rows removed.","logger":"airflow.task.hooks.airflow.providers.standard.hooks.subprocess.SubprocessHook"}
{"timestamp":"2026-10-06T00:49:24.752330","level":"info","event":"Jakarta: 4 rows before cleaning, 4 rows after cleaning, 0 rows removed.","logger":"airflow.task.hooks.airflow.providers.standard.hooks.subprocess.SubprocessHook"}
{"timestamp":"2026-10-06T00:49:24.752431","level":"info","event":"Jakarta: 4 rows before cleaning, 4 rows after cleaning, 0 rows removed.","logger":"airflow.task.hooks.airflow.providers.standard.hooks.subprocess.SubprocessHook"}
{"timestamp":"2026-10-06T00:49:24.752533","level":"info","event":"Jakarta: 4 rows before cleaning, 4 rows after cleaning, 0 rows removed.","logger":"airflow.task.hooks.airflow.providers.standard.hooks.subprocess.SubprocessHook"}
{"timestamp":"2026-10-06T00:49:24.752635","level":"info","event":"Jakarta: 1 rows before cleaning, 1 rows after cleaning, 0 rows removed.","logger":"airflow.task.hooks.airflow.providers.standard.hooks.subprocess.SubprocessHook"}
{"timestamp":"2026-10-06T00:49:24.752739","level":"info","event":"Jakarta: 0 rows before cleaning, 0 rows after cleaning, 0 rows removed.","logger":"airflow.task.hooks.airflow.providers.standard.hooks.subprocess.SubprocessHook"}
{"timestamp":"2026-10-06T00:49:24.752835","level":"info","event":"Jakarta: 24 rows before cleaning, 24 rows after cleaning, 0 rows removed.","logger":"airflow.task.hooks.airflow.providers.standard.hooks.subprocess.SubprocessHook"}
{"timestamp":"2026-10-06T00:49:24.752938","level":"info","event":"Surabaya: 288 rows before cleaning, 288 rows after cleaning, 0 rows removed.","logger":"airflow.task.hooks.airflow.providers.standard.hooks.subprocess.SubprocessHook"}
{"timestamp":"2026-10-06T00:49:24.753043","level":"info","event":"Surabaya: 72 rows before cleaning, 72 rows after cleaning, 0 rows removed.","logger":"airflow.task.hooks.airflow.providers.standard.hooks.subprocess.SubprocessHook"}
{"timestamp":"2026-10-06T00:49:24.753140","level":"info","event":"Surabaya: 120 rows before cleaning, 120 rows after cleaning, 0 rows removed.","logger":"airflow.task.hooks.airflow.providers.standard.hooks.subprocess.SubprocessHook"}
{"timestamp":"2026-10-06T00:49:24.753237","level":"info","event":"Surabaya: 4 rows before cleaning, 4 rows after cleaning, 0 rows removed.","logger":"airflow.task.hooks.airflow.providers.standard.hooks.subprocess.SubprocessHook"}
{"timestamp":"2026-10-06T00:49:24.753340","level":"info","event":"Surabaya: 3 rows before cleaning, 3 rows after cleaning, 0 rows removed.","logger":"airflow.task.hooks.airflow.providers.standard.hooks.subprocess.SubprocessHook"}
{"timestamp":"2026-10-06T00:49:24.753446","level":"info","event":"Surabaya: 4 rows before cleaning, 4 rows after cleaning, 0 rows removed.","logger":"airflow.task.hooks.airflow.providers.standard.hooks.subprocess.SubprocessHook"}
{"timestamp":"2026-10-06T00:49:24.753659","level":"info","event":"Surabaya: 4 rows before cleaning, 4 rows after cleaning, 0 rows removed.","logger":"airflow.task.hooks.airflow.providers.standard.hooks.subprocess.SubprocessHook"}
{"timestamp":"2026-10-06T00:49:24.753798","level":"info","event":"Surabaya: 4 rows before cleaning, 4 rows after cleaning, 0 rows removed.","logger":"airflow.task.hooks.airflow.providers.standard.hooks.subprocess.SubprocessHook"}
{"timestamp":"2026-10-06T00:49:24.753906","level":"info","event":"Surabaya: 4 rows before cleaning, 4 rows after cleaning, 0 rows removed.","logger":"airflow.task.hooks.airflow.providers.standard.hooks.subprocess.SubprocessHook"}
{"timestamp":"2026-10-06T00:49:24.754007","level":"info","event":"Surabaya: 4 rows before cleaning, 4 rows after cleaning, 0 rows removed.","logger":"airflow.task.hooks.airflow.providers.standard.hooks.subprocess.SubprocessHook"}
{"timestamp":"2026-10-06T00:49:24.754110","level":"info","event":"Surabaya: 1 rows before cleaning, 1 rows after cleaning, 0 rows removed.","logger":"airflow.task.hooks.airflow.providers.standard.hooks.subprocess.SubprocessHook"}
{"timestamp":"2026-10-06T00:49:27.126966","level":"info","event":"Surabaya: 0 rows before cleaning, 0 rows after cleaning, 0 rows removed.","logger":"airflow.task.hooks.airflow.providers.standard.hooks.subprocess.SubprocessHook"}
{"timestamp":"2026-10-06T00:49:27.127345","level":"info","event":"Surabaya: 24 rows before cleaning, 24 rows after cleaning, 0 rows removed.","logger":"airflow.task.hooks.airflow.providers.standard.hooks.subprocess.SubprocessHook"}
{"timestamp":"2026-10-06T00:49:27.127538","level":"info","event":"Bandung: 288 rows before cleaning, 288 rows after cleaning, 0 rows removed.","logger":"airflow.task.hooks.airflow.providers.standard.hooks.subprocess.SubprocessHook"}
{"timestamp":"2026-10-06T00:49:27.127692","level":"info","event":"Bandung: 72 rows before cleaning, 72 rows after cleaning, 0 rows removed.","logger":"airflow.task.hooks.airflow.providers.standard.hooks.subprocess.SubprocessHook"}
{"timestamp":"2026-10-06T00:49:27.127913","level":"info","event":"Bandung: 120 rows before cleaning, 120 rows after cleaning, 0 rows removed.","logger":"airflow.task.hooks.airflow.providers.standard.hooks.subprocess.SubprocessHook"}
{"timestamp":"2026-10-06T00:49:27.128114","level":"info","event":"Bandung: 4 rows before cleaning, 4 rows after cleaning, 0 rows removed.","logger":"airflow.task.hooks.airflow.providers.standard.hooks.subprocess.SubprocessHook"}
{"timestamp":"2026-10-06T00:49:27.128268","level":"info","event":"Bandung: 3 rows before cleaning, 3 rows after cleaning, 0 rows removed.","logger":"airflow.task.hooks.airflow.providers.standard.hooks.subprocess.SubprocessHook"}
{"timestamp":"2026-10-06T00:49:27.128519","level":"info","event":"Bandung: 4 rows before cleaning, 4 rows after cleaning, 0 rows removed.","logger":"airflow.task.hooks.airflow.providers.standard.hooks.subprocess.SubprocessHook"}
{"timestamp":"2026-10-06T00:49:27.128744","level":"info","event":"Bandung: 4 rows before cleaning, 4 rows after cleaning, 0 rows removed.","logger":"airflow.task.hooks.airflow.providers.standard.hooks.subprocess.SubprocessHook"}
{"timestamp":"2026-10-06T00:49:27.128884","level":"info","event":"Bandung: 4 rows before cleaning, 4 rows after cleaning, 0 rows removed.","logger":"airflow.task.hooks.airflow.providers.standard.hooks.subprocess.SubprocessHook"}
{"timestamp":"2026-10-06T00:49:27.129087","level":"info","event":"Bandung: 4 rows before cleaning, 4 rows after cleaning, 0 rows removed.","logger":"airflow.task.hooks.airflow.providers.standard.hooks.subprocess.SubprocessHook"}
{"timestamp":"2026-10-06T00:49:27.129239","level":"info","event":"Bandung: 4 rows before cleaning, 4 rows after cleaning, 0 rows removed.","logger":"airflow.task.hooks.airflow.providers.standard.hooks.subprocess.SubprocessHook"}
{"timestamp":"2026-10-06T00:49:27.129371","level":"info","event":"Bandung: 1 rows before cleaning, 1 rows after cleaning, 0 rows removed.","logger":"airflow.task.hooks.airflow.providers.standard.hooks.subprocess.SubprocessHook"}
{"timestamp":"2026-10-06T00:49:27.129490","level":"info","event":"Bandung: 0 rows before cleaning, 0 rows after cleaning, 0 rows removed.","logger":"airflow.task.hooks.airflow.providers.standard.hooks.subprocess.SubprocessHook"}
{"timestamp":"2026-10-06T00:49:27.129615","level":"info","event":"Bandung: 3 rows before cleaning, 3 rows after cleaning, 0 rows removed.","logger":"airflow.task.hooks.airflow.providers.standard.hooks.subprocess.SubprocessHook"}
{"timestamp":"2026-10-06T00:49:27.129730","level":"info","event":"Bandung: 24 rows before cleaning, 24 rows after cleaning, 0 rows removed.","logger":"airflow.task.hooks.airflow.providers.standard.hooks.subprocess.SubprocessHook"}
{"timestamp":"2026-10-06T00:49:27.129954","level":"info","event":"Jakarta: 288 rows before cleaning, 288 rows after cleaning, 0 rows removed.","logger":"airflow.task.hooks.airflow.providers.standard.hooks.subprocess.SubprocessHook"}
{"timestamp":"2026-10-06T00:49:27.130125","level":"info","event":"Jakarta: 72 rows before cleaning, 72 rows after cleaning, 0 rows removed.","logger":"airflow.task.hooks.airflow.providers.standard.hooks.subprocess.SubprocessHook"}
{"timestamp":"2026-10-06T00:49:27.130264","level":"info","event":"Jakarta: 120 rows before cleaning, 120 rows after cleaning, 0 rows removed.","logger":"airflow.task.hooks.airflow.providers.standard.hooks.subprocess.SubprocessHook"}
{"timestamp":"2026-10-06T00:49:27.130463","level":"info","event":"Jakarta: 4 rows before cleaning, 4 rows after cleaning, 0 rows removed.","logger":"airflow.task.hooks.airflow.providers.standard.hooks.subprocess.SubprocessHook"}
{"timestamp":"2026-10-06T00:49:27.130680","level":"info","event":"Jakarta: 3 rows before cleaning, 3 rows after cleaning, 0 rows removed.","logger":"airflow.task.hooks.airflow.providers.standard.hooks.subprocess.SubprocessHook"}
{"timestamp":"2026-10-06T00:49:27.130808","level":"info","event":"Jakarta: 4 rows before cleaning, 4 rows after cleaning, 0 rows removed.","logger":"airflow.task.hooks.airflow.providers.standard.hooks.subprocess.SubprocessHook"}
{"timestamp":"2026-10-06T00:49:27.130920","level":"info","event":"Jakarta: 4 rows before cleaning, 4 rows after cleaning, 0 rows removed.","logger":"airflow.task.hooks.airflow.providers.standard.hooks.subprocess.SubprocessHook"}
{"timestamp":"2026-10-06T00:49:27.131026","level":"info","event":"Jakarta: 4 rows before cleaning, 4 rows after cleaning, 0 rows removed.","logger":"airflow.task.hooks.airflow.providers.standard.hooks.subprocess.SubprocessHook"}
{"timestamp":"2026-10-06T00:49:27.131130","level":"info","event":"Jakarta: 4 rows before cleaning, 4 rows after cleaning, 0 rows removed.","logger":"airflow.task.hooks.airflow.providers.standard.hooks.subprocess.SubprocessHook"}
{"timestamp":"2026-10-06T00:49:27.131312","level":"info","event":"Jakarta: 4 rows before cleaning, 4 rows after cleaning, 0 rows removed.","logger":"airflow.task.hooks.airflow.providers.standard.hooks.subprocess.SubprocessHook"}
{"timestamp":"2026-10-06T00:49:27.131474","level":"info","event":"Jakarta: 1 rows before cleaning, 1 rows after cleaning, 0 rows removed.","logger":"airflow.task.hooks.airflow.providers.standard.hooks.subprocess.SubprocessHook"}
{"timestamp":"2026-10-06T00:49:27.131600","level":"info","event":"Jakarta: 0 rows before cleaning, 0 rows after cleaning, 0 rows removed.","logger":"airflow.task.hooks.airflow.providers.standard.hooks.subprocess.SubprocessHook"}
{"timestamp":"2026-10-06T00:49:27.131717","level":"info","event":"Jakarta: 3 rows before cleaning, 3 rows after cleaning, 0 rows removed.","logger":"airflow.task.hooks.airflow.providers.standard.hooks.subprocess.SubprocessHook"}
{"timestamp":"2026-10-06T00:49:27.131833","level":"info","event":"Jakarta: 24 rows before cleaning, 24 rows after cleaning, 0 rows removed.","logger":"airflow.task.hooks.airflow.providers.standard.hooks.subprocess.SubprocessHook"}
{"timestamp":"2026-10-06T00:49:27.131950","level":"info","event":"Surabaya: 288 rows before cleaning, 288 rows after cleaning, 0 rows removed.","logger":"airflow.task.hooks.airflow.providers.standard.hooks.subprocess.SubprocessHook"}
{"timestamp":"2026-10-06T00:49:27.132065","level":"info","event":"Surabaya: 72 rows before cleaning, 72 rows after cleaning, 0 rows removed.","logger":"airflow.task.hooks.airflow.providers.standard.hooks.subprocess.SubprocessHook"}
{"timestamp":"2026-10-06T00:49:27.132177","level":"info","event":"Surabaya: 120 rows before cleaning, 120 rows after cleaning, 0 rows removed.","logger":"airflow.task.hooks.airflow.providers.standard.hooks.subprocess.SubprocessHook"}
{"timestamp":"2026-10-06T00:49:27.132283","level":"info","event":"Surabaya: 4 rows before cleaning, 4 rows after cleaning, 0 rows removed.","logger":"airflow.task.hooks.airflow.providers.standard.hooks.subprocess.SubprocessHook"}
{"timestamp":"2026-10-06T00:49:27.132389","level":"info","event":"Surabaya: 3 rows before cleaning, 3 rows after cleaning, 0 rows removed.","logger":"airflow.task.hooks.airflow.providers.standard.hooks.subprocess.SubprocessHook"}
{"timestamp":"2026-10-06T00:49:27.132634","level":"info","event":"Surabaya: 4 rows before cleaning, 4 rows after cleaning, 0 rows removed.","logger":"airflow.task.hooks.airflow.providers.standard.hooks.subprocess.SubprocessHook"}
{"timestamp":"2026-10-06T00:49:27.132774","level":"info","event":"Surabaya: 4 rows before cleaning, 4 rows after cleaning, 0 rows removed.","logger":"airflow.task.hooks.airflow.providers.standard.hooks.subprocess.SubprocessHook"}
{"timestamp":"2026-10-06T00:49:27.132899","level":"info","event":"Surabaya: 4 rows before cleaning, 4 rows after cleaning, 0 rows removed.","logger":"airflow.task.hooks.airflow.providers.standard.hooks.subprocess.SubprocessHook"}
{"timestamp":"2026-10-06T00:49:27.133017","level":"info","event":"Surabaya: 4 rows before cleaning, 4 rows after cleaning, 0 rows removed.","logger":"airflow.task.hooks.airflow.providers.standard.hooks.subprocess.SubprocessHook"}
{"timestamp":"2026-10-06T00:49:27.133129","level":"info","event":"Surabaya: 4 rows before cleaning, 4 rows after cleaning, 0 rows removed.","logger":"airflow.task.hooks.airflow.providers.standard.hooks.subprocess.SubprocessHook"}
{"timestamp":"2026-10-06T00:49:27.133243","level":"info","event":"Surabaya: 1 rows before cleaning, 1 rows after cleaning, 0 rows removed.","logger":"airflow.task.hooks.airflow.providers.standard.hooks.subprocess.SubprocessHook"}
{"timestamp":"2026-10-06T00:49:27.133361","level":"info","event":"Surabaya: 0 rows before cleaning, 0 rows after cleaning, 0 rows removed.","logger":"airflow.task.hooks.airflow.providers.standard.hooks.subprocess.SubprocessHook"}
{"timestamp":"2026-10-06T00:49:27.133480","level":"info","event":"Surabaya: 3 rows before cleaning, 3 rows after cleaning, 0 rows removed.","logger":"airflow.task.hooks.airflow.providers.standard.hooks.subprocess.SubprocessHook"}
{"timestamp":"2026-10-06T00:49:27.133601","level":"info","event":"Surabaya: 24 rows before cleaning, 24 rows after cleaning, 0 rows removed.","logger":"airflow.task.hooks.airflow.providers.standard.hooks.subprocess.SubprocessHook"}
{"timestamp":"2026-10-06T00:49:27.133719","level":"info","event":"Bandung: 288 rows before cleaning, 288 rows after cleaning, 0 rows removed.","logger":"airflow.task.hooks.airflow.providers.standard.hooks.subprocess.SubprocessHook"}
{"timestamp":"2026-10-06T00:49:27.133828","level":"info","event":"Bandung: 72 rows before cleaning, 72 rows after cleaning, 0 rows removed.","logger":"airflow.task.hooks.airflow.providers.standard.hooks.subprocess.SubprocessHook"}
{"timestamp":"2026-10-06T00:49:27.133937","level":"info","event":"Bandung: 120 rows before cleaning, 120 rows after cleaning, 0 rows removed.","logger":"airflow.task.hooks.airflow.providers.standard.hooks.subprocess.SubprocessHook"}
{"timestamp":"2026-10-06T00:49:27.134047","level":"info","event":"Bandung: 4 rows before cleaning, 4 rows after cleaning, 0 rows removed.","logger":"airflow.task.hooks.airflow.providers.standard.hooks.subprocess.SubprocessHook"}
{"timestamp":"2026-10-06T00:49:27.134151","level":"info","event":"Bandung: 3 rows before cleaning, 3 rows after cleaning, 0 rows removed.","logger":"airflow.task.hooks.airflow.providers.standard.hooks.subprocess.SubprocessHook"}
{"timestamp":"2026-10-06T00:49:27.134250","level":"info","event":"Bandung: 4 rows before cleaning, 4 rows after cleaning, 0 rows removed.","logger":"airflow.task.hooks.airflow.providers.standard.hooks.subprocess.SubprocessHook"}
{"timestamp":"2026-10-06T00:49:27.134354","level":"info","event":"Bandung: 4 rows before cleaning, 4 rows after cleaning, 0 rows removed.","logger":"airflow.task.hooks.airflow.providers.standard.hooks.subprocess.SubprocessHook"}
{"timestamp":"2026-10-06T00:49:27.134465","level":"info","event":"Bandung: 4 rows before cleaning, 4 rows after cleaning, 0 rows removed.","logger":"airflow.task.hooks.airflow.providers.standard.hooks.subprocess.SubprocessHook"}
{"timestamp":"2026-10-06T00:49:27.134767","level":"info","event":"Bandung: 4 rows before cleaning, 4 rows after cleaning, 0 rows removed.","logger":"airflow.task.hooks.airflow.providers.standard.hooks.subprocess.SubprocessHook"}
{"timestamp":"2026-10-06T00:49:27.134919","level":"info","event":"Bandung: 4 rows before cleaning, 4 rows after cleaning, 0 rows removed.","logger":"airflow.task.hooks.airflow.providers.standard.hooks.subprocess.SubprocessHook"}
{"timestamp":"2026-10-06T00:49:27.135058","level":"info","event":"Bandung: 1 rows before cleaning, 1 rows after cleaning, 0 rows removed.","logger":"airflow.task.hooks.airflow.providers.standard.hooks.subprocess.SubprocessHook"}
{"timestamp":"2026-10-06T00:49:27.135171","level":"info","event":"Bandung: 0 rows before cleaning, 0 rows after cleaning, 0 rows removed.","logger":"airflow.task.hooks.airflow.providers.standard.hooks.subprocess.SubprocessHook"}
{"timestamp":"2026-10-06T00:49:27.135282","level":"info","event":"Bandung: 3 rows before cleaning, 3 rows after cleaning, 0 rows removed.","logger":"airflow.task.hooks.airflow.providers.standard.hooks.subprocess.SubprocessHook"}
{"timestamp":"2026-10-06T00:49:27.135404","level":"info","event":"Bandung: 4 rows before cleaning, 4 rows after cleaning, 0 rows removed.","logger":"airflow.task.hooks.airflow.providers.standard.hooks.subprocess.SubprocessHook"}
{"timestamp":"2026-10-06T00:49:27.135512","level":"info","event":"Bandung: 24 rows before cleaning, 24 rows after cleaning, 0 rows removed.","logger":"airflow.task.hooks.airflow.providers.standard.hooks.subprocess.SubprocessHook"}
{"timestamp":"2026-10-06T00:49:27.135617","level":"info","event":"Jakarta: 288 rows before cleaning, 288 rows after cleaning, 0 rows removed.","logger":"airflow.task.hooks.airflow.providers.standard.hooks.subprocess.SubprocessHook"}
{"timestamp":"2026-10-06T00:49:27.135734","level":"info","event":"Jakarta: 72 rows before cleaning, 72 rows after cleaning, 0 rows removed.","logger":"airflow.task.hooks.airflow.providers.standard.hooks.subprocess.SubprocessHook"}
{"timestamp":"2026-10-06T00:49:27.135850","level":"info","event":"Jakarta: 120 rows before cleaning, 120 rows after cleaning, 0 rows removed.","logger":"airflow.task.hooks.airflow.providers.standard.hooks.subprocess.SubprocessHook"}
{"timestamp":"2026-10-06T00:49:27.135958","level":"info","event":"Jakarta: 4 rows before cleaning, 4 rows after cleaning, 0 rows removed.","logger":"airflow.task.hooks.airflow.providers.standard.hooks.subprocess.SubprocessHook"}
{"timestamp":"2026-10-06T00:49:27.136070","level":"info","event":"Jakarta: 3 rows before cleaning, 3 rows after cleaning, 0 rows removed.","logger":"airflow.task.hooks.airflow.providers.standard.hooks.subprocess.SubprocessHook"}
{"timestamp":"2026-10-06T00:49:27.136259","level":"info","event":"Jakarta: 4 rows before cleaning, 4 rows after cleaning, 0 rows removed.","logger":"airflow.task.hooks.airflow.providers.standard.hooks.subprocess.SubprocessHook"}
{"timestamp":"2026-10-06T00:49:27.136397","level":"info","event":"Jakarta: 4 rows before cleaning, 4 rows after cleaning, 0 rows removed.","logger":"airflow.task.hooks.airflow.providers.standard.hooks.subprocess.SubprocessHook"}
{"timestamp":"2026-10-06T00:49:27.136507","level":"info","event":"Jakarta: 4 rows before cleaning, 4 rows after cleaning, 0 rows removed.","logger":"airflow.task.hooks.airflow.providers.standard.hooks.subprocess.SubprocessHook"}
{"timestamp":"2026-10-06T00:49:27.136700","level":"info","event":"Jakarta: 4 rows before cleaning, 4 rows after cleaning, 0 rows removed.","logger":"airflow.task.hooks.airflow.providers.standard.hooks.subprocess.SubprocessHook"}
{"timestamp":"2026-10-06T00:49:27.136831","level":"info","event":"Jakarta: 4 rows before cleaning, 4 rows after cleaning, 0 rows removed.","logger":"airflow.task.hooks.airflow.providers.standard.hooks.subprocess.SubprocessHook"}
{"timestamp":"2026-10-06T00:49:27.136940","level":"info","event":"Jakarta: 1 rows before cleaning, 1 rows after cleaning, 0 rows removed.","logger":"airflow.task.hooks.airflow.providers.standard.hooks.subprocess.SubprocessHook"}
{"timestamp":"2026-10-06T00:49:27.137041","level":"info","event":"Jakarta: 0 rows before cleaning, 0 rows after cleaning, 0 rows removed.","logger":"airflow.task.hooks.airflow.providers.standard.hooks.subprocess.SubprocessHook"}
{"timestamp":"2026-10-06T00:49:27.137137","level":"info","event":"Jakarta: 3 rows before cleaning, 3 rows after cleaning, 0 rows removed.","logger":"airflow.task.hooks.airflow.providers.standard.hooks.subprocess.SubprocessHook"}
{"timestamp":"2026-10-06T00:49:27.137235","level":"info","event":"Jakarta: 4 rows before cleaning, 4 rows after cleaning, 0 rows removed.","logger":"airflow.task.hooks.airflow.providers.standard.hooks.subprocess.SubprocessHook"}
{"timestamp":"2026-10-06T00:49:27.137336","level":"info","event":"Jakarta: 24 rows before cleaning, 24 rows after cleaning, 0 rows removed.","logger":"airflow.task.hooks.airflow.providers.standard.hooks.subprocess.SubprocessHook"}
{"timestamp":"2026-10-06T00:49:27.137436","level":"info","event":"Surabaya: 288 rows before cleaning, 288 rows after cleaning, 0 rows removed.","logger":"airflow.task.hooks.airflow.providers.standard.hooks.subprocess.SubprocessHook"}
{"timestamp":"2026-10-06T00:49:27.146230","level":"info","event":"Surabaya: 72 rows before cleaning, 72 rows after cleaning, 0 rows removed.","logger":"airflow.task.hooks.airflow.providers.standard.hooks.subprocess.SubprocessHook"}
{"timestamp":"2026-10-06T00:49:27.146662","level":"info","event":"Surabaya: 120 rows before cleaning, 120 rows after cleaning, 0 rows removed.","logger":"airflow.task.hooks.airflow.providers.standard.hooks.subprocess.SubprocessHook"}
{"timestamp":"2026-10-06T00:49:27.146836","level":"info","event":"Surabaya: 4 rows before cleaning, 4 rows after cleaning, 0 rows removed.","logger":"airflow.task.hooks.airflow.providers.standard.hooks.subprocess.SubprocessHook"}
{"timestamp":"2026-10-06T00:49:27.146937","level":"info","event":"Surabaya: 3 rows before cleaning, 3 rows after cleaning, 0 rows removed.","logger":"airflow.task.hooks.airflow.providers.standard.hooks.subprocess.SubprocessHook"}
{"timestamp":"2026-10-06T00:49:27.147020","level":"info","event":"Surabaya: 4 rows before cleaning, 4 rows after cleaning, 0 rows removed.","logger":"airflow.task.hooks.airflow.providers.standard.hooks.subprocess.SubprocessHook"}
{"timestamp":"2026-10-06T00:49:27.147102","level":"info","event":"Surabaya: 4 rows before cleaning, 4 rows after cleaning, 0 rows removed.","logger":"airflow.task.hooks.airflow.providers.standard.hooks.subprocess.SubprocessHook"}
{"timestamp":"2026-10-06T00:49:27.147180","level":"info","event":"Surabaya: 4 rows before cleaning, 4 rows after cleaning, 0 rows removed.","logger":"airflow.task.hooks.airflow.providers.standard.hooks.subprocess.SubprocessHook"}
{"timestamp":"2026-10-06T00:49:27.147257","level":"info","event":"Surabaya: 4 rows before cleaning, 4 rows after cleaning, 0 rows removed.","logger":"airflow.task.hooks.airflow.providers.standard.hooks.subprocess.SubprocessHook"}
{"timestamp":"2026-10-06T00:49:27.147334","level":"info","event":"Surabaya: 4 rows before cleaning, 4 rows after cleaning, 0 rows removed.","logger":"airflow.task.hooks.airflow.providers.standard.hooks.subprocess.SubprocessHook"}
{"timestamp":"2026-10-06T00:49:27.147409","level":"info","event":"Surabaya: 1 rows before cleaning, 1 rows after cleaning, 0 rows removed.","logger":"airflow.task.hooks.airflow.providers.standard.hooks.subprocess.SubprocessHook"}
{"timestamp":"2026-10-06T00:49:27.147484","level":"info","event":"Surabaya: 0 rows before cleaning, 0 rows after cleaning, 0 rows removed.","logger":"airflow.task.hooks.airflow.providers.standard.hooks.subprocess.SubprocessHook"}
{"timestamp":"2026-10-06T00:49:27.147558","level":"info","event":"Surabaya: 3 rows before cleaning, 3 rows after cleaning, 0 rows removed.","logger":"airflow.task.hooks.airflow.providers.standard.hooks.subprocess.SubprocessHook"}
{"timestamp":"2026-10-06T00:49:27.147633","level":"info","event":"Surabaya: 4 rows before cleaning, 4 rows after cleaning, 0 rows removed.","logger":"airflow.task.hooks.airflow.providers.standard.hooks.subprocess.SubprocessHook"}
{"timestamp":"2026-10-06T00:49:27.147813","level":"info","event":"Surabaya: 24 rows before cleaning, 24 rows after cleaning, 0 rows removed.","logger":"airflow.task.hooks.airflow.providers.standard.hooks.subprocess.SubprocessHook"}
{"timestamp":"2026-10-06T00:49:27.147922","level":"info","event":"Bandung: 288 rows before cleaning, 288 rows after cleaning, 0 rows removed.","logger":"airflow.task.hooks.airflow.providers.standard.hooks.subprocess.SubprocessHook"}
{"timestamp":"2026-10-06T00:49:27.148016","level":"info","event":"Bandung: 72 rows before cleaning, 72 rows after cleaning, 0 rows removed.","logger":"airflow.task.hooks.airflow.providers.standard.hooks.subprocess.SubprocessHook"}
{"timestamp":"2026-10-06T00:49:27.148104","level":"info","event":"Bandung: 120 rows before cleaning, 120 rows after cleaning, 0 rows removed.","logger":"airflow.task.hooks.airflow.providers.standard.hooks.subprocess.SubprocessHook"}
{"timestamp":"2026-10-06T00:49:27.148186","level":"info","event":"Bandung: 4 rows before cleaning, 4 rows after cleaning, 0 rows removed.","logger":"airflow.task.hooks.airflow.providers.standard.hooks.subprocess.SubprocessHook"}
{"timestamp":"2026-10-06T00:49:27.148264","level":"info","event":"Bandung: 3 rows before cleaning, 3 rows after cleaning, 0 rows removed.","logger":"airflow.task.hooks.airflow.providers.standard.hooks.subprocess.SubprocessHook"}
{"timestamp":"2026-10-06T00:49:27.148399","level":"info","event":"Bandung: 4 rows before cleaning, 4 rows after cleaning, 0 rows removed.","logger":"airflow.task.hooks.airflow.providers.standard.hooks.subprocess.SubprocessHook"}
{"timestamp":"2026-10-06T00:49:27.148589","level":"info","event":"Bandung: 4 rows before cleaning, 4 rows after cleaning, 0 rows removed.","logger":"airflow.task.hooks.airflow.providers.standard.hooks.subprocess.SubprocessHook"}
{"timestamp":"2026-10-06T00:49:27.148720","level":"info","event":"Bandung: 4 rows before cleaning, 4 rows after cleaning, 0 rows removed.","logger":"airflow.task.hooks.airflow.providers.standard.hooks.subprocess.SubprocessHook"}
{"timestamp":"2026-10-06T00:49:27.148817","level":"info","event":"Bandung: 4 rows before cleaning, 4 rows after cleaning, 0 rows removed.","logger":"airflow.task.hooks.airflow.providers.standard.hooks.subprocess.SubprocessHook"}
{"timestamp":"2026-10-06T00:49:27.148916","level":"info","event":"Bandung: 4 rows before cleaning, 4 rows after cleaning, 0 rows removed.","logger":"airflow.task.hooks.airflow.providers.standard.hooks.subprocess.SubprocessHook"}
{"timestamp":"2026-10-06T00:49:27.149006","level":"info","event":"Bandung: 1 rows before cleaning, 1 rows after cleaning, 0 rows removed.","logger":"airflow.task.hooks.airflow.providers.standard.hooks.subprocess.SubprocessHook"}
{"timestamp":"2026-10-06T00:49:27.149094","level":"info","event":"Bandung: 0 rows before cleaning, 0 rows after cleaning, 0 rows removed.","logger":"airflow.task.hooks.airflow.providers.standard.hooks.subprocess.SubprocessHook"}
{"timestamp":"2026-10-06T00:49:27.149175","level":"info","event":"Bandung: 3 rows before cleaning, 3 rows after cleaning, 0 rows removed.","logger":"airflow.task.hooks.airflow.providers.standard.hooks.subprocess.SubprocessHook"}
{"timestamp":"2026-10-06T00:49:27.149254","level":"info","event":"Bandung: 4 rows before cleaning, 4 rows after cleaning, 0 rows removed.","logger":"airflow.task.hooks.airflow.providers.standard.hooks.subprocess.SubprocessHook"}
{"timestamp":"2026-10-06T00:49:27.149327","level":"info","event":"Bandung: 1 rows before cleaning, 1 rows after cleaning, 0 rows removed.","logger":"airflow.task.hooks.airflow.providers.standard.hooks.subprocess.SubprocessHook"}
{"timestamp":"2026-10-06T00:49:27.149403","level":"info","event":"Bandung: 24 rows before cleaning, 24 rows after cleaning, 0 rows removed.","logger":"airflow.task.hooks.airflow.providers.standard.hooks.subprocess.SubprocessHook"}
{"timestamp":"2026-10-06T00:49:27.149477","level":"info","event":"Jakarta: 288 rows before cleaning, 288 rows after cleaning, 0 rows removed.","logger":"airflow.task.hooks.airflow.providers.standard.hooks.subprocess.SubprocessHook"}
{"timestamp":"2026-10-06T00:49:27.149547","level":"info","event":"Jakarta: 72 rows before cleaning, 72 rows after cleaning, 0 rows removed.","logger":"airflow.task.hooks.airflow.providers.standard.hooks.subprocess.SubprocessHook"}
{"timestamp":"2026-10-06T00:49:27.149613","level":"info","event":"Jakarta: 120 rows before cleaning, 120 rows after cleaning, 0 rows removed.","logger":"airflow.task.hooks.airflow.providers.standard.hooks.subprocess.SubprocessHook"}
{"timestamp":"2026-10-06T00:49:27.149688","level":"info","event":"Jakarta: 4 rows before cleaning, 4 rows after cleaning, 0 rows removed.","logger":"airflow.task.hooks.airflow.providers.standard.hooks.subprocess.SubprocessHook"}
{"timestamp":"2026-10-06T00:49:27.149927","level":"info","event":"Jakarta: 3 rows before cleaning, 3 rows after cleaning, 0 rows removed.","logger":"airflow.task.hooks.airflow.providers.standard.hooks.subprocess.SubprocessHook"}
{"timestamp":"2026-10-06T00:49:27.150054","level":"info","event":"Jakarta: 4 rows before cleaning, 4 rows after cleaning, 0 rows removed.","logger":"airflow.task.hooks.airflow.providers.standard.hooks.subprocess.SubprocessHook"}
{"timestamp":"2026-10-06T00:49:27.150148","level":"info","event":"Jakarta: 4 rows before cleaning, 4 rows after cleaning, 0 rows removed.","logger":"airflow.task.hooks.airflow.providers.standard.hooks.subprocess.SubprocessHook"}
{"timestamp":"2026-10-06T00:49:27.150233","level":"info","event":"Jakarta: 4 rows before cleaning, 4 rows after cleaning, 0 rows removed.","logger":"airflow.task.hooks.airflow.providers.standard.hooks.subprocess.SubprocessHook"}
{"timestamp":"2026-10-06T00:49:29.471724","level":"info","event":"Jakarta: 4 rows before cleaning, 4 rows after cleaning, 0 rows removed.","logger":"airflow.task.hooks.airflow.providers.standard.hooks.subprocess.SubprocessHook"}
{"timestamp":"2026-10-06T00:49:29.472148","level":"info","event":"Jakarta: 4 rows before cleaning, 4 rows after cleaning, 0 rows removed.","logger":"airflow.task.hooks.airflow.providers.standard.hooks.subprocess.SubprocessHook"}
{"timestamp":"2026-10-06T00:49:29.472337","level":"info","event":"Jakarta: 1 rows before cleaning, 1 rows after cleaning, 0 rows removed.","logger":"airflow.task.hooks.airflow.providers.standard.hooks.subprocess.SubprocessHook"}
{"timestamp":"2026-10-06T00:49:29.472485","level":"info","event":"Jakarta: 0 rows before cleaning, 0 rows after cleaning, 0 rows removed.","logger":"airflow.task.hooks.airflow.providers.standard.hooks.subprocess.SubprocessHook"}
{"timestamp":"2026-10-06T00:49:29.472729","level":"info","event":"Jakarta: 3 rows before cleaning, 3 rows after cleaning, 0 rows removed.","logger":"airflow.task.hooks.airflow.providers.standard.hooks.subprocess.SubprocessHook"}
{"timestamp":"2026-10-06T00:49:29.473076","level":"info","event":"Jakarta: 4 rows before cleaning, 4 rows after cleaning, 0 rows removed.","logger":"airflow.task.hooks.airflow.providers.standard.hooks.subprocess.SubprocessHook"}
{"timestamp":"2026-10-06T00:49:29.473348","level":"info","event":"Jakarta: 1 rows before cleaning, 1 rows after cleaning, 0 rows removed.","logger":"airflow.task.hooks.airflow.providers.standard.hooks.subprocess.SubprocessHook"}
{"timestamp":"2026-10-06T00:49:29.473532","level":"info","event":"Jakarta: 24 rows before cleaning, 24 rows after cleaning, 0 rows removed.","logger":"airflow.task.hooks.airflow.providers.standard.hooks.subprocess.SubprocessHook"}
{"timestamp":"2026-10-06T00:49:29.473687","level":"info","event":"Surabaya: 288 rows before cleaning, 288 rows after cleaning, 0 rows removed.","logger":"airflow.task.hooks.airflow.providers.standard.hooks.subprocess.SubprocessHook"}
{"timestamp":"2026-10-06T00:49:29.474024","level":"info","event":"Surabaya: 72 rows before cleaning, 72 rows after cleaning, 0 rows removed.","logger":"airflow.task.hooks.airflow.providers.standard.hooks.subprocess.SubprocessHook"}
{"timestamp":"2026-10-06T00:49:29.474293","level":"info","event":"Surabaya: 120 rows before cleaning, 120 rows after cleaning, 0 rows removed.","logger":"airflow.task.hooks.airflow.providers.standard.hooks.subprocess.SubprocessHook"}
{"timestamp":"2026-10-06T00:49:29.474799","level":"info","event":"Surabaya: 4 rows before cleaning, 4 rows after cleaning, 0 rows removed.","logger":"airflow.task.hooks.airflow.providers.standard.hooks.subprocess.SubprocessHook"}
{"timestamp":"2026-10-06T00:49:29.475259","level":"info","event":"Surabaya: 3 rows before cleaning, 3 rows after cleaning, 0 rows removed.","logger":"airflow.task.hooks.airflow.providers.standard.hooks.subprocess.SubprocessHook"}
{"timestamp":"2026-10-06T00:49:29.475423","level":"info","event":"Surabaya: 4 rows before cleaning, 4 rows after cleaning, 0 rows removed.","logger":"airflow.task.hooks.airflow.providers.standard.hooks.subprocess.SubprocessHook"}
{"timestamp":"2026-10-06T00:49:29.475552","level":"info","event":"Surabaya: 4 rows before cleaning, 4 rows after cleaning, 0 rows removed.","logger":"airflow.task.hooks.airflow.providers.standard.hooks.subprocess.SubprocessHook"}
{"timestamp":"2026-10-06T00:49:29.475695","level":"info","event":"Surabaya: 4 rows before cleaning, 4 rows after cleaning, 0 rows removed.","logger":"airflow.task.hooks.airflow.providers.standard.hooks.subprocess.SubprocessHook"}
{"timestamp":"2026-10-06T00:49:29.475844","level":"info","event":"Surabaya: 4 rows before cleaning, 4 rows after cleaning, 0 rows removed.","logger":"airflow.task.hooks.airflow.providers.standard.hooks.subprocess.SubprocessHook"}
{"timestamp":"2026-10-06T00:49:29.476220","level":"info","event":"Surabaya: 4 rows before cleaning, 4 rows after cleaning, 0 rows removed.","logger":"airflow.task.hooks.airflow.providers.standard.hooks.subprocess.SubprocessHook"}
{"timestamp":"2026-10-06T00:49:29.476481","level":"info","event":"Surabaya: 1 rows before cleaning, 1 rows after cleaning, 0 rows removed.","logger":"airflow.task.hooks.airflow.providers.standard.hooks.subprocess.SubprocessHook"}
{"timestamp":"2026-10-06T00:49:29.476730","level":"info","event":"Surabaya: 0 rows before cleaning, 0 rows after cleaning, 0 rows removed.","logger":"airflow.task.hooks.airflow.providers.standard.hooks.subprocess.SubprocessHook"}
{"timestamp":"2026-10-06T00:49:29.476900","level":"info","event":"Surabaya: 3 rows before cleaning, 3 rows after cleaning, 0 rows removed.","logger":"airflow.task.hooks.airflow.providers.standard.hooks.subprocess.SubprocessHook"}
{"timestamp":"2026-10-06T00:49:29.477044","level":"info","event":"Surabaya: 4 rows before cleaning, 4 rows after cleaning, 0 rows removed.","logger":"airflow.task.hooks.airflow.providers.standard.hooks.subprocess.SubprocessHook"}
{"timestamp":"2026-10-06T00:49:29.477161","level":"info","event":"Surabaya: 1 rows before cleaning, 1 rows after cleaning, 0 rows removed.","logger":"airflow.task.hooks.airflow.providers.standard.hooks.subprocess.SubprocessHook"}
{"timestamp":"2026-10-06T00:49:29.477394","level":"info","event":"Surabaya: 24 rows before cleaning, 24 rows after cleaning, 0 rows removed.","logger":"airflow.task.hooks.airflow.providers.standard.hooks.subprocess.SubprocessHook"}
{"timestamp":"2026-10-06T00:49:29.477560","level":"info","event":"Bandung: 288 rows before cleaning, 288 rows after cleaning, 0 rows removed.","logger":"airflow.task.hooks.airflow.providers.standard.hooks.subprocess.SubprocessHook"}
{"timestamp":"2026-10-06T00:49:29.477702","level":"info","event":"Bandung: 72 rows before cleaning, 72 rows after cleaning, 0 rows removed.","logger":"airflow.task.hooks.airflow.providers.standard.hooks.subprocess.SubprocessHook"}
{"timestamp":"2026-10-06T00:49:29.477826","level":"info","event":"Bandung: 120 rows before cleaning, 120 rows after cleaning, 0 rows removed.","logger":"airflow.task.hooks.airflow.providers.standard.hooks.subprocess.SubprocessHook"}
{"timestamp":"2026-10-06T00:49:29.477961","level":"info","event":"Bandung: 4 rows before cleaning, 4 rows after cleaning, 0 rows removed.","logger":"airflow.task.hooks.airflow.providers.standard.hooks.subprocess.SubprocessHook"}
{"timestamp":"2026-10-06T00:49:29.478210","level":"info","event":"Bandung: 3 rows before cleaning, 3 rows after cleaning, 0 rows removed.","logger":"airflow.task.hooks.airflow.providers.standard.hooks.subprocess.SubprocessHook"}
{"timestamp":"2026-10-06T00:49:29.478340","level":"info","event":"Bandung: 4 rows before cleaning, 4 rows after cleaning, 0 rows removed.","logger":"airflow.task.hooks.airflow.providers.standard.hooks.subprocess.SubprocessHook"}
{"timestamp":"2026-10-06T00:49:29.478456","level":"info","event":"Bandung: 4 rows before cleaning, 4 rows after cleaning, 0 rows removed.","logger":"airflow.task.hooks.airflow.providers.standard.hooks.subprocess.SubprocessHook"}
{"timestamp":"2026-10-06T00:49:29.478679","level":"info","event":"Bandung: 4 rows before cleaning, 4 rows after cleaning, 0 rows removed.","logger":"airflow.task.hooks.airflow.providers.standard.hooks.subprocess.SubprocessHook"}
{"timestamp":"2026-10-06T00:49:29.478833","level":"info","event":"Bandung: 4 rows before cleaning, 4 rows after cleaning, 0 rows removed.","logger":"airflow.task.hooks.airflow.providers.standard.hooks.subprocess.SubprocessHook"}
{"timestamp":"2026-10-06T00:49:29.478971","level":"info","event":"Bandung: 4 rows before cleaning, 4 rows after cleaning, 0 rows removed.","logger":"airflow.task.hooks.airflow.providers.standard.hooks.subprocess.SubprocessHook"}
{"timestamp":"2026-10-06T00:49:29.479091","level":"info","event":"Bandung: 1 rows before cleaning, 1 rows after cleaning, 0 rows removed.","logger":"airflow.task.hooks.airflow.providers.standard.hooks.subprocess.SubprocessHook"}
{"timestamp":"2026-10-06T00:49:29.479210","level":"info","event":"Bandung: 0 rows before cleaning, 0 rows after cleaning, 0 rows removed.","logger":"airflow.task.hooks.airflow.providers.standard.hooks.subprocess.SubprocessHook"}
{"timestamp":"2026-10-06T00:49:29.479329","level":"info","event":"Bandung: 3 rows before cleaning, 3 rows after cleaning, 0 rows removed.","logger":"airflow.task.hooks.airflow.providers.standard.hooks.subprocess.SubprocessHook"}
{"timestamp":"2026-10-06T00:49:29.479446","level":"info","event":"Bandung: 3 rows before cleaning, 3 rows after cleaning, 0 rows removed.","logger":"airflow.task.hooks.airflow.providers.standard.hooks.subprocess.SubprocessHook"}
{"timestamp":"2026-10-06T00:49:29.479565","level":"info","event":"Bandung: 4 rows before cleaning, 4 rows after cleaning, 0 rows removed.","logger":"airflow.task.hooks.airflow.providers.standard.hooks.subprocess.SubprocessHook"}
{"timestamp":"2026-10-06T00:49:29.479686","level":"info","event":"Bandung: 1 rows before cleaning, 1 rows after cleaning, 0 rows removed.","logger":"airflow.task.hooks.airflow.providers.standard.hooks.subprocess.SubprocessHook"}
{"timestamp":"2026-10-06T00:49:29.479809","level":"info","event":"Bandung: 24 rows before cleaning, 24 rows after cleaning, 0 rows removed.","logger":"airflow.task.hooks.airflow.providers.standard.hooks.subprocess.SubprocessHook"}
{"timestamp":"2026-10-06T00:49:29.479929","level":"info","event":"Jakarta: 288 rows before cleaning, 288 rows after cleaning, 0 rows removed.","logger":"airflow.task.hooks.airflow.providers.standard.hooks.subprocess.SubprocessHook"}
{"timestamp":"2026-10-06T00:49:29.480182","level":"info","event":"Jakarta: 72 rows before cleaning, 72 rows after cleaning, 0 rows removed.","logger":"airflow.task.hooks.airflow.providers.standard.hooks.subprocess.SubprocessHook"}
{"timestamp":"2026-10-06T00:49:29.480374","level":"info","event":"Jakarta: 120 rows before cleaning, 120 rows after cleaning, 0 rows removed.","logger":"airflow.task.hooks.airflow.providers.standard.hooks.subprocess.SubprocessHook"}
{"timestamp":"2026-10-06T00:49:29.480519","level":"info","event":"Jakarta: 4 rows before cleaning, 4 rows after cleaning, 0 rows removed.","logger":"airflow.task.hooks.airflow.providers.standard.hooks.subprocess.SubprocessHook"}
{"timestamp":"2026-10-06T00:49:29.480632","level":"info","event":"Jakarta: 3 rows before cleaning, 3 rows after cleaning, 0 rows removed.","logger":"airflow.task.hooks.airflow.providers.standard.hooks.subprocess.SubprocessHook"}
{"timestamp":"2026-10-06T00:49:29.480744","level":"info","event":"Jakarta: 4 rows before cleaning, 4 rows after cleaning, 0 rows removed.","logger":"airflow.task.hooks.airflow.providers.standard.hooks.subprocess.SubprocessHook"}
{"timestamp":"2026-10-06T00:49:29.481081","level":"info","event":"Jakarta: 4 rows before cleaning, 4 rows after cleaning, 0 rows removed.","logger":"airflow.task.hooks.airflow.providers.standard.hooks.subprocess.SubprocessHook"}
{"timestamp":"2026-10-06T00:49:29.481249","level":"info","event":"Jakarta: 4 rows before cleaning, 4 rows after cleaning, 0 rows removed.","logger":"airflow.task.hooks.airflow.providers.standard.hooks.subprocess.SubprocessHook"}
{"timestamp":"2026-10-06T00:49:29.481376","level":"info","event":"Jakarta: 4 rows before cleaning, 4 rows after cleaning, 0 rows removed.","logger":"airflow.task.hooks.airflow.providers.standard.hooks.subprocess.SubprocessHook"}
{"timestamp":"2026-10-06T00:49:29.481491","level":"info","event":"Jakarta: 4 rows before cleaning, 4 rows after cleaning, 0 rows removed.","logger":"airflow.task.hooks.airflow.providers.standard.hooks.subprocess.SubprocessHook"}
{"timestamp":"2026-10-06T00:49:29.481609","level":"info","event":"Jakarta: 1 rows before cleaning, 1 rows after cleaning, 0 rows removed.","logger":"airflow.task.hooks.airflow.providers.standard.hooks.subprocess.SubprocessHook"}
{"timestamp":"2026-10-06T00:49:29.481741","level":"info","event":"Jakarta: 0 rows before cleaning, 0 rows after cleaning, 0 rows removed.","logger":"airflow.task.hooks.airflow.providers.standard.hooks.subprocess.SubprocessHook"}
{"timestamp":"2026-10-06T00:49:29.481859","level":"info","event":"Jakarta: 3 rows before cleaning, 3 rows after cleaning, 0 rows removed.","logger":"airflow.task.hooks.airflow.providers.standard.hooks.subprocess.SubprocessHook"}
{"timestamp":"2026-10-06T00:49:29.481975","level":"info","event":"Jakarta: 3 rows before cleaning, 3 rows after cleaning, 0 rows removed.","logger":"airflow.task.hooks.airflow.providers.standard.hooks.subprocess.SubprocessHook"}
{"timestamp":"2026-10-06T00:49:29.482098","level":"info","event":"Jakarta: 4 rows before cleaning, 4 rows after cleaning, 0 rows removed.","logger":"airflow.task.hooks.airflow.providers.standard.hooks.subprocess.SubprocessHook"}
{"timestamp":"2026-10-06T00:49:29.482371","level":"info","event":"Jakarta: 1 rows before cleaning, 1 rows after cleaning, 0 rows removed.","logger":"airflow.task.hooks.airflow.providers.standard.hooks.subprocess.SubprocessHook"}
{"timestamp":"2026-10-06T00:49:29.482634","level":"info","event":"Jakarta: 24 rows before cleaning, 24 rows after cleaning, 0 rows removed.","logger":"airflow.task.hooks.airflow.providers.standard.hooks.subprocess.SubprocessHook"}
{"timestamp":"2026-10-06T00:49:29.482792","level":"info","event":"Surabaya: 288 rows before cleaning, 288 rows after cleaning, 0 rows removed.","logger":"airflow.task.hooks.airflow.providers.standard.hooks.subprocess.SubprocessHook"}
{"timestamp":"2026-10-06T00:49:29.482920","level":"info","event":"Surabaya: 72 rows before cleaning, 72 rows after cleaning, 0 rows removed.","logger":"airflow.task.hooks.airflow.providers.standard.hooks.subprocess.SubprocessHook"}
{"timestamp":"2026-10-06T00:49:29.483042","level":"info","event":"Surabaya: 120 rows before cleaning, 120 rows after cleaning, 0 rows removed.","logger":"airflow.task.hooks.airflow.providers.standard.hooks.subprocess.SubprocessHook"}
{"timestamp":"2026-10-06T00:49:29.483163","level":"info","event":"Surabaya: 4 rows before cleaning, 4 rows after cleaning, 0 rows removed.","logger":"airflow.task.hooks.airflow.providers.standard.hooks.subprocess.SubprocessHook"}
{"timestamp":"2026-10-06T00:49:29.483281","level":"info","event":"Surabaya: 3 rows before cleaning, 3 rows after cleaning, 0 rows removed.","logger":"airflow.task.hooks.airflow.providers.standard.hooks.subprocess.SubprocessHook"}
{"timestamp":"2026-10-06T00:49:29.483587","level":"info","event":"Surabaya: 4 rows before cleaning, 4 rows after cleaning, 0 rows removed.","logger":"airflow.task.hooks.airflow.providers.standard.hooks.subprocess.SubprocessHook"}
{"timestamp":"2026-10-06T00:49:29.483845","level":"info","event":"Surabaya: 4 rows before cleaning, 4 rows after cleaning, 0 rows removed.","logger":"airflow.task.hooks.airflow.providers.standard.hooks.subprocess.SubprocessHook"}
{"timestamp":"2026-10-06T00:49:29.484143","level":"info","event":"Surabaya: 4 rows before cleaning, 4 rows after cleaning, 0 rows removed.","logger":"airflow.task.hooks.airflow.providers.standard.hooks.subprocess.SubprocessHook"}
{"timestamp":"2026-10-06T00:49:29.484719","level":"info","event":"Surabaya: 4 rows before cleaning, 4 rows after cleaning, 0 rows removed.","logger":"airflow.task.hooks.airflow.providers.standard.hooks.subprocess.SubprocessHook"}
{"timestamp":"2026-10-06T00:49:29.484996","level":"info","event":"Surabaya: 4 rows before cleaning, 4 rows after cleaning, 0 rows removed.","logger":"airflow.task.hooks.airflow.providers.standard.hooks.subprocess.SubprocessHook"}
{"timestamp":"2026-10-06T00:49:29.485283","level":"info","event":"Surabaya: 1 rows before cleaning, 1 rows after cleaning, 0 rows removed.","logger":"airflow.task.hooks.airflow.providers.standard.hooks.subprocess.SubprocessHook"}
{"timestamp":"2026-10-06T00:49:29.485591","level":"info","event":"Surabaya: 0 rows before cleaning, 0 rows after cleaning, 0 rows removed.","logger":"airflow.task.hooks.airflow.providers.standard.hooks.subprocess.SubprocessHook"}
{"timestamp":"2026-10-06T00:49:29.485760","level":"info","event":"Surabaya: 3 rows before cleaning, 3 rows after cleaning, 0 rows removed.","logger":"airflow.task.hooks.airflow.providers.standard.hooks.subprocess.SubprocessHook"}
{"timestamp":"2026-10-06T00:49:29.485877","level":"info","event":"Surabaya: 3 rows before cleaning, 3 rows after cleaning, 0 rows removed.","logger":"airflow.task.hooks.airflow.providers.standard.hooks.subprocess.SubprocessHook"}
{"timestamp":"2026-10-06T00:49:29.485975","level":"info","event":"Surabaya: 4 rows before cleaning, 4 rows after cleaning, 0 rows removed.","logger":"airflow.task.hooks.airflow.providers.standard.hooks.subprocess.SubprocessHook"}
{"timestamp":"2026-10-06T00:49:29.486073","level":"info","event":"Surabaya: 1 rows before cleaning, 1 rows after cleaning, 0 rows removed.","logger":"airflow.task.hooks.airflow.providers.standard.hooks.subprocess.SubprocessHook"}
{"timestamp":"2026-10-06T00:49:29.486171","level":"info","event":"Surabaya: 24 rows before cleaning, 24 rows after cleaning, 0 rows removed.","logger":"airflow.task.hooks.airflow.providers.standard.hooks.subprocess.SubprocessHook"}
{"timestamp":"2026-10-06T00:49:29.486269","level":"info","event":"Bandung: 288 rows before cleaning, 288 rows after cleaning, 0 rows removed.","logger":"airflow.task.hooks.airflow.providers.standard.hooks.subprocess.SubprocessHook"}
{"timestamp":"2026-10-06T00:49:29.486357","level":"info","event":"Bandung: 72 rows before cleaning, 72 rows after cleaning, 0 rows removed.","logger":"airflow.task.hooks.airflow.providers.standard.hooks.subprocess.SubprocessHook"}
{"timestamp":"2026-10-06T00:49:29.486443","level":"info","event":"Bandung: 120 rows before cleaning, 120 rows after cleaning, 0 rows removed.","logger":"airflow.task.hooks.airflow.providers.standard.hooks.subprocess.SubprocessHook"}
{"timestamp":"2026-10-06T00:49:29.486590","level":"info","event":"Bandung: 4 rows before cleaning, 4 rows after cleaning, 0 rows removed.","logger":"airflow.task.hooks.airflow.providers.standard.hooks.subprocess.SubprocessHook"}
{"timestamp":"2026-10-06T00:49:29.486692","level":"info","event":"Bandung: 3 rows before cleaning, 3 rows after cleaning, 0 rows removed.","logger":"airflow.task.hooks.airflow.providers.standard.hooks.subprocess.SubprocessHook"}
{"timestamp":"2026-10-06T00:49:29.486775","level":"info","event":"Bandung: 4 rows before cleaning, 4 rows after cleaning, 0 rows removed.","logger":"airflow.task.hooks.airflow.providers.standard.hooks.subprocess.SubprocessHook"}
{"timestamp":"2026-10-06T00:49:29.486982","level":"info","event":"Bandung: 4 rows before cleaning, 4 rows after cleaning, 0 rows removed.","logger":"airflow.task.hooks.airflow.providers.standard.hooks.subprocess.SubprocessHook"}
{"timestamp":"2026-10-06T00:49:29.487175","level":"info","event":"Bandung: 4 rows before cleaning, 4 rows after cleaning, 0 rows removed.","logger":"airflow.task.hooks.airflow.providers.standard.hooks.subprocess.SubprocessHook"}
{"timestamp":"2026-10-06T00:49:29.487619","level":"info","event":"Bandung: 4 rows before cleaning, 4 rows after cleaning, 0 rows removed.","logger":"airflow.task.hooks.airflow.providers.standard.hooks.subprocess.SubprocessHook"}
{"timestamp":"2026-10-06T00:49:29.487950","level":"info","event":"Bandung: 4 rows before cleaning, 4 rows after cleaning, 0 rows removed.","logger":"airflow.task.hooks.airflow.providers.standard.hooks.subprocess.SubprocessHook"}
{"timestamp":"2026-10-06T00:49:29.488116","level":"info","event":"Bandung: 1 rows before cleaning, 1 rows after cleaning, 0 rows removed.","logger":"airflow.task.hooks.airflow.providers.standard.hooks.subprocess.SubprocessHook"}
{"timestamp":"2026-10-06T00:49:29.488735","level":"info","event":"Bandung: 0 rows before cleaning, 0 rows after cleaning, 0 rows removed.","logger":"airflow.task.hooks.airflow.providers.standard.hooks.subprocess.SubprocessHook"}
{"timestamp":"2026-10-06T00:49:29.492895","level":"info","event":"Bandung: 3 rows before cleaning, 3 rows after cleaning, 0 rows removed.","logger":"airflow.task.hooks.airflow.providers.standard.hooks.subprocess.SubprocessHook"}
{"timestamp":"2026-10-06T00:49:29.493209","level":"info","event":"Bandung: 3 rows before cleaning, 3 rows after cleaning, 0 rows removed.","logger":"airflow.task.hooks.airflow.providers.standard.hooks.subprocess.SubprocessHook"}
{"timestamp":"2026-10-06T00:49:29.493402","level":"info","event":"Bandung: 4 rows before cleaning, 4 rows after cleaning, 0 rows removed.","logger":"airflow.task.hooks.airflow.providers.standard.hooks.subprocess.SubprocessHook"}
{"timestamp":"2026-10-06T00:49:29.493593","level":"info","event":"Bandung: 1 rows before cleaning, 1 rows after cleaning, 0 rows removed.","logger":"airflow.task.hooks.airflow.providers.standard.hooks.subprocess.SubprocessHook"}
{"timestamp":"2026-10-06T00:49:29.493919","level":"info","event":"Bandung: 24 rows before cleaning, 24 rows after cleaning, 0 rows removed.","logger":"airflow.task.hooks.airflow.providers.standard.hooks.subprocess.SubprocessHook"}
{"timestamp":"2026-10-06T00:49:29.494114","level":"info","event":"Bandung: 3 rows before cleaning, 3 rows after cleaning, 0 rows removed.","logger":"airflow.task.hooks.airflow.providers.standard.hooks.subprocess.SubprocessHook"}
{"timestamp":"2026-10-06T00:49:29.494280","level":"info","event":"Jakarta: 288 rows before cleaning, 288 rows after cleaning, 0 rows removed.","logger":"airflow.task.hooks.airflow.providers.standard.hooks.subprocess.SubprocessHook"}
{"timestamp":"2026-10-06T00:49:29.494429","level":"info","event":"Jakarta: 72 rows before cleaning, 72 rows after cleaning, 0 rows removed.","logger":"airflow.task.hooks.airflow.providers.standard.hooks.subprocess.SubprocessHook"}
{"timestamp":"2026-10-06T00:49:29.494637","level":"info","event":"Jakarta: 120 rows before cleaning, 120 rows after cleaning, 0 rows removed.","logger":"airflow.task.hooks.airflow.providers.standard.hooks.subprocess.SubprocessHook"}
{"timestamp":"2026-10-06T00:49:29.494771","level":"info","event":"Jakarta: 4 rows before cleaning, 4 rows after cleaning, 0 rows removed.","logger":"airflow.task.hooks.airflow.providers.standard.hooks.subprocess.SubprocessHook"}
{"timestamp":"2026-10-06T00:49:29.494898","level":"info","event":"Jakarta: 3 rows before cleaning, 3 rows after cleaning, 0 rows removed.","logger":"airflow.task.hooks.airflow.providers.standard.hooks.subprocess.SubprocessHook"}
{"timestamp":"2026-10-06T00:49:29.495020","level":"info","event":"Jakarta: 4 rows before cleaning, 4 rows after cleaning, 0 rows removed.","logger":"airflow.task.hooks.airflow.providers.standard.hooks.subprocess.SubprocessHook"}
{"timestamp":"2026-10-06T00:49:29.495144","level":"info","event":"Jakarta: 4 rows before cleaning, 4 rows after cleaning, 0 rows removed.","logger":"airflow.task.hooks.airflow.providers.standard.hooks.subprocess.SubprocessHook"}
{"timestamp":"2026-10-06T00:49:29.495263","level":"info","event":"Jakarta: 4 rows before cleaning, 4 rows after cleaning, 0 rows removed.","logger":"airflow.task.hooks.airflow.providers.standard.hooks.subprocess.SubprocessHook"}
{"timestamp":"2026-10-06T00:49:29.495378","level":"info","event":"Jakarta: 4 rows before cleaning, 4 rows after cleaning, 0 rows removed.","logger":"airflow.task.hooks.airflow.providers.standard.hooks.subprocess.SubprocessHook"}
{"timestamp":"2026-10-06T00:49:29.495488","level":"info","event":"Jakarta: 4 rows before cleaning, 4 rows after cleaning, 0 rows removed.","logger":"airflow.task.hooks.airflow.providers.standard.hooks.subprocess.SubprocessHook"}
{"timestamp":"2026-10-06T00:49:29.495596","level":"info","event":"Jakarta: 1 rows before cleaning, 1 rows after cleaning, 0 rows removed.","logger":"airflow.task.hooks.airflow.providers.standard.hooks.subprocess.SubprocessHook"}
{"timestamp":"2026-10-06T00:49:29.495697","level":"info","event":"Jakarta: 0 rows before cleaning, 0 rows after cleaning, 0 rows removed.","logger":"airflow.task.hooks.airflow.providers.standard.hooks.subprocess.SubprocessHook"}
{"timestamp":"2026-10-06T00:49:29.495904","level":"info","event":"Jakarta: 3 rows before cleaning, 3 rows after cleaning, 0 rows removed.","logger":"airflow.task.hooks.airflow.providers.standard.hooks.subprocess.SubprocessHook"}
{"timestamp":"2026-10-06T00:49:29.496058","level":"info","event":"Jakarta: 3 rows before cleaning, 3 rows after cleaning, 0 rows removed.","logger":"airflow.task.hooks.airflow.providers.standard.hooks.subprocess.SubprocessHook"}
{"timestamp":"2026-10-06T00:49:29.496183","level":"info","event":"Jakarta: 4 rows before cleaning, 4 rows after cleaning, 0 rows removed.","logger":"airflow.task.hooks.airflow.providers.standard.hooks.subprocess.SubprocessHook"}
{"timestamp":"2026-10-06T00:49:29.496294","level":"info","event":"Jakarta: 1 rows before cleaning, 1 rows after cleaning, 0 rows removed.","logger":"airflow.task.hooks.airflow.providers.standard.hooks.subprocess.SubprocessHook"}
{"timestamp":"2026-10-06T00:49:29.496491","level":"info","event":"Jakarta: 24 rows before cleaning, 24 rows after cleaning, 0 rows removed.","logger":"airflow.task.hooks.airflow.providers.standard.hooks.subprocess.SubprocessHook"}
{"timestamp":"2026-10-06T00:49:29.496710","level":"info","event":"Jakarta: 3 rows before cleaning, 3 rows after cleaning, 0 rows removed.","logger":"airflow.task.hooks.airflow.providers.standard.hooks.subprocess.SubprocessHook"}
{"timestamp":"2026-10-06T00:49:29.496863","level":"info","event":"Surabaya: 288 rows before cleaning, 288 rows after cleaning, 0 rows removed.","logger":"airflow.task.hooks.airflow.providers.standard.hooks.subprocess.SubprocessHook"}
{"timestamp":"2026-10-06T00:49:29.496980","level":"info","event":"Surabaya: 72 rows before cleaning, 72 rows after cleaning, 0 rows removed.","logger":"airflow.task.hooks.airflow.providers.standard.hooks.subprocess.SubprocessHook"}
{"timestamp":"2026-10-06T00:50:41.108110","level":"info","event":"Surabaya: 120 rows before cleaning, 120 rows after cleaning, 0 rows removed.","logger":"airflow.task.hooks.airflow.providers.standard.hooks.subprocess.SubprocessHook"}
{"timestamp":"2026-10-06T00:50:41.109670","level":"info","event":"Surabaya: 4 rows before cleaning, 4 rows after cleaning, 0 rows removed.","logger":"airflow.task.hooks.airflow.providers.standard.hooks.subprocess.SubprocessHook"}
{"timestamp":"2026-10-06T00:50:41.109968","level":"info","event":"Surabaya: 3 rows before cleaning, 3 rows after cleaning, 0 rows removed.","logger":"airflow.task.hooks.airflow.providers.standard.hooks.subprocess.SubprocessHook"}
{"timestamp":"2026-10-06T00:50:41.110128","level":"info","event":"Surabaya: 4 rows before cleaning, 4 rows after cleaning, 0 rows removed.","logger":"airflow.task.hooks.airflow.providers.standard.hooks.subprocess.SubprocessHook"}
{"timestamp":"2026-10-06T00:50:41.110331","level":"info","event":"Surabaya: 4 rows before cleaning, 4 rows after cleaning, 0 rows removed.","logger":"airflow.task.hooks.airflow.providers.standard.hooks.subprocess.SubprocessHook"}
{"timestamp":"2026-10-06T00:50:41.110471","level":"info","event":"Surabaya: 4 rows before cleaning, 4 rows after cleaning, 0 rows removed.","logger":"airflow.task.hooks.airflow.providers.standard.hooks.subprocess.SubprocessHook"}
{"timestamp":"2026-10-06T00:50:41.110606","level":"info","event":"Surabaya: 4 rows before cleaning, 4 rows after cleaning, 0 rows removed.","logger":"airflow.task.hooks.airflow.providers.standard.hooks.subprocess.SubprocessHook"}
{"timestamp":"2026-10-06T00:50:41.110736","level":"info","event":"Surabaya: 4 rows before cleaning, 4 rows after cleaning, 0 rows removed.","logger":"airflow.task.hooks.airflow.providers.standard.hooks.subprocess.SubprocessHook"}
{"timestamp":"2026-10-06T00:50:41.110856","level":"info","event":"Surabaya: 1 rows before cleaning, 1 rows after cleaning, 0 rows removed.","logger":"airflow.task.hooks.airflow.providers.standard.hooks.subprocess.SubprocessHook"}
{"timestamp":"2026-10-06T00:50:41.110976","level":"info","event":"Surabaya: 0 rows before cleaning, 0 rows after cleaning, 0 rows removed.","logger":"airflow.task.hooks.airflow.providers.standard.hooks.subprocess.SubprocessHook"}
{"timestamp":"2026-10-06T00:50:41.111154","level":"info","event":"Surabaya: 3 rows before cleaning, 3 rows after cleaning, 0 rows removed.","logger":"airflow.task.hooks.airflow.providers.standard.hooks.subprocess.SubprocessHook"}
{"timestamp":"2026-10-06T00:50:41.111292","level":"info","event":"Surabaya: 3 rows before cleaning, 3 rows after cleaning, 0 rows removed.","logger":"airflow.task.hooks.airflow.providers.standard.hooks.subprocess.SubprocessHook"}
{"timestamp":"2026-10-06T00:50:41.111414","level":"info","event":"Surabaya: 4 rows before cleaning, 4 rows after cleaning, 0 rows removed.","logger":"airflow.task.hooks.airflow.providers.standard.hooks.subprocess.SubprocessHook"}
{"timestamp":"2026-10-06T00:50:41.111525","level":"info","event":"Surabaya: 1 rows before cleaning, 1 rows after cleaning, 0 rows removed.","logger":"airflow.task.hooks.airflow.providers.standard.hooks.subprocess.SubprocessHook"}
{"timestamp":"2026-10-06T00:50:41.111634","level":"info","event":"Surabaya: 24 rows before cleaning, 24 rows after cleaning, 0 rows removed.","logger":"airflow.task.hooks.airflow.providers.standard.hooks.subprocess.SubprocessHook"}
{"timestamp":"2026-10-06T00:50:41.111742","level":"info","event":"Surabaya: 3 rows before cleaning, 3 rows after cleaning, 0 rows removed.","logger":"airflow.task.hooks.airflow.providers.standard.hooks.subprocess.SubprocessHook"}
{"timestamp":"2026-10-06T00:50:41.111847","level":"info","event":"","logger":"airflow.task.hooks.airflow.providers.standard.hooks.subprocess.SubprocessHook"}
{"timestamp":"2026-10-06T00:50:41.112077","level":"info","event":"Total rows after cleaning: 22137","logger":"airflow.task.hooks.airflow.providers.standard.hooks.subprocess.SubprocessHook"}
{"timestamp":"2026-10-06T00:50:41.112215","level":"info","event":"","logger":"airflow.task.hooks.airflow.providers.standard.hooks.subprocess.SubprocessHook"}
{"timestamp":"2026-10-06T00:50:41.112335","level":"info","event":"RAW → STAGING completed.","logger":"airflow.task.hooks.airflow.providers.standard.hooks.subprocess.SubprocessHook"}
{"timestamp":"2026-10-06T00:50:41.112980","level":"info","event":"","logger":"airflow.task.hooks.airflow.providers.standard.hooks.subprocess.SubprocessHook"}
{"timestamp":"2026-10-06T00:50:41.113226","level":"info","event":"Total staging rows processed:","logger":"airflow.task.hooks.airflow.providers.standard.hooks.subprocess.SubprocessHook"}
{"timestamp":"2026-10-06T00:50:41.113401","level":"info","event":"22137","logger":"airflow.task.hooks.airflow.providers.standard.hooks.subprocess.SubprocessHook"}
{"timestamp":"2026-10-06T00:50:41.113749","level":"info","event":"","logger":"airflow.task.hooks.airflow.providers.standard.hooks.subprocess.SubprocessHook"}
{"timestamp":"2026-10-06T00:50:41.114060","level":"info","event":"MART dim_city loaded.","logger":"airflow.task.hooks.airflow.providers.standard.hooks.subprocess.SubprocessHook"}
{"timestamp":"2026-10-06T00:50:41.114353","level":"info","event":"","logger":"airflow.task.hooks.airflow.providers.standard.hooks.subprocess.SubprocessHook"}
{"timestamp":"2026-10-06T00:50:41.114506","level":"info","event":"MART dim_date loaded.","logger":"airflow.task.hooks.airflow.providers.standard.hooks.subprocess.SubprocessHook"}
{"timestamp":"2026-10-06T00:50:41.114619","level":"info","event":"","logger":"airflow.task.hooks.airflow.providers.standard.hooks.subprocess.SubprocessHook"}
{"timestamp":"2026-10-06T00:50:41.114729","level":"info","event":"MART fact_weather loaded.","logger":"airflow.task.hooks.airflow.providers.standard.hooks.subprocess.SubprocessHook"}
{"timestamp":"2026-10-06T00:50:41.114833","level":"info","event":"","logger":"airflow.task.hooks.airflow.providers.standard.hooks.subprocess.SubprocessHook"}
{"timestamp":"2026-10-06T00:50:41.114937","level":"info","event":"RAW → STAGING → MART completed successfully.","logger":"airflow.task.hooks.airflow.providers.standard.hooks.subprocess.SubprocessHook"}
{"timestamp":"2026-10-06T00:50:41.613210","level":"info","event":"Command exited with return code 0","logger":"airflow.task.hooks.airflow.providers.standard.hooks.subprocess.SubprocessHook"}
{"timestamp":"2026-10-06T00:50:41.627873","level":"info","event":"Pushing xcom","ti":"RuntimeTaskInstance(id=UUID('01a10eaf-1ede-7b0b-92cc-6839e8c4f8ef'), task_id='transform_load', dag_id='weather_pipeline', run_id='scheduled__2026-10-05T20:00:00+00:00', try_number=1, map_index=-1, hostname='c98161626874', context_carrier=None, task=<Task(BashOperator): transform_load>, bundle_instance=LocalDagBundle(name=dags-folder), max_tries=2, start_date=datetime.datetime(2026, 10, 6, 0, 49, 6, 781563, tzinfo=datetime.timezone.utc), end_date=None, state=<TaskInstanceState.RUNNING: 'running'>, is_mapped=False, rendered_map_index=None, log_url='http://localhost:8080/dags/weather_pipeline/runs/scheduled__2026-10-05T20%3A00%3A00%2B00%3A00/tasks/transform_load?try_number=1')","logger":"task"}
{"timestamp":"2026-10-06T00:50:44.797201","level":"info","event":"OpenLineageClient will use `http` transport","logger":"openlineage.client.client"}
{"timestamp":"2026-10-06T00:50:51.093132","level":"warning","event":"OpenLineage process with pid `344` expired and will be terminated by listener. This has no impact on actual task execution status.","logger":"airflow.providers.openlineage.plugins.listener"}
{"timestamp":"2026-10-06T00:50:51.303157","level":"info","event":"Successfully emitted OpenLineage `COMPLETE` event of id `01a10da6-d600-7b6e-b568-6ad2f71f987a`","logger":"airflow.providers.openlineage.plugins.adapter.OpenLineageAdapter"}
