{"timestamp":"2026-10-06T02:00:16.235231","level":"info","event":"DAG bundles loaded: dags-folder","logger":"airflow.dag_processing.bundles.manager.DagBundlesManager"}
{"timestamp":"2026-10-06T02:00:16.238184","level":"info","event":"Filling up the DagBag from /opt/airflow/dags/weather_pipeline.py","logger":"airflow.models.dagbag.DagBag"}
{"timestamp":"2026-10-06T02:00:16.571103","level":"warning","event":"This process (pid=392) is multi-threaded, use of fork() may lead to deadlocks in the child.","category":"DeprecationWarning","filename":"/home/airflow/.local/lib/python3.12/site-packages/airflow/providers/openlineage/plugins/listener.py","lineno":768,"logger":"py.warnings"}
{"timestamp":"2026-10-06T02:00:17.794386","level":"info","event":"OpenLineageClient will use `http` transport","logger":"openlineage.client.client"}
{"timestamp":"2026-10-06T02:00:21.419628","level":"info","event":"Successfully emitted OpenLineage `START` event of id `01a10e4b-a180-7b65-9c8f-256ac6d14c78`","logger":"airflow.providers.openlineage.plugins.adapter.OpenLineageAdapter"}
{"timestamp":"2026-10-06T02:00:21.455711","level":"info","event":"Tmp dir root location: /tmp","logger":"airflow.task.hooks.airflow.providers.standard.hooks.subprocess.SubprocessHook"}
{"timestamp":"2026-10-06T02:00:21.456759","level":"info","event":"Running command: ['/usr/bin/bash', '-c', 'python /opt/airflow/src/transform_load.py']","logger":"airflow.task.hooks.airflow.providers.standard.hooks.subprocess.SubprocessHook"}
{"timestamp":"2026-10-06T02:00:21.466837","level":"info","event":"Output:","logger":"airflow.task.hooks.airflow.providers.standard.hooks.subprocess.SubprocessHook"}
{"timestamp":"2026-10-06T02:00:23.688673","level":"info","event":"Starting transformation and loading...","logger":"airflow.task.hooks.airflow.providers.standard.hooks.subprocess.SubprocessHook"}
{"timestamp":"2026-10-06T02:00:23.689047","level":"info","event":"Processing file: /opt/airflow/raw/bandung_2026-09-20_2026-10-01_2026-10-05_12-08-36.json","logger":"airflow.task.hooks.airflow.providers.standard.hooks.subprocess.SubprocessHook"}
{"timestamp":"2026-10-06T02:00:23.689223","level":"info","event":"Bandung: Raw data loaded into PostgreSQL.","logger":"airflow.task.hooks.airflow.providers.standard.hooks.subprocess.SubprocessHook"}
{"timestamp":"2026-10-06T02:00:23.689335","level":"info","event":"Processing file: /opt/airflow/raw/bandung_2026-10-01_2026-10-03_2026-10-05_12-24-24.json","logger":"airflow.task.hooks.airflow.providers.standard.hooks.subprocess.SubprocessHook"}
{"timestamp":"2026-10-06T02:00:23.689422","level":"info","event":"Bandung: Raw data loaded into PostgreSQL.","logger":"airflow.task.hooks.airflow.providers.standard.hooks.subprocess.SubprocessHook"}
{"timestamp":"2026-10-06T02:00:23.689629","level":"info","event":"Processing file: /opt/airflow/raw/bandung_2026-10-01_2026-10-05_2026-10-05_12-06-04.json","logger":"airflow.task.hooks.airflow.providers.standard.hooks.subprocess.SubprocessHook"}
{"timestamp":"2026-10-06T02:00:23.689713","level":"info","event":"Bandung: Raw data loaded into PostgreSQL.","logger":"airflow.task.hooks.airflow.providers.standard.hooks.subprocess.SubprocessHook"}
{"timestamp":"2026-10-06T02:00:23.689814","level":"info","event":"Processing file: /opt/airflow/raw/bandung_2026-10-05T12-00_2026-10-05T15-00_2026-10-05_14-43-08.json","logger":"airflow.task.hooks.airflow.providers.standard.hooks.subprocess.SubprocessHook"}
{"timestamp":"2026-10-06T02:00:23.690090","level":"info","event":"Bandung: Raw data loaded into PostgreSQL.","logger":"airflow.task.hooks.airflow.providers.standard.hooks.subprocess.SubprocessHook"}
{"timestamp":"2026-10-06T02:00:23.690237","level":"info","event":"Processing file: /opt/airflow/raw/bandung_2026-10-05T12-00_2026-10-05T15-00_2026-10-05_14-45-57.json","logger":"airflow.task.hooks.airflow.providers.standard.hooks.subprocess.SubprocessHook"}
{"timestamp":"2026-10-06T02:00:23.690326","level":"info","event":"Bandung: Raw data loaded into PostgreSQL.","logger":"airflow.task.hooks.airflow.providers.standard.hooks.subprocess.SubprocessHook"}
{"timestamp":"2026-10-06T02:00:23.690376","level":"info","event":"Processing file: /opt/airflow/raw/bandung_2026-10-05T13-26_2026-10-05T16-26_2026-10-05_16-27-05.json","logger":"airflow.task.hooks.airflow.providers.standard.hooks.subprocess.SubprocessHook"}
{"timestamp":"2026-10-06T02:00:23.690418","level":"info","event":"Bandung: Raw data loaded into PostgreSQL.","logger":"airflow.task.hooks.airflow.providers.standard.hooks.subprocess.SubprocessHook"}
{"timestamp":"2026-10-06T02:00:23.690454","level":"info","event":"Processing file: /opt/airflow/raw/bandung_2026-10-05T13-41_2026-10-05T16-41_2026-10-05_16-41-48.json","logger":"airflow.task.hooks.airflow.providers.standard.hooks.subprocess.SubprocessHook"}
{"timestamp":"2026-10-06T02:00:23.690490","level":"info","event":"Bandung: Raw data loaded into PostgreSQL.","logger":"airflow.task.hooks.airflow.providers.standard.hooks.subprocess.SubprocessHook"}
{"timestamp":"2026-10-06T02:00:23.690525","level":"info","event":"Processing file: /opt/airflow/raw/bandung_2026-10-05T13-48_2026-10-05T16-48_2026-10-05_16-48-24.json","logger":"airflow.task.hooks.airflow.providers.standard.hooks.subprocess.SubprocessHook"}
{"timestamp":"2026-10-06T02:00:23.690559","level":"info","event":"Bandung: Raw data loaded into PostgreSQL.","logger":"airflow.task.hooks.airflow.providers.standard.hooks.subprocess.SubprocessHook"}
{"timestamp":"2026-10-06T02:00:23.690595","level":"info","event":"Processing file: /opt/airflow/raw/bandung_2026-10-05T13-53_2026-10-05T16-53_2026-10-05_16-53-34.json","logger":"airflow.task.hooks.airflow.providers.standard.hooks.subprocess.SubprocessHook"}
{"timestamp":"2026-10-06T02:00:23.690715","level":"info","event":"Bandung: Raw data loaded into PostgreSQL.","logger":"airflow.task.hooks.airflow.providers.standard.hooks.subprocess.SubprocessHook"}
{"timestamp":"2026-10-06T02:00:23.690761","level":"info","event":"Processing file: /opt/airflow/raw/bandung_2026-10-05T14-03_2026-10-05T17-03_2026-10-05_17-03-27.json","logger":"airflow.task.hooks.airflow.providers.standard.hooks.subprocess.SubprocessHook"}
{"timestamp":"2026-10-06T02:00:23.690951","level":"info","event":"Bandung: Raw data loaded into PostgreSQL.","logger":"airflow.task.hooks.airflow.providers.standard.hooks.subprocess.SubprocessHook"}
{"timestamp":"2026-10-06T02:00:23.691099","level":"info","event":"Processing file: /opt/airflow/raw/bandung_2026-10-05T14-49_2026-10-05T14-49_2026-10-05_14-49-28.json","logger":"airflow.task.hooks.airflow.providers.standard.hooks.subprocess.SubprocessHook"}
{"timestamp":"2026-10-06T02:00:23.691212","level":"info","event":"Bandung: Raw data loaded into PostgreSQL.","logger":"airflow.task.hooks.airflow.providers.standard.hooks.subprocess.SubprocessHook"}
{"timestamp":"2026-10-06T02:00:23.691308","level":"info","event":"Processing file: /opt/airflow/raw/bandung_2026-10-05T15-00_2026-10-05T15-00_2026-10-05_15-00-07.json","logger":"airflow.task.hooks.airflow.providers.standard.hooks.subprocess.SubprocessHook"}
{"timestamp":"2026-10-06T02:00:23.691416","level":"info","event":"Bandung: Raw data loaded into PostgreSQL.","logger":"airflow.task.hooks.airflow.providers.standard.hooks.subprocess.SubprocessHook"}
{"timestamp":"2026-10-06T02:00:23.691515","level":"info","event":"Processing file: /opt/airflow/raw/bandung_2026-10-05T15-00_2026-10-05T18-00_2026-10-05_18-00-10.json","logger":"airflow.task.hooks.airflow.providers.standard.hooks.subprocess.SubprocessHook"}
{"timestamp":"2026-10-06T02:00:23.691572","level":"info","event":"Bandung: Raw data loaded into PostgreSQL.","logger":"airflow.task.hooks.airflow.providers.standard.hooks.subprocess.SubprocessHook"}
{"timestamp":"2026-10-06T02:00:23.691662","level":"info","event":"Processing file: /opt/airflow/raw/bandung_2026-10-05T15-00_2026-10-05T18-00_2026-10-05_18-48-01.json","logger":"airflow.task.hooks.airflow.providers.standard.hooks.subprocess.SubprocessHook"}
{"timestamp":"2026-10-06T02:00:23.691742","level":"info","event":"Bandung: Raw data loaded into PostgreSQL.","logger":"airflow.task.hooks.airflow.providers.standard.hooks.subprocess.SubprocessHook"}
{"timestamp":"2026-10-06T02:00:23.691801","level":"info","event":"Processing file: /opt/airflow/raw/bandung_2026-10-05T15-23_2026-10-05T18-23_2026-10-05_18-23-24.json","logger":"airflow.task.hooks.airflow.providers.standard.hooks.subprocess.SubprocessHook"}
{"timestamp":"2026-10-06T02:00:23.691880","level":"info","event":"Bandung: Raw data loaded into PostgreSQL.","logger":"airflow.task.hooks.airflow.providers.standard.hooks.subprocess.SubprocessHook"}
{"timestamp":"2026-10-06T02:00:23.691943","level":"info","event":"Processing file: /opt/airflow/raw/bandung_2026-10-05T18-41_2026-10-05T18-41_2026-10-05_18-41-20.json","logger":"airflow.task.hooks.airflow.providers.standard.hooks.subprocess.SubprocessHook"}
{"timestamp":"2026-10-06T02:00:23.691990","level":"info","event":"Bandung: Raw data loaded into PostgreSQL.","logger":"airflow.task.hooks.airflow.providers.standard.hooks.subprocess.SubprocessHook"}
{"timestamp":"2026-10-06T02:00:23.692102","level":"info","event":"Processing file: /opt/airflow/raw/bandung_2026-10-05_2026-10-05_2026-10-05_14-19-22.json","logger":"airflow.task.hooks.airflow.providers.standard.hooks.subprocess.SubprocessHook"}
{"timestamp":"2026-10-06T02:00:23.692155","level":"info","event":"Bandung: Raw data loaded into PostgreSQL.","logger":"airflow.task.hooks.airflow.providers.standard.hooks.subprocess.SubprocessHook"}
{"timestamp":"2026-10-06T02:00:23.692243","level":"info","event":"Processing file: /opt/airflow/raw/bandung_2026-10-06T03-00_2026-10-06T06-00_2026-10-06_07-49-00.json","logger":"airflow.task.hooks.airflow.providers.standard.hooks.subprocess.SubprocessHook"}
{"timestamp":"2026-10-06T02:00:23.692359","level":"info","event":"Bandung: Raw data loaded into PostgreSQL.","logger":"airflow.task.hooks.airflow.providers.standard.hooks.subprocess.SubprocessHook"}
{"timestamp":"2026-10-06T02:00:23.692460","level":"info","event":"Processing file: /opt/airflow/raw/bandung_2026-10-06T06-00_2026-10-06T09-00_2026-10-06_09-00-12.json","logger":"airflow.task.hooks.airflow.providers.standard.hooks.subprocess.SubprocessHook"}
{"timestamp":"2026-10-06T02:00:23.692514","level":"info","event":"Bandung: Raw data loaded into PostgreSQL.","logger":"airflow.task.hooks.airflow.providers.standard.hooks.subprocess.SubprocessHook"}
{"timestamp":"2026-10-06T02:00:23.692557","level":"info","event":"Processing file: /opt/airflow/raw/jakarta_2026-09-20_2026-10-01_2026-10-05_12-08-33.json","logger":"airflow.task.hooks.airflow.providers.standard.hooks.subprocess.SubprocessHook"}
{"timestamp":"2026-10-06T02:00:23.692595","level":"info","event":"Jakarta: Raw data loaded into PostgreSQL.","logger":"airflow.task.hooks.airflow.providers.standard.hooks.subprocess.SubprocessHook"}
{"timestamp":"2026-10-06T02:00:23.692662","level":"info","event":"Processing file: /opt/airflow/raw/jakarta_2026-10-01_2026-10-03_2026-10-05_12-24-21.json","logger":"airflow.task.hooks.airflow.providers.standard.hooks.subprocess.SubprocessHook"}
{"timestamp":"2026-10-06T02:00:23.692717","level":"info","event":"Jakarta: Raw data loaded into PostgreSQL.","logger":"airflow.task.hooks.airflow.providers.standard.hooks.subprocess.SubprocessHook"}
{"timestamp":"2026-10-06T02:00:23.692800","level":"info","event":"Processing file: /opt/airflow/raw/jakarta_2026-10-01_2026-10-05_2026-10-05_12-06-02.json","logger":"airflow.task.hooks.airflow.providers.standard.hooks.subprocess.SubprocessHook"}
{"timestamp":"2026-10-06T02:00:23.692888","level":"info","event":"Jakarta: Raw data loaded into PostgreSQL.","logger":"airflow.task.hooks.airflow.providers.standard.hooks.subprocess.SubprocessHook"}
{"timestamp":"2026-10-06T02:00:23.692955","level":"info","event":"Processing file: /opt/airflow/raw/jakarta_2026-10-05T12-00_2026-10-05T15-00_2026-10-05_14-43-06.json","logger":"airflow.task.hooks.airflow.providers.standard.hooks.subprocess.SubprocessHook"}
{"timestamp":"2026-10-06T02:00:23.693002","level":"info","event":"Jakarta: Raw data loaded into PostgreSQL.","logger":"airflow.task.hooks.airflow.providers.standard.hooks.subprocess.SubprocessHook"}
{"timestamp":"2026-10-06T02:00:23.693047","level":"info","event":"Processing file: /opt/airflow/raw/jakarta_2026-10-05T12-00_2026-10-05T15-00_2026-10-05_14-45-53.json","logger":"airflow.task.hooks.airflow.providers.standard.hooks.subprocess.SubprocessHook"}
{"timestamp":"2026-10-06T02:00:23.693141","level":"info","event":"Jakarta: Raw data loaded into PostgreSQL.","logger":"airflow.task.hooks.airflow.providers.standard.hooks.subprocess.SubprocessHook"}
{"timestamp":"2026-10-06T02:00:23.693192","level":"info","event":"Processing file: /opt/airflow/raw/jakarta_2026-10-05T13-26_2026-10-05T16-26_2026-10-05_16-27-03.json","logger":"airflow.task.hooks.airflow.providers.standard.hooks.subprocess.SubprocessHook"}
{"timestamp":"2026-10-06T02:00:23.693237","level":"info","event":"Jakarta: Raw data loaded into PostgreSQL.","logger":"airflow.task.hooks.airflow.providers.standard.hooks.subprocess.SubprocessHook"}
{"timestamp":"2026-10-06T02:00:23.693283","level":"info","event":"Processing file: /opt/airflow/raw/jakarta_2026-10-05T13-41_2026-10-05T16-41_2026-10-05_16-41-46.json","logger":"airflow.task.hooks.airflow.providers.standard.hooks.subprocess.SubprocessHook"}
{"timestamp":"2026-10-06T02:00:23.693324","level":"info","event":"Jakarta: Raw data loaded into PostgreSQL.","logger":"airflow.task.hooks.airflow.providers.standard.hooks.subprocess.SubprocessHook"}
{"timestamp":"2026-10-06T02:00:23.693436","level":"info","event":"Processing file: /opt/airflow/raw/jakarta_2026-10-05T13-48_2026-10-05T16-48_2026-10-05_16-48-21.json","logger":"airflow.task.hooks.airflow.providers.standard.hooks.subprocess.SubprocessHook"}
{"timestamp":"2026-10-06T02:00:23.693526","level":"info","event":"Jakarta: Raw data loaded into PostgreSQL.","logger":"airflow.task.hooks.airflow.providers.standard.hooks.subprocess.SubprocessHook"}
{"timestamp":"2026-10-06T02:00:23.693575","level":"info","event":"Processing file: /opt/airflow/raw/jakarta_2026-10-05T13-53_2026-10-05T16-53_2026-10-05_16-53-29.json","logger":"airflow.task.hooks.airflow.providers.standard.hooks.subprocess.SubprocessHook"}
{"timestamp":"2026-10-06T02:00:23.693656","level":"info","event":"Jakarta: Raw data loaded into PostgreSQL.","logger":"airflow.task.hooks.airflow.providers.standard.hooks.subprocess.SubprocessHook"}
{"timestamp":"2026-10-06T02:00:23.693776","level":"info","event":"Processing file: /opt/airflow/raw/jakarta_2026-10-05T14-03_2026-10-05T17-03_2026-10-05_17-03-25.json","logger":"airflow.task.hooks.airflow.providers.standard.hooks.subprocess.SubprocessHook"}
{"timestamp":"2026-10-06T02:00:23.693858","level":"info","event":"Jakarta: Raw data loaded into PostgreSQL.","logger":"airflow.task.hooks.airflow.providers.standard.hooks.subprocess.SubprocessHook"}
{"timestamp":"2026-10-06T02:00:23.693908","level":"info","event":"Processing file: /opt/airflow/raw/jakarta_2026-10-05T14-49_2026-10-05T14-49_2026-10-05_14-49-26.json","logger":"airflow.task.hooks.airflow.providers.standard.hooks.subprocess.SubprocessHook"}
{"timestamp":"2026-10-06T02:00:23.693950","level":"info","event":"Jakarta: Raw data loaded into PostgreSQL.","logger":"airflow.task.hooks.airflow.providers.standard.hooks.subprocess.SubprocessHook"}
{"timestamp":"2026-10-06T02:00:23.693992","level":"info","event":"Processing file: /opt/airflow/raw/jakarta_2026-10-05T15-00_2026-10-05T15-00_2026-10-05_15-00-04.json","logger":"airflow.task.hooks.airflow.providers.standard.hooks.subprocess.SubprocessHook"}
{"timestamp":"2026-10-06T02:00:23.694030","level":"info","event":"Jakarta: Raw data loaded into PostgreSQL.","logger":"airflow.task.hooks.airflow.providers.standard.hooks.subprocess.SubprocessHook"}
{"timestamp":"2026-10-06T02:00:23.694068","level":"info","event":"Processing file: /opt/airflow/raw/jakarta_2026-10-05T15-00_2026-10-05T18-00_2026-10-05_18-00-08.json","logger":"airflow.task.hooks.airflow.providers.standard.hooks.subprocess.SubprocessHook"}
{"timestamp":"2026-10-06T02:00:23.694370","level":"info","event":"Jakarta: Raw data loaded into PostgreSQL.","logger":"airflow.task.hooks.airflow.providers.standard.hooks.subprocess.SubprocessHook"}
{"timestamp":"2026-10-06T02:00:23.694613","level":"info","event":"Processing file: /opt/airflow/raw/jakarta_2026-10-05T15-00_2026-10-05T18-00_2026-10-05_18-47-58.json","logger":"airflow.task.hooks.airflow.providers.standard.hooks.subprocess.SubprocessHook"}
{"timestamp":"2026-10-06T02:00:23.694805","level":"info","event":"Jakarta: Raw data loaded into PostgreSQL.","logger":"airflow.task.hooks.airflow.providers.standard.hooks.subprocess.SubprocessHook"}
{"timestamp":"2026-10-06T02:00:23.695157","level":"info","event":"Processing file: /opt/airflow/raw/jakarta_2026-10-05T15-23_2026-10-05T18-23_2026-10-05_18-23-22.json","logger":"airflow.task.hooks.airflow.providers.standard.hooks.subprocess.SubprocessHook"}
{"timestamp":"2026-10-06T02:00:23.695403","level":"info","event":"Jakarta: Raw data loaded into PostgreSQL.","logger":"airflow.task.hooks.airflow.providers.standard.hooks.subprocess.SubprocessHook"}
{"timestamp":"2026-10-06T02:00:23.695531","level":"info","event":"Processing file: /opt/airflow/raw/jakarta_2026-10-05T18-41_2026-10-05T18-41_2026-10-05_18-41-17.json","logger":"airflow.task.hooks.airflow.providers.standard.hooks.subprocess.SubprocessHook"}
{"timestamp":"2026-10-06T02:00:23.695628","level":"info","event":"Jakarta: Raw data loaded into PostgreSQL.","logger":"airflow.task.hooks.airflow.providers.standard.hooks.subprocess.SubprocessHook"}
{"timestamp":"2026-10-06T02:00:23.695680","level":"info","event":"Processing file: /opt/airflow/raw/jakarta_2026-10-05_2026-10-05_2026-10-05_14-19-19.json","logger":"airflow.task.hooks.airflow.providers.standard.hooks.subprocess.SubprocessHook"}
{"timestamp":"2026-10-06T02:00:23.695747","level":"info","event":"Jakarta: Raw data loaded into PostgreSQL.","logger":"airflow.task.hooks.airflow.providers.standard.hooks.subprocess.SubprocessHook"}
{"timestamp":"2026-10-06T02:00:23.695794","level":"info","event":"Processing file: /opt/airflow/raw/jakarta_2026-10-06T03-00_2026-10-06T06-00_2026-10-06_07-48-56.json","logger":"airflow.task.hooks.airflow.providers.standard.hooks.subprocess.SubprocessHook"}
{"timestamp":"2026-10-06T02:00:23.695834","level":"info","event":"Jakarta: Raw data loaded into PostgreSQL.","logger":"airflow.task.hooks.airflow.providers.standard.hooks.subprocess.SubprocessHook"}
{"timestamp":"2026-10-06T02:00:23.695873","level":"info","event":"Processing file: /opt/airflow/raw/jakarta_2026-10-06T06-00_2026-10-06T09-00_2026-10-06_09-00-09.json","logger":"airflow.task.hooks.airflow.providers.standard.hooks.subprocess.SubprocessHook"}
{"timestamp":"2026-10-06T02:00:23.695911","level":"info","event":"Jakarta: Raw data loaded into PostgreSQL.","logger":"airflow.task.hooks.airflow.providers.standard.hooks.subprocess.SubprocessHook"}
{"timestamp":"2026-10-06T02:00:23.695950","level":"info","event":"Processing file: /opt/airflow/raw/surabaya_2026-09-20_2026-10-01_2026-10-05_12-08-39.json","logger":"airflow.task.hooks.airflow.providers.standard.hooks.subprocess.SubprocessHook"}
{"timestamp":"2026-10-06T02:00:23.695987","level":"info","event":"Surabaya: Raw data loaded into PostgreSQL.","logger":"airflow.task.hooks.airflow.providers.standard.hooks.subprocess.SubprocessHook"}
{"timestamp":"2026-10-06T02:00:23.696025","level":"info","event":"Processing file: /opt/airflow/raw/surabaya_2026-10-01_2026-10-03_2026-10-05_12-24-27.json","logger":"airflow.task.hooks.airflow.providers.standard.hooks.subprocess.SubprocessHook"}
{"timestamp":"2026-10-06T02:00:23.696061","level":"info","event":"Surabaya: Raw data loaded into PostgreSQL.","logger":"airflow.task.hooks.airflow.providers.standard.hooks.subprocess.SubprocessHook"}
{"timestamp":"2026-10-06T02:00:23.696095","level":"info","event":"Processing file: /opt/airflow/raw/surabaya_2026-10-01_2026-10-05_2026-10-05_12-06-07.json","logger":"airflow.task.hooks.airflow.providers.standard.hooks.subprocess.SubprocessHook"}
{"timestamp":"2026-10-06T02:00:23.696132","level":"info","event":"Surabaya: Raw data loaded into PostgreSQL.","logger":"airflow.task.hooks.airflow.providers.standard.hooks.subprocess.SubprocessHook"}
{"timestamp":"2026-10-06T02:00:23.696167","level":"info","event":"Processing file: /opt/airflow/raw/surabaya_2026-10-05T12-00_2026-10-05T15-00_2026-10-05_14-43-12.json","logger":"airflow.task.hooks.airflow.providers.standard.hooks.subprocess.SubprocessHook"}
{"timestamp":"2026-10-06T02:00:23.696363","level":"info","event":"Surabaya: Raw data loaded into PostgreSQL.","logger":"airflow.task.hooks.airflow.providers.standard.hooks.subprocess.SubprocessHook"}
{"timestamp":"2026-10-06T02:00:23.696443","level":"info","event":"Processing file: /opt/airflow/raw/surabaya_2026-10-05T12-00_2026-10-05T15-00_2026-10-05_14-46-00.json","logger":"airflow.task.hooks.airflow.providers.standard.hooks.subprocess.SubprocessHook"}
{"timestamp":"2026-10-06T02:00:23.696496","level":"info","event":"Surabaya: Raw data loaded into PostgreSQL.","logger":"airflow.task.hooks.airflow.providers.standard.hooks.subprocess.SubprocessHook"}
{"timestamp":"2026-10-06T02:00:23.696537","level":"info","event":"Processing file: /opt/airflow/raw/surabaya_2026-10-05T13-26_2026-10-05T16-26_2026-10-05_16-27-07.json","logger":"airflow.task.hooks.airflow.providers.standard.hooks.subprocess.SubprocessHook"}
{"timestamp":"2026-10-06T02:00:23.696577","level":"info","event":"Surabaya: Raw data loaded into PostgreSQL.","logger":"airflow.task.hooks.airflow.providers.standard.hooks.subprocess.SubprocessHook"}
{"timestamp":"2026-10-06T02:00:23.696615","level":"info","event":"Processing file: /opt/airflow/raw/surabaya_2026-10-05T13-41_2026-10-05T16-41_2026-10-05_16-41-51.json","logger":"airflow.task.hooks.airflow.providers.standard.hooks.subprocess.SubprocessHook"}
{"timestamp":"2026-10-06T02:00:23.696655","level":"info","event":"Surabaya: Raw data loaded into PostgreSQL.","logger":"airflow.task.hooks.airflow.providers.standard.hooks.subprocess.SubprocessHook"}
{"timestamp":"2026-10-06T02:00:23.696795","level":"info","event":"Processing file: /opt/airflow/raw/surabaya_2026-10-05T13-48_2026-10-05T16-48_2026-10-05_16-48-26.json","logger":"airflow.task.hooks.airflow.providers.standard.hooks.subprocess.SubprocessHook"}
{"timestamp":"2026-10-06T02:00:23.697448","level":"info","event":"Surabaya: Raw data loaded into PostgreSQL.","logger":"airflow.task.hooks.airflow.providers.standard.hooks.subprocess.SubprocessHook"}
{"timestamp":"2026-10-06T02:00:23.697696","level":"info","event":"Processing file: /opt/airflow/raw/surabaya_2026-10-05T13-53_2026-10-05T16-53_2026-10-05_16-53-36.json","logger":"airflow.task.hooks.airflow.providers.standard.hooks.subprocess.SubprocessHook"}
{"timestamp":"2026-10-06T02:00:23.697921","level":"info","event":"Surabaya: Raw data loaded into PostgreSQL.","logger":"airflow.task.hooks.airflow.providers.standard.hooks.subprocess.SubprocessHook"}
{"timestamp":"2026-10-06T02:00:23.698022","level":"info","event":"Processing file: /opt/airflow/raw/surabaya_2026-10-05T14-03_2026-10-05T17-03_2026-10-05_17-03-29.json","logger":"airflow.task.hooks.airflow.providers.standard.hooks.subprocess.SubprocessHook"}
{"timestamp":"2026-10-06T02:00:23.698075","level":"info","event":"Surabaya: Raw data loaded into PostgreSQL.","logger":"airflow.task.hooks.airflow.providers.standard.hooks.subprocess.SubprocessHook"}
{"timestamp":"2026-10-06T02:00:23.698117","level":"info","event":"Processing file: /opt/airflow/raw/surabaya_2026-10-05T14-49_2026-10-05T14-49_2026-10-05_14-49-31.json","logger":"airflow.task.hooks.airflow.providers.standard.hooks.subprocess.SubprocessHook"}
{"timestamp":"2026-10-06T02:00:23.698154","level":"info","event":"Surabaya: Raw data loaded into PostgreSQL.","logger":"airflow.task.hooks.airflow.providers.standard.hooks.subprocess.SubprocessHook"}
{"timestamp":"2026-10-06T02:00:23.698190","level":"info","event":"Processing file: /opt/airflow/raw/surabaya_2026-10-05T15-00_2026-10-05T15-00_2026-10-05_15-00-09.json","logger":"airflow.task.hooks.airflow.providers.standard.hooks.subprocess.SubprocessHook"}
{"timestamp":"2026-10-06T02:00:23.698226","level":"info","event":"Surabaya: Raw data loaded into PostgreSQL.","logger":"airflow.task.hooks.airflow.providers.standard.hooks.subprocess.SubprocessHook"}
{"timestamp":"2026-10-06T02:00:23.698262","level":"info","event":"Processing file: /opt/airflow/raw/surabaya_2026-10-05T15-00_2026-10-05T18-00_2026-10-05_18-00-13.json","logger":"airflow.task.hooks.airflow.providers.standard.hooks.subprocess.SubprocessHook"}
{"timestamp":"2026-10-06T02:00:23.698347","level":"info","event":"Surabaya: Raw data loaded into PostgreSQL.","logger":"airflow.task.hooks.airflow.providers.standard.hooks.subprocess.SubprocessHook"}
{"timestamp":"2026-10-06T02:00:23.698433","level":"info","event":"Processing file: /opt/airflow/raw/surabaya_2026-10-05T15-00_2026-10-05T18-00_2026-10-05_18-48-04.json","logger":"airflow.task.hooks.airflow.providers.standard.hooks.subprocess.SubprocessHook"}
{"timestamp":"2026-10-06T02:00:23.698551","level":"info","event":"Surabaya: Raw data loaded into PostgreSQL.","logger":"airflow.task.hooks.airflow.providers.standard.hooks.subprocess.SubprocessHook"}
{"timestamp":"2026-10-06T02:00:23.698604","level":"info","event":"Processing file: /opt/airflow/raw/surabaya_2026-10-05T15-23_2026-10-05T18-23_2026-10-05_18-23-28.json","logger":"airflow.task.hooks.airflow.providers.standard.hooks.subprocess.SubprocessHook"}
{"timestamp":"2026-10-06T02:00:23.698698","level":"info","event":"Surabaya: Raw data loaded into PostgreSQL.","logger":"airflow.task.hooks.airflow.providers.standard.hooks.subprocess.SubprocessHook"}
{"timestamp":"2026-10-06T02:00:23.698749","level":"info","event":"Processing file: /opt/airflow/raw/surabaya_2026-10-05T18-41_2026-10-05T18-41_2026-10-05_18-41-23.json","logger":"airflow.task.hooks.airflow.providers.standard.hooks.subprocess.SubprocessHook"}
{"timestamp":"2026-10-06T02:00:23.698835","level":"info","event":"Surabaya: Raw data loaded into PostgreSQL.","logger":"airflow.task.hooks.airflow.providers.standard.hooks.subprocess.SubprocessHook"}
{"timestamp":"2026-10-06T02:00:23.698886","level":"info","event":"Processing file: /opt/airflow/raw/surabaya_2026-10-05_2026-10-05_2026-10-05_14-19-24.json","logger":"airflow.task.hooks.airflow.providers.standard.hooks.subprocess.SubprocessHook"}
{"timestamp":"2026-10-06T02:00:23.698930","level":"info","event":"Surabaya: Raw data loaded into PostgreSQL.","logger":"airflow.task.hooks.airflow.providers.standard.hooks.subprocess.SubprocessHook"}
{"timestamp":"2026-10-06T02:00:23.698969","level":"info","event":"Processing file: /opt/airflow/raw/surabaya_2026-10-06T03-00_2026-10-06T06-00_2026-10-06_07-49-03.json","logger":"airflow.task.hooks.airflow.providers.standard.hooks.subprocess.SubprocessHook"}
{"timestamp":"2026-10-06T02:00:23.699008","level":"info","event":"Surabaya: Raw data loaded into PostgreSQL.","logger":"airflow.task.hooks.airflow.providers.standard.hooks.subprocess.SubprocessHook"}
{"timestamp":"2026-10-06T02:00:23.699088","level":"info","event":"Processing file: /opt/airflow/raw/surabaya_2026-10-06T06-00_2026-10-06T09-00_2026-10-06_09-00-15.json","logger":"airflow.task.hooks.airflow.providers.standard.hooks.subprocess.SubprocessHook"}
{"timestamp":"2026-10-06T02:00:23.699135","level":"info","event":"Surabaya: Raw data loaded into PostgreSQL.","logger":"airflow.task.hooks.airflow.providers.standard.hooks.subprocess.SubprocessHook"}
{"timestamp":"2026-10-06T02:00:23.699287","level":"info","event":"","logger":"airflow.task.hooks.airflow.providers.standard.hooks.subprocess.SubprocessHook"}
{"timestamp":"2026-10-06T02:00:23.699355","level":"info","event":"RAW loading completed.","logger":"airflow.task.hooks.airflow.providers.standard.hooks.subprocess.SubprocessHook"}
{"timestamp":"2026-10-06T02:00:23.699461","level":"info","event":"Bandung: 120 rows before cleaning, 120 rows after cleaning, 0 rows removed.","logger":"airflow.task.hooks.airflow.providers.standard.hooks.subprocess.SubprocessHook"}
{"timestamp":"2026-10-06T02:00:24.216504","level":"info","event":"Jakarta: 120 rows before cleaning, 120 rows after cleaning, 0 rows removed.","logger":"airflow.task.hooks.airflow.providers.standard.hooks.subprocess.SubprocessHook"}
{"timestamp":"2026-10-06T02:00:24.216716","level":"info","event":"Surabaya: 120 rows before cleaning, 120 rows after cleaning, 0 rows removed.","logger":"airflow.task.hooks.airflow.providers.standard.hooks.subprocess.SubprocessHook"}
{"timestamp":"2026-10-06T02:00:24.216830","level":"info","event":"Bandung: 288 rows before cleaning, 288 rows after cleaning, 0 rows removed.","logger":"airflow.task.hooks.airflow.providers.standard.hooks.subprocess.SubprocessHook"}
{"timestamp":"2026-10-06T02:00:24.216902","level":"info","event":"Bandung: 120 rows before cleaning, 120 rows after cleaning, 0 rows removed.","logger":"airflow.task.hooks.airflow.providers.standard.hooks.subprocess.SubprocessHook"}
{"timestamp":"2026-10-06T02:00:24.216951","level":"info","event":"Jakarta: 288 rows before cleaning, 288 rows after cleaning, 0 rows removed.","logger":"airflow.task.hooks.airflow.providers.standard.hooks.subprocess.SubprocessHook"}
{"timestamp":"2026-10-06T02:00:24.216994","level":"info","event":"Jakarta: 120 rows before cleaning, 120 rows after cleaning, 0 rows removed.","logger":"airflow.task.hooks.airflow.providers.standard.hooks.subprocess.SubprocessHook"}
{"timestamp":"2026-10-06T02:00:24.217032","level":"info","event":"Surabaya: 288 rows before cleaning, 288 rows after cleaning, 0 rows removed.","logger":"airflow.task.hooks.airflow.providers.standard.hooks.subprocess.SubprocessHook"}
{"timestamp":"2026-10-06T02:00:24.217070","level":"info","event":"Surabaya: 120 rows before cleaning, 120 rows after cleaning, 0 rows removed.","logger":"airflow.task.hooks.airflow.providers.standard.hooks.subprocess.SubprocessHook"}
{"timestamp":"2026-10-06T02:00:24.217106","level":"info","event":"Bandung: 288 rows before cleaning, 288 rows after cleaning, 0 rows removed.","logger":"airflow.task.hooks.airflow.providers.standard.hooks.subprocess.SubprocessHook"}
{"timestamp":"2026-10-06T02:00:24.217143","level":"info","event":"Bandung: 72 rows before cleaning, 72 rows after cleaning, 0 rows removed.","logger":"airflow.task.hooks.airflow.providers.standard.hooks.subprocess.SubprocessHook"}
{"timestamp":"2026-10-06T02:00:24.217185","level":"info","event":"Bandung: 120 rows before cleaning, 120 rows after cleaning, 0 rows removed.","logger":"airflow.task.hooks.airflow.providers.standard.hooks.subprocess.SubprocessHook"}
{"timestamp":"2026-10-06T02:00:24.217221","level":"info","event":"Bandung: 24 rows before cleaning, 24 rows after cleaning, 0 rows removed.","logger":"airflow.task.hooks.airflow.providers.standard.hooks.subprocess.SubprocessHook"}
{"timestamp":"2026-10-06T02:00:24.217256","level":"info","event":"Jakarta: 288 rows before cleaning, 288 rows after cleaning, 0 rows removed.","logger":"airflow.task.hooks.airflow.providers.standard.hooks.subprocess.SubprocessHook"}
{"timestamp":"2026-10-06T02:00:24.217290","level":"info","event":"Jakarta: 72 rows before cleaning, 72 rows after cleaning, 0 rows removed.","logger":"airflow.task.hooks.airflow.providers.standard.hooks.subprocess.SubprocessHook"}
{"timestamp":"2026-10-06T02:00:24.217325","level":"info","event":"Jakarta: 120 rows before cleaning, 120 rows after cleaning, 0 rows removed.","logger":"airflow.task.hooks.airflow.providers.standard.hooks.subprocess.SubprocessHook"}
{"timestamp":"2026-10-06T02:00:24.217358","level":"info","event":"Jakarta: 24 rows before cleaning, 24 rows after cleaning, 0 rows removed.","logger":"airflow.task.hooks.airflow.providers.standard.hooks.subprocess.SubprocessHook"}
{"timestamp":"2026-10-06T02:00:24.217392","level":"info","event":"Surabaya: 288 rows before cleaning, 288 rows after cleaning, 0 rows removed.","logger":"airflow.task.hooks.airflow.providers.standard.hooks.subprocess.SubprocessHook"}
{"timestamp":"2026-10-06T02:00:24.217426","level":"info","event":"Surabaya: 72 rows before cleaning, 72 rows after cleaning, 0 rows removed.","logger":"airflow.task.hooks.airflow.providers.standard.hooks.subprocess.SubprocessHook"}
{"timestamp":"2026-10-06T02:00:24.217460","level":"info","event":"Surabaya: 120 rows before cleaning, 120 rows after cleaning, 0 rows removed.","logger":"airflow.task.hooks.airflow.providers.standard.hooks.subprocess.SubprocessHook"}
{"timestamp":"2026-10-06T02:00:24.217494","level":"info","event":"Surabaya: 24 rows before cleaning, 24 rows after cleaning, 0 rows removed.","logger":"airflow.task.hooks.airflow.providers.standard.hooks.subprocess.SubprocessHook"}
{"timestamp":"2026-10-06T02:00:24.217528","level":"info","event":"Bandung: 288 rows before cleaning, 288 rows after cleaning, 0 rows removed.","logger":"airflow.task.hooks.airflow.providers.standard.hooks.subprocess.SubprocessHook"}
{"timestamp":"2026-10-06T02:00:24.217562","level":"info","event":"Bandung: 72 rows before cleaning, 72 rows after cleaning, 0 rows removed.","logger":"airflow.task.hooks.airflow.providers.standard.hooks.subprocess.SubprocessHook"}
{"timestamp":"2026-10-06T02:00:24.217597","level":"info","event":"Bandung: 120 rows before cleaning, 120 rows after cleaning, 0 rows removed.","logger":"airflow.task.hooks.airflow.providers.standard.hooks.subprocess.SubprocessHook"}
{"timestamp":"2026-10-06T02:00:24.217632","level":"info","event":"Bandung: 4 rows before cleaning, 4 rows after cleaning, 0 rows removed.","logger":"airflow.task.hooks.airflow.providers.standard.hooks.subprocess.SubprocessHook"}
{"timestamp":"2026-10-06T02:00:24.217666","level":"info","event":"Bandung: 3 rows before cleaning, 3 rows after cleaning, 0 rows removed.","logger":"airflow.task.hooks.airflow.providers.standard.hooks.subprocess.SubprocessHook"}
{"timestamp":"2026-10-06T02:00:24.217701","level":"info","event":"Bandung: 1 rows before cleaning, 1 rows after cleaning, 0 rows removed.","logger":"airflow.task.hooks.airflow.providers.standard.hooks.subprocess.SubprocessHook"}
{"timestamp":"2026-10-06T02:00:24.217734","level":"info","event":"Bandung: 24 rows before cleaning, 24 rows after cleaning, 0 rows removed.","logger":"airflow.task.hooks.airflow.providers.standard.hooks.subprocess.SubprocessHook"}
{"timestamp":"2026-10-06T02:00:24.217768","level":"info","event":"Jakarta: 288 rows before cleaning, 288 rows after cleaning, 0 rows removed.","logger":"airflow.task.hooks.airflow.providers.standard.hooks.subprocess.SubprocessHook"}
{"timestamp":"2026-10-06T02:00:24.217801","level":"info","event":"Jakarta: 72 rows before cleaning, 72 rows after cleaning, 0 rows removed.","logger":"airflow.task.hooks.airflow.providers.standard.hooks.subprocess.SubprocessHook"}
{"timestamp":"2026-10-06T02:00:24.217836","level":"info","event":"Jakarta: 120 rows before cleaning, 120 rows after cleaning, 0 rows removed.","logger":"airflow.task.hooks.airflow.providers.standard.hooks.subprocess.SubprocessHook"}
{"timestamp":"2026-10-06T02:00:24.217871","level":"info","event":"Jakarta: 4 rows before cleaning, 4 rows after cleaning, 0 rows removed.","logger":"airflow.task.hooks.airflow.providers.standard.hooks.subprocess.SubprocessHook"}
{"timestamp":"2026-10-06T02:00:24.217905","level":"info","event":"Jakarta: 3 rows before cleaning, 3 rows after cleaning, 0 rows removed.","logger":"airflow.task.hooks.airflow.providers.standard.hooks.subprocess.SubprocessHook"}
{"timestamp":"2026-10-06T02:00:24.217940","level":"info","event":"Jakarta: 1 rows before cleaning, 1 rows after cleaning, 0 rows removed.","logger":"airflow.task.hooks.airflow.providers.standard.hooks.subprocess.SubprocessHook"}
{"timestamp":"2026-10-06T02:00:24.217974","level":"info","event":"Jakarta: 24 rows before cleaning, 24 rows after cleaning, 0 rows removed.","logger":"airflow.task.hooks.airflow.providers.standard.hooks.subprocess.SubprocessHook"}
{"timestamp":"2026-10-06T02:00:24.218010","level":"info","event":"Surabaya: 288 rows before cleaning, 288 rows after cleaning, 0 rows removed.","logger":"airflow.task.hooks.airflow.providers.standard.hooks.subprocess.SubprocessHook"}
{"timestamp":"2026-10-06T02:00:24.218046","level":"info","event":"Surabaya: 72 rows before cleaning, 72 rows after cleaning, 0 rows removed.","logger":"airflow.task.hooks.airflow.providers.standard.hooks.subprocess.SubprocessHook"}
{"timestamp":"2026-10-06T02:00:24.218120","level":"info","event":"Surabaya: 120 rows before cleaning, 120 rows after cleaning, 0 rows removed.","logger":"airflow.task.hooks.airflow.providers.standard.hooks.subprocess.SubprocessHook"}
{"timestamp":"2026-10-06T02:00:24.218176","level":"info","event":"Surabaya: 4 rows before cleaning, 4 rows after cleaning, 0 rows removed.","logger":"airflow.task.hooks.airflow.providers.standard.hooks.subprocess.SubprocessHook"}
{"timestamp":"2026-10-06T02:00:24.218220","level":"info","event":"Surabaya: 3 rows before cleaning, 3 rows after cleaning, 0 rows removed.","logger":"airflow.task.hooks.airflow.providers.standard.hooks.subprocess.SubprocessHook"}
{"timestamp":"2026-10-06T02:00:24.218259","level":"info","event":"Surabaya: 1 rows before cleaning, 1 rows after cleaning, 0 rows removed.","logger":"airflow.task.hooks.airflow.providers.standard.hooks.subprocess.SubprocessHook"}
{"timestamp":"2026-10-06T02:00:24.218435","level":"info","event":"Surabaya: 24 rows before cleaning, 24 rows after cleaning, 0 rows removed.","logger":"airflow.task.hooks.airflow.providers.standard.hooks.subprocess.SubprocessHook"}
{"timestamp":"2026-10-06T02:00:24.218492","level":"info","event":"Bandung: 288 rows before cleaning, 288 rows after cleaning, 0 rows removed.","logger":"airflow.task.hooks.airflow.providers.standard.hooks.subprocess.SubprocessHook"}
{"timestamp":"2026-10-06T02:00:24.218601","level":"info","event":"Bandung: 72 rows before cleaning, 72 rows after cleaning, 0 rows removed.","logger":"airflow.task.hooks.airflow.providers.standard.hooks.subprocess.SubprocessHook"}
{"timestamp":"2026-10-06T02:00:24.218659","level":"info","event":"Bandung: 120 rows before cleaning, 120 rows after cleaning, 0 rows removed.","logger":"airflow.task.hooks.airflow.providers.standard.hooks.subprocess.SubprocessHook"}
{"timestamp":"2026-10-06T02:00:24.218753","level":"info","event":"Bandung: 4 rows before cleaning, 4 rows after cleaning, 0 rows removed.","logger":"airflow.task.hooks.airflow.providers.standard.hooks.subprocess.SubprocessHook"}
{"timestamp":"2026-10-06T02:00:24.218809","level":"info","event":"Bandung: 3 rows before cleaning, 3 rows after cleaning, 0 rows removed.","logger":"airflow.task.hooks.airflow.providers.standard.hooks.subprocess.SubprocessHook"}
{"timestamp":"2026-10-06T02:00:24.218854","level":"info","event":"Bandung: 1 rows before cleaning, 1 rows after cleaning, 0 rows removed.","logger":"airflow.task.hooks.airflow.providers.standard.hooks.subprocess.SubprocessHook"}
{"timestamp":"2026-10-06T02:00:24.218937","level":"info","event":"Bandung: 0 rows before cleaning, 0 rows after cleaning, 0 rows removed.","logger":"airflow.task.hooks.airflow.providers.standard.hooks.subprocess.SubprocessHook"}
{"timestamp":"2026-10-06T02:00:24.218990","level":"info","event":"Bandung: 24 rows before cleaning, 24 rows after cleaning, 0 rows removed.","logger":"airflow.task.hooks.airflow.providers.standard.hooks.subprocess.SubprocessHook"}
{"timestamp":"2026-10-06T02:00:24.219031","level":"info","event":"Jakarta: 288 rows before cleaning, 288 rows after cleaning, 0 rows removed.","logger":"airflow.task.hooks.airflow.providers.standard.hooks.subprocess.SubprocessHook"}
{"timestamp":"2026-10-06T02:00:24.219070","level":"info","event":"Jakarta: 72 rows before cleaning, 72 rows after cleaning, 0 rows removed.","logger":"airflow.task.hooks.airflow.providers.standard.hooks.subprocess.SubprocessHook"}
{"timestamp":"2026-10-06T02:00:24.219108","level":"info","event":"Jakarta: 120 rows before cleaning, 120 rows after cleaning, 0 rows removed.","logger":"airflow.task.hooks.airflow.providers.standard.hooks.subprocess.SubprocessHook"}
{"timestamp":"2026-10-06T02:00:24.219153","level":"info","event":"Jakarta: 4 rows before cleaning, 4 rows after cleaning, 0 rows removed.","logger":"airflow.task.hooks.airflow.providers.standard.hooks.subprocess.SubprocessHook"}
{"timestamp":"2026-10-06T02:00:24.219191","level":"info","event":"Jakarta: 3 rows before cleaning, 3 rows after cleaning, 0 rows removed.","logger":"airflow.task.hooks.airflow.providers.standard.hooks.subprocess.SubprocessHook"}
{"timestamp":"2026-10-06T02:00:24.219228","level":"info","event":"Jakarta: 1 rows before cleaning, 1 rows after cleaning, 0 rows removed.","logger":"airflow.task.hooks.airflow.providers.standard.hooks.subprocess.SubprocessHook"}
{"timestamp":"2026-10-06T02:00:24.219272","level":"info","event":"Jakarta: 0 rows before cleaning, 0 rows after cleaning, 0 rows removed.","logger":"airflow.task.hooks.airflow.providers.standard.hooks.subprocess.SubprocessHook"}
{"timestamp":"2026-10-06T02:00:24.219307","level":"info","event":"Jakarta: 24 rows before cleaning, 24 rows after cleaning, 0 rows removed.","logger":"airflow.task.hooks.airflow.providers.standard.hooks.subprocess.SubprocessHook"}
{"timestamp":"2026-10-06T02:00:24.219342","level":"info","event":"Surabaya: 288 rows before cleaning, 288 rows after cleaning, 0 rows removed.","logger":"airflow.task.hooks.airflow.providers.standard.hooks.subprocess.SubprocessHook"}
{"timestamp":"2026-10-06T02:00:24.219377","level":"info","event":"Surabaya: 72 rows before cleaning, 72 rows after cleaning, 0 rows removed.","logger":"airflow.task.hooks.airflow.providers.standard.hooks.subprocess.SubprocessHook"}
{"timestamp":"2026-10-06T02:00:24.219412","level":"info","event":"Surabaya: 120 rows before cleaning, 120 rows after cleaning, 0 rows removed.","logger":"airflow.task.hooks.airflow.providers.standard.hooks.subprocess.SubprocessHook"}
{"timestamp":"2026-10-06T02:00:24.219446","level":"info","event":"Surabaya: 4 rows before cleaning, 4 rows after cleaning, 0 rows removed.","logger":"airflow.task.hooks.airflow.providers.standard.hooks.subprocess.SubprocessHook"}
{"timestamp":"2026-10-06T02:00:24.219480","level":"info","event":"Surabaya: 3 rows before cleaning, 3 rows after cleaning, 0 rows removed.","logger":"airflow.task.hooks.airflow.providers.standard.hooks.subprocess.SubprocessHook"}
{"timestamp":"2026-10-06T02:00:24.219512","level":"info","event":"Surabaya: 1 rows before cleaning, 1 rows after cleaning, 0 rows removed.","logger":"airflow.task.hooks.airflow.providers.standard.hooks.subprocess.SubprocessHook"}
{"timestamp":"2026-10-06T02:00:24.219545","level":"info","event":"Surabaya: 0 rows before cleaning, 0 rows after cleaning, 0 rows removed.","logger":"airflow.task.hooks.airflow.providers.standard.hooks.subprocess.SubprocessHook"}
{"timestamp":"2026-10-06T02:00:24.219578","level":"info","event":"Surabaya: 24 rows before cleaning, 24 rows after cleaning, 0 rows removed.","logger":"airflow.task.hooks.airflow.providers.standard.hooks.subprocess.SubprocessHook"}
{"timestamp":"2026-10-06T02:00:24.219612","level":"info","event":"Bandung: 288 rows before cleaning, 288 rows after cleaning, 0 rows removed.","logger":"airflow.task.hooks.airflow.providers.standard.hooks.subprocess.SubprocessHook"}
{"timestamp":"2026-10-06T02:00:24.219646","level":"info","event":"Bandung: 72 rows before cleaning, 72 rows after cleaning, 0 rows removed.","logger":"airflow.task.hooks.airflow.providers.standard.hooks.subprocess.SubprocessHook"}
{"timestamp":"2026-10-06T02:00:24.219752","level":"info","event":"Bandung: 120 rows before cleaning, 120 rows after cleaning, 0 rows removed.","logger":"airflow.task.hooks.airflow.providers.standard.hooks.subprocess.SubprocessHook"}
{"timestamp":"2026-10-06T02:00:24.219805","level":"info","event":"Bandung: 4 rows before cleaning, 4 rows after cleaning, 0 rows removed.","logger":"airflow.task.hooks.airflow.providers.standard.hooks.subprocess.SubprocessHook"}
{"timestamp":"2026-10-06T02:00:24.219904","level":"info","event":"Bandung: 3 rows before cleaning, 3 rows after cleaning, 0 rows removed.","logger":"airflow.task.hooks.airflow.providers.standard.hooks.subprocess.SubprocessHook"}
{"timestamp":"2026-10-06T02:00:24.220006","level":"info","event":"Bandung: 4 rows before cleaning, 4 rows after cleaning, 0 rows removed.","logger":"airflow.task.hooks.airflow.providers.standard.hooks.subprocess.SubprocessHook"}
{"timestamp":"2026-10-06T02:00:24.220057","level":"info","event":"Bandung: 1 rows before cleaning, 1 rows after cleaning, 0 rows removed.","logger":"airflow.task.hooks.airflow.providers.standard.hooks.subprocess.SubprocessHook"}
{"timestamp":"2026-10-06T02:00:24.220099","level":"info","event":"Bandung: 0 rows before cleaning, 0 rows after cleaning, 0 rows removed.","logger":"airflow.task.hooks.airflow.providers.standard.hooks.subprocess.SubprocessHook"}
{"timestamp":"2026-10-06T02:00:24.220167","level":"info","event":"Bandung: 24 rows before cleaning, 24 rows after cleaning, 0 rows removed.","logger":"airflow.task.hooks.airflow.providers.standard.hooks.subprocess.SubprocessHook"}
{"timestamp":"2026-10-06T02:00:24.220214","level":"info","event":"Jakarta: 288 rows before cleaning, 288 rows after cleaning, 0 rows removed.","logger":"airflow.task.hooks.airflow.providers.standard.hooks.subprocess.SubprocessHook"}
{"timestamp":"2026-10-06T02:00:24.220316","level":"info","event":"Jakarta: 72 rows before cleaning, 72 rows after cleaning, 0 rows removed.","logger":"airflow.task.hooks.airflow.providers.standard.hooks.subprocess.SubprocessHook"}
{"timestamp":"2026-10-06T02:00:24.220370","level":"info","event":"Jakarta: 120 rows before cleaning, 120 rows after cleaning, 0 rows removed.","logger":"airflow.task.hooks.airflow.providers.standard.hooks.subprocess.SubprocessHook"}
{"timestamp":"2026-10-06T02:00:24.220412","level":"info","event":"Jakarta: 4 rows before cleaning, 4 rows after cleaning, 0 rows removed.","logger":"airflow.task.hooks.airflow.providers.standard.hooks.subprocess.SubprocessHook"}
{"timestamp":"2026-10-06T02:00:24.220493","level":"info","event":"Jakarta: 3 rows before cleaning, 3 rows after cleaning, 0 rows removed.","logger":"airflow.task.hooks.airflow.providers.standard.hooks.subprocess.SubprocessHook"}
{"timestamp":"2026-10-06T02:00:24.220583","level":"info","event":"Jakarta: 4 rows before cleaning, 4 rows after cleaning, 0 rows removed.","logger":"airflow.task.hooks.airflow.providers.standard.hooks.subprocess.SubprocessHook"}
{"timestamp":"2026-10-06T02:00:24.220636","level":"info","event":"Jakarta: 1 rows before cleaning, 1 rows after cleaning, 0 rows removed.","logger":"airflow.task.hooks.airflow.providers.standard.hooks.subprocess.SubprocessHook"}
{"timestamp":"2026-10-06T02:00:24.220677","level":"info","event":"Jakarta: 0 rows before cleaning, 0 rows after cleaning, 0 rows removed.","logger":"airflow.task.hooks.airflow.providers.standard.hooks.subprocess.SubprocessHook"}
{"timestamp":"2026-10-06T02:00:24.220716","level":"info","event":"Jakarta: 24 rows before cleaning, 24 rows after cleaning, 0 rows removed.","logger":"airflow.task.hooks.airflow.providers.standard.hooks.subprocess.SubprocessHook"}
{"timestamp":"2026-10-06T02:00:24.220801","level":"info","event":"Surabaya: 288 rows before cleaning, 288 rows after cleaning, 0 rows removed.","logger":"airflow.task.hooks.airflow.providers.standard.hooks.subprocess.SubprocessHook"}
{"timestamp":"2026-10-06T02:00:24.220895","level":"info","event":"Surabaya: 72 rows before cleaning, 72 rows after cleaning, 0 rows removed.","logger":"airflow.task.hooks.airflow.providers.standard.hooks.subprocess.SubprocessHook"}
{"timestamp":"2026-10-06T02:00:24.220949","level":"info","event":"Surabaya: 120 rows before cleaning, 120 rows after cleaning, 0 rows removed.","logger":"airflow.task.hooks.airflow.providers.standard.hooks.subprocess.SubprocessHook"}
{"timestamp":"2026-10-06T02:00:24.220996","level":"info","event":"Surabaya: 4 rows before cleaning, 4 rows after cleaning, 0 rows removed.","logger":"airflow.task.hooks.airflow.providers.standard.hooks.subprocess.SubprocessHook"}
{"timestamp":"2026-10-06T02:00:24.221039","level":"info","event":"Surabaya: 3 rows before cleaning, 3 rows after cleaning, 0 rows removed.","logger":"airflow.task.hooks.airflow.providers.standard.hooks.subprocess.SubprocessHook"}
{"timestamp":"2026-10-06T02:00:24.221079","level":"info","event":"Surabaya: 4 rows before cleaning, 4 rows after cleaning, 0 rows removed.","logger":"airflow.task.hooks.airflow.providers.standard.hooks.subprocess.SubprocessHook"}
{"timestamp":"2026-10-06T02:00:24.221119","level":"info","event":"Surabaya: 1 rows before cleaning, 1 rows after cleaning, 0 rows removed.","logger":"airflow.task.hooks.airflow.providers.standard.hooks.subprocess.SubprocessHook"}
{"timestamp":"2026-10-06T02:00:24.221161","level":"info","event":"Surabaya: 0 rows before cleaning, 0 rows after cleaning, 0 rows removed.","logger":"airflow.task.hooks.airflow.providers.standard.hooks.subprocess.SubprocessHook"}
{"timestamp":"2026-10-06T02:00:24.221201","level":"info","event":"Surabaya: 24 rows before cleaning, 24 rows after cleaning, 0 rows removed.","logger":"airflow.task.hooks.airflow.providers.standard.hooks.subprocess.SubprocessHook"}
{"timestamp":"2026-10-06T02:00:24.221242","level":"info","event":"Bandung: 288 rows before cleaning, 288 rows after cleaning, 0 rows removed.","logger":"airflow.task.hooks.airflow.providers.standard.hooks.subprocess.SubprocessHook"}
{"timestamp":"2026-10-06T02:00:24.221282","level":"info","event":"Bandung: 72 rows before cleaning, 72 rows after cleaning, 0 rows removed.","logger":"airflow.task.hooks.airflow.providers.standard.hooks.subprocess.SubprocessHook"}
{"timestamp":"2026-10-06T02:00:24.221323","level":"info","event":"Bandung: 120 rows before cleaning, 120 rows after cleaning, 0 rows removed.","logger":"airflow.task.hooks.airflow.providers.standard.hooks.subprocess.SubprocessHook"}
{"timestamp":"2026-10-06T02:00:24.221364","level":"info","event":"Bandung: 4 rows before cleaning, 4 rows after cleaning, 0 rows removed.","logger":"airflow.task.hooks.airflow.providers.standard.hooks.subprocess.SubprocessHook"}
{"timestamp":"2026-10-06T02:00:24.221407","level":"info","event":"Bandung: 3 rows before cleaning, 3 rows after cleaning, 0 rows removed.","logger":"airflow.task.hooks.airflow.providers.standard.hooks.subprocess.SubprocessHook"}
{"timestamp":"2026-10-06T02:00:24.221448","level":"info","event":"Bandung: 4 rows before cleaning, 4 rows after cleaning, 0 rows removed.","logger":"airflow.task.hooks.airflow.providers.standard.hooks.subprocess.SubprocessHook"}
{"timestamp":"2026-10-06T02:00:24.221488","level":"info","event":"Bandung: 4 rows before cleaning, 4 rows after cleaning, 0 rows removed.","logger":"airflow.task.hooks.airflow.providers.standard.hooks.subprocess.SubprocessHook"}
{"timestamp":"2026-10-06T02:00:24.221529","level":"info","event":"Bandung: 1 rows before cleaning, 1 rows after cleaning, 0 rows removed.","logger":"airflow.task.hooks.airflow.providers.standard.hooks.subprocess.SubprocessHook"}
{"timestamp":"2026-10-06T02:00:24.221569","level":"info","event":"Bandung: 0 rows before cleaning, 0 rows after cleaning, 0 rows removed.","logger":"airflow.task.hooks.airflow.providers.standard.hooks.subprocess.SubprocessHook"}
{"timestamp":"2026-10-06T02:00:24.221607","level":"info","event":"Bandung: 24 rows before cleaning, 24 rows after cleaning, 0 rows removed.","logger":"airflow.task.hooks.airflow.providers.standard.hooks.subprocess.SubprocessHook"}
{"timestamp":"2026-10-06T02:00:24.221646","level":"info","event":"Jakarta: 288 rows before cleaning, 288 rows after cleaning, 0 rows removed.","logger":"airflow.task.hooks.airflow.providers.standard.hooks.subprocess.SubprocessHook"}
{"timestamp":"2026-10-06T02:00:24.221683","level":"info","event":"Jakarta: 72 rows before cleaning, 72 rows after cleaning, 0 rows removed.","logger":"airflow.task.hooks.airflow.providers.standard.hooks.subprocess.SubprocessHook"}
{"timestamp":"2026-10-06T02:00:24.221720","level":"info","event":"Jakarta: 120 rows before cleaning, 120 rows after cleaning, 0 rows removed.","logger":"airflow.task.hooks.airflow.providers.standard.hooks.subprocess.SubprocessHook"}
{"timestamp":"2026-10-06T02:00:24.221757","level":"info","event":"Jakarta: 4 rows before cleaning, 4 rows after cleaning, 0 rows removed.","logger":"airflow.task.hooks.airflow.providers.standard.hooks.subprocess.SubprocessHook"}
{"timestamp":"2026-10-06T02:00:24.221795","level":"info","event":"Jakarta: 3 rows before cleaning, 3 rows after cleaning, 0 rows removed.","logger":"airflow.task.hooks.airflow.providers.standard.hooks.subprocess.SubprocessHook"}
{"timestamp":"2026-10-06T02:00:24.221831","level":"info","event":"Jakarta: 4 rows before cleaning, 4 rows after cleaning, 0 rows removed.","logger":"airflow.task.hooks.airflow.providers.standard.hooks.subprocess.SubprocessHook"}
{"timestamp":"2026-10-06T02:00:24.221864","level":"info","event":"Jakarta: 4 rows before cleaning, 4 rows after cleaning, 0 rows removed.","logger":"airflow.task.hooks.airflow.providers.standard.hooks.subprocess.SubprocessHook"}
{"timestamp":"2026-10-06T02:00:24.221898","level":"info","event":"Jakarta: 1 rows before cleaning, 1 rows after cleaning, 0 rows removed.","logger":"airflow.task.hooks.airflow.providers.standard.hooks.subprocess.SubprocessHook"}
{"timestamp":"2026-10-06T02:00:24.221930","level":"info","event":"Jakarta: 0 rows before cleaning, 0 rows after cleaning, 0 rows removed.","logger":"airflow.task.hooks.airflow.providers.standard.hooks.subprocess.SubprocessHook"}
{"timestamp":"2026-10-06T02:00:24.666058","level":"info","event":"Jakarta: 24 rows before cleaning, 24 rows after cleaning, 0 rows removed.","logger":"airflow.task.hooks.airflow.providers.standard.hooks.subprocess.SubprocessHook"}
{"timestamp":"2026-10-06T02:00:24.666220","level":"info","event":"Surabaya: 288 rows before cleaning, 288 rows after cleaning, 0 rows removed.","logger":"airflow.task.hooks.airflow.providers.standard.hooks.subprocess.SubprocessHook"}
{"timestamp":"2026-10-06T02:00:24.666276","level":"info","event":"Surabaya: 72 rows before cleaning, 72 rows after cleaning, 0 rows removed.","logger":"airflow.task.hooks.airflow.providers.standard.hooks.subprocess.SubprocessHook"}
{"timestamp":"2026-10-06T02:00:24.666313","level":"info","event":"Surabaya: 120 rows before cleaning, 120 rows after cleaning, 0 rows removed.","logger":"airflow.task.hooks.airflow.providers.standard.hooks.subprocess.SubprocessHook"}
{"timestamp":"2026-10-06T02:00:24.666348","level":"info","event":"Surabaya: 4 rows before cleaning, 4 rows after cleaning, 0 rows removed.","logger":"airflow.task.hooks.airflow.providers.standard.hooks.subprocess.SubprocessHook"}
{"timestamp":"2026-10-06T02:00:24.666380","level":"info","event":"Surabaya: 3 rows before cleaning, 3 rows after cleaning, 0 rows removed.","logger":"airflow.task.hooks.airflow.providers.standard.hooks.subprocess.SubprocessHook"}
{"timestamp":"2026-10-06T02:00:24.666411","level":"info","event":"Surabaya: 4 rows before cleaning, 4 rows after cleaning, 0 rows removed.","logger":"airflow.task.hooks.airflow.providers.standard.hooks.subprocess.SubprocessHook"}
{"timestamp":"2026-10-06T02:00:24.666440","level":"info","event":"Surabaya: 4 rows before cleaning, 4 rows after cleaning, 0 rows removed.","logger":"airflow.task.hooks.airflow.providers.standard.hooks.subprocess.SubprocessHook"}
{"timestamp":"2026-10-06T02:00:24.666470","level":"info","event":"Surabaya: 1 rows before cleaning, 1 rows after cleaning, 0 rows removed.","logger":"airflow.task.hooks.airflow.providers.standard.hooks.subprocess.SubprocessHook"}
{"timestamp":"2026-10-06T02:00:24.666546","level":"info","event":"Surabaya: 0 rows before cleaning, 0 rows after cleaning, 0 rows removed.","logger":"airflow.task.hooks.airflow.providers.standard.hooks.subprocess.SubprocessHook"}
{"timestamp":"2026-10-06T02:00:24.666589","level":"info","event":"Surabaya: 24 rows before cleaning, 24 rows after cleaning, 0 rows removed.","logger":"airflow.task.hooks.airflow.providers.standard.hooks.subprocess.SubprocessHook"}
{"timestamp":"2026-10-06T02:00:24.666624","level":"info","event":"Bandung: 288 rows before cleaning, 288 rows after cleaning, 0 rows removed.","logger":"airflow.task.hooks.airflow.providers.standard.hooks.subprocess.SubprocessHook"}
{"timestamp":"2026-10-06T02:00:24.666657","level":"info","event":"Bandung: 72 rows before cleaning, 72 rows after cleaning, 0 rows removed.","logger":"airflow.task.hooks.airflow.providers.standard.hooks.subprocess.SubprocessHook"}
{"timestamp":"2026-10-06T02:00:24.666690","level":"info","event":"Bandung: 120 rows before cleaning, 120 rows after cleaning, 0 rows removed.","logger":"airflow.task.hooks.airflow.providers.standard.hooks.subprocess.SubprocessHook"}
{"timestamp":"2026-10-06T02:00:24.666721","level":"info","event":"Bandung: 4 rows before cleaning, 4 rows after cleaning, 0 rows removed.","logger":"airflow.task.hooks.airflow.providers.standard.hooks.subprocess.SubprocessHook"}
{"timestamp":"2026-10-06T02:00:24.666751","level":"info","event":"Bandung: 3 rows before cleaning, 3 rows after cleaning, 0 rows removed.","logger":"airflow.task.hooks.airflow.providers.standard.hooks.subprocess.SubprocessHook"}
{"timestamp":"2026-10-06T02:00:24.666780","level":"info","event":"Bandung: 4 rows before cleaning, 4 rows after cleaning, 0 rows removed.","logger":"airflow.task.hooks.airflow.providers.standard.hooks.subprocess.SubprocessHook"}
{"timestamp":"2026-10-06T02:00:24.666809","level":"info","event":"Bandung: 4 rows before cleaning, 4 rows after cleaning, 0 rows removed.","logger":"airflow.task.hooks.airflow.providers.standard.hooks.subprocess.SubprocessHook"}
{"timestamp":"2026-10-06T02:00:24.666840","level":"info","event":"Bandung: 4 rows before cleaning, 4 rows after cleaning, 0 rows removed.","logger":"airflow.task.hooks.airflow.providers.standard.hooks.subprocess.SubprocessHook"}
{"timestamp":"2026-10-06T02:00:24.666869","level":"info","event":"Bandung: 1 rows before cleaning, 1 rows after cleaning, 0 rows removed.","logger":"airflow.task.hooks.airflow.providers.standard.hooks.subprocess.SubprocessHook"}
{"timestamp":"2026-10-06T02:00:24.666900","level":"info","event":"Bandung: 0 rows before cleaning, 0 rows after cleaning, 0 rows removed.","logger":"airflow.task.hooks.airflow.providers.standard.hooks.subprocess.SubprocessHook"}
{"timestamp":"2026-10-06T02:00:24.666930","level":"info","event":"Bandung: 24 rows before cleaning, 24 rows after cleaning, 0 rows removed.","logger":"airflow.task.hooks.airflow.providers.standard.hooks.subprocess.SubprocessHook"}
{"timestamp":"2026-10-06T02:00:24.666960","level":"info","event":"Jakarta: 288 rows before cleaning, 288 rows after cleaning, 0 rows removed.","logger":"airflow.task.hooks.airflow.providers.standard.hooks.subprocess.SubprocessHook"}
{"timestamp":"2026-10-06T02:00:24.666990","level":"info","event":"Jakarta: 72 rows before cleaning, 72 rows after cleaning, 0 rows removed.","logger":"airflow.task.hooks.airflow.providers.standard.hooks.subprocess.SubprocessHook"}
{"timestamp":"2026-10-06T02:00:24.667019","level":"info","event":"Jakarta: 120 rows before cleaning, 120 rows after cleaning, 0 rows removed.","logger":"airflow.task.hooks.airflow.providers.standard.hooks.subprocess.SubprocessHook"}
{"timestamp":"2026-10-06T02:00:24.667048","level":"info","event":"Jakarta: 4 rows before cleaning, 4 rows after cleaning, 0 rows removed.","logger":"airflow.task.hooks.airflow.providers.standard.hooks.subprocess.SubprocessHook"}
{"timestamp":"2026-10-06T02:00:24.667076","level":"info","event":"Jakarta: 3 rows before cleaning, 3 rows after cleaning, 0 rows removed.","logger":"airflow.task.hooks.airflow.providers.standard.hooks.subprocess.SubprocessHook"}
{"timestamp":"2026-10-06T02:00:24.667105","level":"info","event":"Jakarta: 4 rows before cleaning, 4 rows after cleaning, 0 rows removed.","logger":"airflow.task.hooks.airflow.providers.standard.hooks.subprocess.SubprocessHook"}
{"timestamp":"2026-10-06T02:00:24.667134","level":"info","event":"Jakarta: 4 rows before cleaning, 4 rows after cleaning, 0 rows removed.","logger":"airflow.task.hooks.airflow.providers.standard.hooks.subprocess.SubprocessHook"}
{"timestamp":"2026-10-06T02:00:24.667164","level":"info","event":"Jakarta: 4 rows before cleaning, 4 rows after cleaning, 0 rows removed.","logger":"airflow.task.hooks.airflow.providers.standard.hooks.subprocess.SubprocessHook"}
{"timestamp":"2026-10-06T02:00:24.667193","level":"info","event":"Jakarta: 1 rows before cleaning, 1 rows after cleaning, 0 rows removed.","logger":"airflow.task.hooks.airflow.providers.standard.hooks.subprocess.SubprocessHook"}
{"timestamp":"2026-10-06T02:00:24.667221","level":"info","event":"Jakarta: 0 rows before cleaning, 0 rows after cleaning, 0 rows removed.","logger":"airflow.task.hooks.airflow.providers.standard.hooks.subprocess.SubprocessHook"}
{"timestamp":"2026-10-06T02:00:24.667252","level":"info","event":"Jakarta: 24 rows before cleaning, 24 rows after cleaning, 0 rows removed.","logger":"airflow.task.hooks.airflow.providers.standard.hooks.subprocess.SubprocessHook"}
{"timestamp":"2026-10-06T02:00:24.667283","level":"info","event":"Surabaya: 288 rows before cleaning, 288 rows after cleaning, 0 rows removed.","logger":"airflow.task.hooks.airflow.providers.standard.hooks.subprocess.SubprocessHook"}
{"timestamp":"2026-10-06T02:00:24.667315","level":"info","event":"Surabaya: 72 rows before cleaning, 72 rows after cleaning, 0 rows removed.","logger":"airflow.task.hooks.airflow.providers.standard.hooks.subprocess.SubprocessHook"}
{"timestamp":"2026-10-06T02:00:24.667344","level":"info","event":"Surabaya: 120 rows before cleaning, 120 rows after cleaning, 0 rows removed.","logger":"airflow.task.hooks.airflow.providers.standard.hooks.subprocess.SubprocessHook"}
{"timestamp":"2026-10-06T02:00:24.667374","level":"info","event":"Surabaya: 4 rows before cleaning, 4 rows after cleaning, 0 rows removed.","logger":"airflow.task.hooks.airflow.providers.standard.hooks.subprocess.SubprocessHook"}
{"timestamp":"2026-10-06T02:00:24.667403","level":"info","event":"Surabaya: 3 rows before cleaning, 3 rows after cleaning, 0 rows removed.","logger":"airflow.task.hooks.airflow.providers.standard.hooks.subprocess.SubprocessHook"}
{"timestamp":"2026-10-06T02:00:24.667433","level":"info","event":"Surabaya: 4 rows before cleaning, 4 rows after cleaning, 0 rows removed.","logger":"airflow.task.hooks.airflow.providers.standard.hooks.subprocess.SubprocessHook"}
{"timestamp":"2026-10-06T02:00:24.667462","level":"info","event":"Surabaya: 4 rows before cleaning, 4 rows after cleaning, 0 rows removed.","logger":"airflow.task.hooks.airflow.providers.standard.hooks.subprocess.SubprocessHook"}
{"timestamp":"2026-10-06T02:00:24.667491","level":"info","event":"Surabaya: 4 rows before cleaning, 4 rows after cleaning, 0 rows removed.","logger":"airflow.task.hooks.airflow.providers.standard.hooks.subprocess.SubprocessHook"}
{"timestamp":"2026-10-06T02:00:24.667520","level":"info","event":"Surabaya: 1 rows before cleaning, 1 rows after cleaning, 0 rows removed.","logger":"airflow.task.hooks.airflow.providers.standard.hooks.subprocess.SubprocessHook"}
{"timestamp":"2026-10-06T02:00:24.667549","level":"info","event":"Surabaya: 0 rows before cleaning, 0 rows after cleaning, 0 rows removed.","logger":"airflow.task.hooks.airflow.providers.standard.hooks.subprocess.SubprocessHook"}
{"timestamp":"2026-10-06T02:00:24.667578","level":"info","event":"Surabaya: 24 rows before cleaning, 24 rows after cleaning, 0 rows removed.","logger":"airflow.task.hooks.airflow.providers.standard.hooks.subprocess.SubprocessHook"}
{"timestamp":"2026-10-06T02:00:24.667607","level":"info","event":"Bandung: 288 rows before cleaning, 288 rows after cleaning, 0 rows removed.","logger":"airflow.task.hooks.airflow.providers.standard.hooks.subprocess.SubprocessHook"}
{"timestamp":"2026-10-06T02:00:24.667635","level":"info","event":"Bandung: 72 rows before cleaning, 72 rows after cleaning, 0 rows removed.","logger":"airflow.task.hooks.airflow.providers.standard.hooks.subprocess.SubprocessHook"}
{"timestamp":"2026-10-06T02:00:24.667663","level":"info","event":"Bandung: 120 rows before cleaning, 120 rows after cleaning, 0 rows removed.","logger":"airflow.task.hooks.airflow.providers.standard.hooks.subprocess.SubprocessHook"}
{"timestamp":"2026-10-06T02:00:24.667734","level":"info","event":"Bandung: 4 rows before cleaning, 4 rows after cleaning, 0 rows removed.","logger":"airflow.task.hooks.airflow.providers.standard.hooks.subprocess.SubprocessHook"}
{"timestamp":"2026-10-06T02:00:24.667772","level":"info","event":"Bandung: 3 rows before cleaning, 3 rows after cleaning, 0 rows removed.","logger":"airflow.task.hooks.airflow.providers.standard.hooks.subprocess.SubprocessHook"}
{"timestamp":"2026-10-06T02:00:24.667805","level":"info","event":"Bandung: 4 rows before cleaning, 4 rows after cleaning, 0 rows removed.","logger":"airflow.task.hooks.airflow.providers.standard.hooks.subprocess.SubprocessHook"}
{"timestamp":"2026-10-06T02:00:24.667838","level":"info","event":"Bandung: 4 rows before cleaning, 4 rows after cleaning, 0 rows removed.","logger":"airflow.task.hooks.airflow.providers.standard.hooks.subprocess.SubprocessHook"}
{"timestamp":"2026-10-06T02:00:24.667869","level":"info","event":"Bandung: 4 rows before cleaning, 4 rows after cleaning, 0 rows removed.","logger":"airflow.task.hooks.airflow.providers.standard.hooks.subprocess.SubprocessHook"}
{"timestamp":"2026-10-06T02:00:24.667901","level":"info","event":"Bandung: 4 rows before cleaning, 4 rows after cleaning, 0 rows removed.","logger":"airflow.task.hooks.airflow.providers.standard.hooks.subprocess.SubprocessHook"}
{"timestamp":"2026-10-06T02:00:24.667933","level":"info","event":"Bandung: 1 rows before cleaning, 1 rows after cleaning, 0 rows removed.","logger":"airflow.task.hooks.airflow.providers.standard.hooks.subprocess.SubprocessHook"}
{"timestamp":"2026-10-06T02:00:24.667964","level":"info","event":"Bandung: 0 rows before cleaning, 0 rows after cleaning, 0 rows removed.","logger":"airflow.task.hooks.airflow.providers.standard.hooks.subprocess.SubprocessHook"}
{"timestamp":"2026-10-06T02:00:24.667996","level":"info","event":"Bandung: 24 rows before cleaning, 24 rows after cleaning, 0 rows removed.","logger":"airflow.task.hooks.airflow.providers.standard.hooks.subprocess.SubprocessHook"}
{"timestamp":"2026-10-06T02:00:24.668035","level":"info","event":"Jakarta: 288 rows before cleaning, 288 rows after cleaning, 0 rows removed.","logger":"airflow.task.hooks.airflow.providers.standard.hooks.subprocess.SubprocessHook"}
{"timestamp":"2026-10-06T02:00:24.668069","level":"info","event":"Jakarta: 72 rows before cleaning, 72 rows after cleaning, 0 rows removed.","logger":"airflow.task.hooks.airflow.providers.standard.hooks.subprocess.SubprocessHook"}
{"timestamp":"2026-10-06T02:00:24.668099","level":"info","event":"Jakarta: 120 rows before cleaning, 120 rows after cleaning, 0 rows removed.","logger":"airflow.task.hooks.airflow.providers.standard.hooks.subprocess.SubprocessHook"}
{"timestamp":"2026-10-06T02:00:24.668130","level":"info","event":"Jakarta: 4 rows before cleaning, 4 rows after cleaning, 0 rows removed.","logger":"airflow.task.hooks.airflow.providers.standard.hooks.subprocess.SubprocessHook"}
{"timestamp":"2026-10-06T02:00:24.668161","level":"info","event":"Jakarta: 3 rows before cleaning, 3 rows after cleaning, 0 rows removed.","logger":"airflow.task.hooks.airflow.providers.standard.hooks.subprocess.SubprocessHook"}
{"timestamp":"2026-10-06T02:00:24.668192","level":"info","event":"Jakarta: 4 rows before cleaning, 4 rows after cleaning, 0 rows removed.","logger":"airflow.task.hooks.airflow.providers.standard.hooks.subprocess.SubprocessHook"}
{"timestamp":"2026-10-06T02:00:24.668223","level":"info","event":"Jakarta: 4 rows before cleaning, 4 rows after cleaning, 0 rows removed.","logger":"airflow.task.hooks.airflow.providers.standard.hooks.subprocess.SubprocessHook"}
{"timestamp":"2026-10-06T02:00:24.668254","level":"info","event":"Jakarta: 4 rows before cleaning, 4 rows after cleaning, 0 rows removed.","logger":"airflow.task.hooks.airflow.providers.standard.hooks.subprocess.SubprocessHook"}
{"timestamp":"2026-10-06T02:00:24.668283","level":"info","event":"Jakarta: 4 rows before cleaning, 4 rows after cleaning, 0 rows removed.","logger":"airflow.task.hooks.airflow.providers.standard.hooks.subprocess.SubprocessHook"}
{"timestamp":"2026-10-06T02:00:24.668312","level":"info","event":"Jakarta: 1 rows before cleaning, 1 rows after cleaning, 0 rows removed.","logger":"airflow.task.hooks.airflow.providers.standard.hooks.subprocess.SubprocessHook"}
{"timestamp":"2026-10-06T02:00:24.668343","level":"info","event":"Jakarta: 0 rows before cleaning, 0 rows after cleaning, 0 rows removed.","logger":"airflow.task.hooks.airflow.providers.standard.hooks.subprocess.SubprocessHook"}
{"timestamp":"2026-10-06T02:00:24.668373","level":"info","event":"Jakarta: 24 rows before cleaning, 24 rows after cleaning, 0 rows removed.","logger":"airflow.task.hooks.airflow.providers.standard.hooks.subprocess.SubprocessHook"}
{"timestamp":"2026-10-06T02:00:24.668401","level":"info","event":"Surabaya: 288 rows before cleaning, 288 rows after cleaning, 0 rows removed.","logger":"airflow.task.hooks.airflow.providers.standard.hooks.subprocess.SubprocessHook"}
{"timestamp":"2026-10-06T02:00:24.668430","level":"info","event":"Surabaya: 72 rows before cleaning, 72 rows after cleaning, 0 rows removed.","logger":"airflow.task.hooks.airflow.providers.standard.hooks.subprocess.SubprocessHook"}
{"timestamp":"2026-10-06T02:00:24.668459","level":"info","event":"Surabaya: 120 rows before cleaning, 120 rows after cleaning, 0 rows removed.","logger":"airflow.task.hooks.airflow.providers.standard.hooks.subprocess.SubprocessHook"}
{"timestamp":"2026-10-06T02:00:24.668490","level":"info","event":"Surabaya: 4 rows before cleaning, 4 rows after cleaning, 0 rows removed.","logger":"airflow.task.hooks.airflow.providers.standard.hooks.subprocess.SubprocessHook"}
{"timestamp":"2026-10-06T02:00:24.668518","level":"info","event":"Surabaya: 3 rows before cleaning, 3 rows after cleaning, 0 rows removed.","logger":"airflow.task.hooks.airflow.providers.standard.hooks.subprocess.SubprocessHook"}
{"timestamp":"2026-10-06T02:00:24.668548","level":"info","event":"Surabaya: 4 rows before cleaning, 4 rows after cleaning, 0 rows removed.","logger":"airflow.task.hooks.airflow.providers.standard.hooks.subprocess.SubprocessHook"}
{"timestamp":"2026-10-06T02:00:24.668578","level":"info","event":"Surabaya: 4 rows before cleaning, 4 rows after cleaning, 0 rows removed.","logger":"airflow.task.hooks.airflow.providers.standard.hooks.subprocess.SubprocessHook"}
{"timestamp":"2026-10-06T02:00:24.668607","level":"info","event":"Surabaya: 4 rows before cleaning, 4 rows after cleaning, 0 rows removed.","logger":"airflow.task.hooks.airflow.providers.standard.hooks.subprocess.SubprocessHook"}
{"timestamp":"2026-10-06T02:00:24.668637","level":"info","event":"Surabaya: 4 rows before cleaning, 4 rows after cleaning, 0 rows removed.","logger":"airflow.task.hooks.airflow.providers.standard.hooks.subprocess.SubprocessHook"}
{"timestamp":"2026-10-06T02:00:24.668703","level":"info","event":"Surabaya: 1 rows before cleaning, 1 rows after cleaning, 0 rows removed.","logger":"airflow.task.hooks.airflow.providers.standard.hooks.subprocess.SubprocessHook"}
{"timestamp":"2026-10-06T02:00:24.668746","level":"info","event":"Surabaya: 0 rows before cleaning, 0 rows after cleaning, 0 rows removed.","logger":"airflow.task.hooks.airflow.providers.standard.hooks.subprocess.SubprocessHook"}
{"timestamp":"2026-10-06T02:00:24.668782","level":"info","event":"Surabaya: 24 rows before cleaning, 24 rows after cleaning, 0 rows removed.","logger":"airflow.task.hooks.airflow.providers.standard.hooks.subprocess.SubprocessHook"}
{"timestamp":"2026-10-06T02:00:24.668815","level":"info","event":"Bandung: 288 rows before cleaning, 288 rows after cleaning, 0 rows removed.","logger":"airflow.task.hooks.airflow.providers.standard.hooks.subprocess.SubprocessHook"}
{"timestamp":"2026-10-06T02:00:24.668910","level":"info","event":"Bandung: 72 rows before cleaning, 72 rows after cleaning, 0 rows removed.","logger":"airflow.task.hooks.airflow.providers.standard.hooks.subprocess.SubprocessHook"}
{"timestamp":"2026-10-06T02:00:24.668951","level":"info","event":"Bandung: 120 rows before cleaning, 120 rows after cleaning, 0 rows removed.","logger":"airflow.task.hooks.airflow.providers.standard.hooks.subprocess.SubprocessHook"}
{"timestamp":"2026-10-06T02:00:24.668985","level":"info","event":"Bandung: 4 rows before cleaning, 4 rows after cleaning, 0 rows removed.","logger":"airflow.task.hooks.airflow.providers.standard.hooks.subprocess.SubprocessHook"}
{"timestamp":"2026-10-06T02:00:24.669018","level":"info","event":"Bandung: 3 rows before cleaning, 3 rows after cleaning, 0 rows removed.","logger":"airflow.task.hooks.airflow.providers.standard.hooks.subprocess.SubprocessHook"}
{"timestamp":"2026-10-06T02:00:24.669049","level":"info","event":"Bandung: 4 rows before cleaning, 4 rows after cleaning, 0 rows removed.","logger":"airflow.task.hooks.airflow.providers.standard.hooks.subprocess.SubprocessHook"}
{"timestamp":"2026-10-06T02:00:24.669079","level":"info","event":"Bandung: 4 rows before cleaning, 4 rows after cleaning, 0 rows removed.","logger":"airflow.task.hooks.airflow.providers.standard.hooks.subprocess.SubprocessHook"}
{"timestamp":"2026-10-06T02:00:24.669110","level":"info","event":"Bandung: 4 rows before cleaning, 4 rows after cleaning, 0 rows removed.","logger":"airflow.task.hooks.airflow.providers.standard.hooks.subprocess.SubprocessHook"}
{"timestamp":"2026-10-06T02:00:24.669140","level":"info","event":"Bandung: 4 rows before cleaning, 4 rows after cleaning, 0 rows removed.","logger":"airflow.task.hooks.airflow.providers.standard.hooks.subprocess.SubprocessHook"}
{"timestamp":"2026-10-06T02:00:24.669169","level":"info","event":"Bandung: 4 rows before cleaning, 4 rows after cleaning, 0 rows removed.","logger":"airflow.task.hooks.airflow.providers.standard.hooks.subprocess.SubprocessHook"}
{"timestamp":"2026-10-06T02:00:24.669197","level":"info","event":"Bandung: 1 rows before cleaning, 1 rows after cleaning, 0 rows removed.","logger":"airflow.task.hooks.airflow.providers.standard.hooks.subprocess.SubprocessHook"}
{"timestamp":"2026-10-06T02:00:24.669225","level":"info","event":"Bandung: 0 rows before cleaning, 0 rows after cleaning, 0 rows removed.","logger":"airflow.task.hooks.airflow.providers.standard.hooks.subprocess.SubprocessHook"}
{"timestamp":"2026-10-06T02:00:24.669254","level":"info","event":"Bandung: 24 rows before cleaning, 24 rows after cleaning, 0 rows removed.","logger":"airflow.task.hooks.airflow.providers.standard.hooks.subprocess.SubprocessHook"}
{"timestamp":"2026-10-06T02:00:24.669284","level":"info","event":"Jakarta: 288 rows before cleaning, 288 rows after cleaning, 0 rows removed.","logger":"airflow.task.hooks.airflow.providers.standard.hooks.subprocess.SubprocessHook"}
{"timestamp":"2026-10-06T02:00:24.669314","level":"info","event":"Jakarta: 72 rows before cleaning, 72 rows after cleaning, 0 rows removed.","logger":"airflow.task.hooks.airflow.providers.standard.hooks.subprocess.SubprocessHook"}
{"timestamp":"2026-10-06T02:00:24.669344","level":"info","event":"Jakarta: 120 rows before cleaning, 120 rows after cleaning, 0 rows removed.","logger":"airflow.task.hooks.airflow.providers.standard.hooks.subprocess.SubprocessHook"}
{"timestamp":"2026-10-06T02:00:24.669375","level":"info","event":"Jakarta: 4 rows before cleaning, 4 rows after cleaning, 0 rows removed.","logger":"airflow.task.hooks.airflow.providers.standard.hooks.subprocess.SubprocessHook"}
{"timestamp":"2026-10-06T02:00:24.669406","level":"info","event":"Jakarta: 3 rows before cleaning, 3 rows after cleaning, 0 rows removed.","logger":"airflow.task.hooks.airflow.providers.standard.hooks.subprocess.SubprocessHook"}
{"timestamp":"2026-10-06T02:00:24.669435","level":"info","event":"Jakarta: 4 rows before cleaning, 4 rows after cleaning, 0 rows removed.","logger":"airflow.task.hooks.airflow.providers.standard.hooks.subprocess.SubprocessHook"}
{"timestamp":"2026-10-06T02:00:24.669464","level":"info","event":"Jakarta: 4 rows before cleaning, 4 rows after cleaning, 0 rows removed.","logger":"airflow.task.hooks.airflow.providers.standard.hooks.subprocess.SubprocessHook"}
{"timestamp":"2026-10-06T02:00:24.669494","level":"info","event":"Jakarta: 4 rows before cleaning, 4 rows after cleaning, 0 rows removed.","logger":"airflow.task.hooks.airflow.providers.standard.hooks.subprocess.SubprocessHook"}
{"timestamp":"2026-10-06T02:00:24.669523","level":"info","event":"Jakarta: 4 rows before cleaning, 4 rows after cleaning, 0 rows removed.","logger":"airflow.task.hooks.airflow.providers.standard.hooks.subprocess.SubprocessHook"}
{"timestamp":"2026-10-06T02:00:24.669553","level":"info","event":"Jakarta: 4 rows before cleaning, 4 rows after cleaning, 0 rows removed.","logger":"airflow.task.hooks.airflow.providers.standard.hooks.subprocess.SubprocessHook"}
{"timestamp":"2026-10-06T02:00:24.669584","level":"info","event":"Jakarta: 1 rows before cleaning, 1 rows after cleaning, 0 rows removed.","logger":"airflow.task.hooks.airflow.providers.standard.hooks.subprocess.SubprocessHook"}
{"timestamp":"2026-10-06T02:00:24.669614","level":"info","event":"Jakarta: 0 rows before cleaning, 0 rows after cleaning, 0 rows removed.","logger":"airflow.task.hooks.airflow.providers.standard.hooks.subprocess.SubprocessHook"}
{"timestamp":"2026-10-06T02:00:24.669643","level":"info","event":"Jakarta: 24 rows before cleaning, 24 rows after cleaning, 0 rows removed.","logger":"airflow.task.hooks.airflow.providers.standard.hooks.subprocess.SubprocessHook"}
{"timestamp":"2026-10-06T02:00:24.669673","level":"info","event":"Surabaya: 288 rows before cleaning, 288 rows after cleaning, 0 rows removed.","logger":"airflow.task.hooks.airflow.providers.standard.hooks.subprocess.SubprocessHook"}
{"timestamp":"2026-10-06T02:00:24.669738","level":"info","event":"Surabaya: 72 rows before cleaning, 72 rows after cleaning, 0 rows removed.","logger":"airflow.task.hooks.airflow.providers.standard.hooks.subprocess.SubprocessHook"}
{"timestamp":"2026-10-06T02:00:24.669794","level":"info","event":"Surabaya: 120 rows before cleaning, 120 rows after cleaning, 0 rows removed.","logger":"airflow.task.hooks.airflow.providers.standard.hooks.subprocess.SubprocessHook"}
{"timestamp":"2026-10-06T02:00:24.669835","level":"info","event":"Surabaya: 4 rows before cleaning, 4 rows after cleaning, 0 rows removed.","logger":"airflow.task.hooks.airflow.providers.standard.hooks.subprocess.SubprocessHook"}
{"timestamp":"2026-10-06T02:00:24.669871","level":"info","event":"Surabaya: 3 rows before cleaning, 3 rows after cleaning, 0 rows removed.","logger":"airflow.task.hooks.airflow.providers.standard.hooks.subprocess.SubprocessHook"}
{"timestamp":"2026-10-06T02:00:24.669905","level":"info","event":"Surabaya: 4 rows before cleaning, 4 rows after cleaning, 0 rows removed.","logger":"airflow.task.hooks.airflow.providers.standard.hooks.subprocess.SubprocessHook"}
{"timestamp":"2026-10-06T02:00:25.286760","level":"info","event":"Surabaya: 4 rows before cleaning, 4 rows after cleaning, 0 rows removed.","logger":"airflow.task.hooks.airflow.providers.standard.hooks.subprocess.SubprocessHook"}
{"timestamp":"2026-10-06T02:00:25.287045","level":"info","event":"Surabaya: 4 rows before cleaning, 4 rows after cleaning, 0 rows removed.","logger":"airflow.task.hooks.airflow.providers.standard.hooks.subprocess.SubprocessHook"}
{"timestamp":"2026-10-06T02:00:25.287188","level":"info","event":"Surabaya: 4 rows before cleaning, 4 rows after cleaning, 0 rows removed.","logger":"airflow.task.hooks.airflow.providers.standard.hooks.subprocess.SubprocessHook"}
{"timestamp":"2026-10-06T02:00:25.287306","level":"info","event":"Surabaya: 4 rows before cleaning, 4 rows after cleaning, 0 rows removed.","logger":"airflow.task.hooks.airflow.providers.standard.hooks.subprocess.SubprocessHook"}
{"timestamp":"2026-10-06T02:00:25.287420","level":"info","event":"Surabaya: 1 rows before cleaning, 1 rows after cleaning, 0 rows removed.","logger":"airflow.task.hooks.airflow.providers.standard.hooks.subprocess.SubprocessHook"}
{"timestamp":"2026-10-06T02:00:25.287530","level":"info","event":"Surabaya: 0 rows before cleaning, 0 rows after cleaning, 0 rows removed.","logger":"airflow.task.hooks.airflow.providers.standard.hooks.subprocess.SubprocessHook"}
{"timestamp":"2026-10-06T02:00:25.287638","level":"info","event":"Surabaya: 24 rows before cleaning, 24 rows after cleaning, 0 rows removed.","logger":"airflow.task.hooks.airflow.providers.standard.hooks.subprocess.SubprocessHook"}
{"timestamp":"2026-10-06T02:00:25.287748","level":"info","event":"Bandung: 288 rows before cleaning, 288 rows after cleaning, 0 rows removed.","logger":"airflow.task.hooks.airflow.providers.standard.hooks.subprocess.SubprocessHook"}
{"timestamp":"2026-10-06T02:00:25.287853","level":"info","event":"Bandung: 72 rows before cleaning, 72 rows after cleaning, 0 rows removed.","logger":"airflow.task.hooks.airflow.providers.standard.hooks.subprocess.SubprocessHook"}
{"timestamp":"2026-10-06T02:00:25.287955","level":"info","event":"Bandung: 120 rows before cleaning, 120 rows after cleaning, 0 rows removed.","logger":"airflow.task.hooks.airflow.providers.standard.hooks.subprocess.SubprocessHook"}
{"timestamp":"2026-10-06T02:00:25.288064","level":"info","event":"Bandung: 4 rows before cleaning, 4 rows after cleaning, 0 rows removed.","logger":"airflow.task.hooks.airflow.providers.standard.hooks.subprocess.SubprocessHook"}
{"timestamp":"2026-10-06T02:00:25.288170","level":"info","event":"Bandung: 3 rows before cleaning, 3 rows after cleaning, 0 rows removed.","logger":"airflow.task.hooks.airflow.providers.standard.hooks.subprocess.SubprocessHook"}
{"timestamp":"2026-10-06T02:00:25.288336","level":"info","event":"Bandung: 4 rows before cleaning, 4 rows after cleaning, 0 rows removed.","logger":"airflow.task.hooks.airflow.providers.standard.hooks.subprocess.SubprocessHook"}
{"timestamp":"2026-10-06T02:00:25.288476","level":"info","event":"Bandung: 4 rows before cleaning, 4 rows after cleaning, 0 rows removed.","logger":"airflow.task.hooks.airflow.providers.standard.hooks.subprocess.SubprocessHook"}
{"timestamp":"2026-10-06T02:00:25.288593","level":"info","event":"Bandung: 4 rows before cleaning, 4 rows after cleaning, 0 rows removed.","logger":"airflow.task.hooks.airflow.providers.standard.hooks.subprocess.SubprocessHook"}
{"timestamp":"2026-10-06T02:00:25.288711","level":"info","event":"Bandung: 4 rows before cleaning, 4 rows after cleaning, 0 rows removed.","logger":"airflow.task.hooks.airflow.providers.standard.hooks.subprocess.SubprocessHook"}
{"timestamp":"2026-10-06T02:00:25.288921","level":"info","event":"Bandung: 4 rows before cleaning, 4 rows after cleaning, 0 rows removed.","logger":"airflow.task.hooks.airflow.providers.standard.hooks.subprocess.SubprocessHook"}
{"timestamp":"2026-10-06T02:00:25.289094","level":"info","event":"Bandung: 1 rows before cleaning, 1 rows after cleaning, 0 rows removed.","logger":"airflow.task.hooks.airflow.providers.standard.hooks.subprocess.SubprocessHook"}
{"timestamp":"2026-10-06T02:00:25.289211","level":"info","event":"Bandung: 0 rows before cleaning, 0 rows after cleaning, 0 rows removed.","logger":"airflow.task.hooks.airflow.providers.standard.hooks.subprocess.SubprocessHook"}
{"timestamp":"2026-10-06T02:00:25.289314","level":"info","event":"Bandung: 3 rows before cleaning, 3 rows after cleaning, 0 rows removed.","logger":"airflow.task.hooks.airflow.providers.standard.hooks.subprocess.SubprocessHook"}
{"timestamp":"2026-10-06T02:00:25.289409","level":"info","event":"Bandung: 24 rows before cleaning, 24 rows after cleaning, 0 rows removed.","logger":"airflow.task.hooks.airflow.providers.standard.hooks.subprocess.SubprocessHook"}
{"timestamp":"2026-10-06T02:00:25.289502","level":"info","event":"Jakarta: 288 rows before cleaning, 288 rows after cleaning, 0 rows removed.","logger":"airflow.task.hooks.airflow.providers.standard.hooks.subprocess.SubprocessHook"}
{"timestamp":"2026-10-06T02:00:25.289594","level":"info","event":"Jakarta: 72 rows before cleaning, 72 rows after cleaning, 0 rows removed.","logger":"airflow.task.hooks.airflow.providers.standard.hooks.subprocess.SubprocessHook"}
{"timestamp":"2026-10-06T02:00:25.289684","level":"info","event":"Jakarta: 120 rows before cleaning, 120 rows after cleaning, 0 rows removed.","logger":"airflow.task.hooks.airflow.providers.standard.hooks.subprocess.SubprocessHook"}
{"timestamp":"2026-10-06T02:00:25.289772","level":"info","event":"Jakarta: 4 rows before cleaning, 4 rows after cleaning, 0 rows removed.","logger":"airflow.task.hooks.airflow.providers.standard.hooks.subprocess.SubprocessHook"}
{"timestamp":"2026-10-06T02:00:25.289859","level":"info","event":"Jakarta: 3 rows before cleaning, 3 rows after cleaning, 0 rows removed.","logger":"airflow.task.hooks.airflow.providers.standard.hooks.subprocess.SubprocessHook"}
{"timestamp":"2026-10-06T02:00:25.289947","level":"info","event":"Jakarta: 4 rows before cleaning, 4 rows after cleaning, 0 rows removed.","logger":"airflow.task.hooks.airflow.providers.standard.hooks.subprocess.SubprocessHook"}
{"timestamp":"2026-10-06T02:00:25.290031","level":"info","event":"Jakarta: 4 rows before cleaning, 4 rows after cleaning, 0 rows removed.","logger":"airflow.task.hooks.airflow.providers.standard.hooks.subprocess.SubprocessHook"}
{"timestamp":"2026-10-06T02:00:25.290118","level":"info","event":"Jakarta: 4 rows before cleaning, 4 rows after cleaning, 0 rows removed.","logger":"airflow.task.hooks.airflow.providers.standard.hooks.subprocess.SubprocessHook"}
{"timestamp":"2026-10-06T02:00:25.290206","level":"info","event":"Jakarta: 4 rows before cleaning, 4 rows after cleaning, 0 rows removed.","logger":"airflow.task.hooks.airflow.providers.standard.hooks.subprocess.SubprocessHook"}
{"timestamp":"2026-10-06T02:00:25.290292","level":"info","event":"Jakarta: 4 rows before cleaning, 4 rows after cleaning, 0 rows removed.","logger":"airflow.task.hooks.airflow.providers.standard.hooks.subprocess.SubprocessHook"}
{"timestamp":"2026-10-06T02:00:25.290455","level":"info","event":"Jakarta: 1 rows before cleaning, 1 rows after cleaning, 0 rows removed.","logger":"airflow.task.hooks.airflow.providers.standard.hooks.subprocess.SubprocessHook"}
{"timestamp":"2026-10-06T02:00:25.290574","level":"info","event":"Jakarta: 0 rows before cleaning, 0 rows after cleaning, 0 rows removed.","logger":"airflow.task.hooks.airflow.providers.standard.hooks.subprocess.SubprocessHook"}
{"timestamp":"2026-10-06T02:00:25.290689","level":"info","event":"Jakarta: 3 rows before cleaning, 3 rows after cleaning, 0 rows removed.","logger":"airflow.task.hooks.airflow.providers.standard.hooks.subprocess.SubprocessHook"}
{"timestamp":"2026-10-06T02:00:25.290791","level":"info","event":"Jakarta: 24 rows before cleaning, 24 rows after cleaning, 0 rows removed.","logger":"airflow.task.hooks.airflow.providers.standard.hooks.subprocess.SubprocessHook"}
{"timestamp":"2026-10-06T02:00:25.290888","level":"info","event":"Surabaya: 288 rows before cleaning, 288 rows after cleaning, 0 rows removed.","logger":"airflow.task.hooks.airflow.providers.standard.hooks.subprocess.SubprocessHook"}
{"timestamp":"2026-10-06T02:00:25.290984","level":"info","event":"Surabaya: 72 rows before cleaning, 72 rows after cleaning, 0 rows removed.","logger":"airflow.task.hooks.airflow.providers.standard.hooks.subprocess.SubprocessHook"}
{"timestamp":"2026-10-06T02:00:25.291087","level":"info","event":"Surabaya: 120 rows before cleaning, 120 rows after cleaning, 0 rows removed.","logger":"airflow.task.hooks.airflow.providers.standard.hooks.subprocess.SubprocessHook"}
{"timestamp":"2026-10-06T02:00:25.291193","level":"info","event":"Surabaya: 4 rows before cleaning, 4 rows after cleaning, 0 rows removed.","logger":"airflow.task.hooks.airflow.providers.standard.hooks.subprocess.SubprocessHook"}
{"timestamp":"2026-10-06T02:00:25.291300","level":"info","event":"Surabaya: 3 rows before cleaning, 3 rows after cleaning, 0 rows removed.","logger":"airflow.task.hooks.airflow.providers.standard.hooks.subprocess.SubprocessHook"}
{"timestamp":"2026-10-06T02:00:25.291416","level":"info","event":"Surabaya: 4 rows before cleaning, 4 rows after cleaning, 0 rows removed.","logger":"airflow.task.hooks.airflow.providers.standard.hooks.subprocess.SubprocessHook"}
{"timestamp":"2026-10-06T02:00:25.291521","level":"info","event":"Surabaya: 4 rows before cleaning, 4 rows after cleaning, 0 rows removed.","logger":"airflow.task.hooks.airflow.providers.standard.hooks.subprocess.SubprocessHook"}
{"timestamp":"2026-10-06T02:00:25.291621","level":"info","event":"Surabaya: 4 rows before cleaning, 4 rows after cleaning, 0 rows removed.","logger":"airflow.task.hooks.airflow.providers.standard.hooks.subprocess.SubprocessHook"}
{"timestamp":"2026-10-06T02:00:25.291717","level":"info","event":"Surabaya: 4 rows before cleaning, 4 rows after cleaning, 0 rows removed.","logger":"airflow.task.hooks.airflow.providers.standard.hooks.subprocess.SubprocessHook"}
{"timestamp":"2026-10-06T02:00:25.291811","level":"info","event":"Surabaya: 4 rows before cleaning, 4 rows after cleaning, 0 rows removed.","logger":"airflow.task.hooks.airflow.providers.standard.hooks.subprocess.SubprocessHook"}
{"timestamp":"2026-10-06T02:00:25.291907","level":"info","event":"Surabaya: 1 rows before cleaning, 1 rows after cleaning, 0 rows removed.","logger":"airflow.task.hooks.airflow.providers.standard.hooks.subprocess.SubprocessHook"}
{"timestamp":"2026-10-06T02:00:25.291996","level":"info","event":"Surabaya: 0 rows before cleaning, 0 rows after cleaning, 0 rows removed.","logger":"airflow.task.hooks.airflow.providers.standard.hooks.subprocess.SubprocessHook"}
{"timestamp":"2026-10-06T02:00:25.292086","level":"info","event":"Surabaya: 3 rows before cleaning, 3 rows after cleaning, 0 rows removed.","logger":"airflow.task.hooks.airflow.providers.standard.hooks.subprocess.SubprocessHook"}
{"timestamp":"2026-10-06T02:00:25.292173","level":"info","event":"Surabaya: 24 rows before cleaning, 24 rows after cleaning, 0 rows removed.","logger":"airflow.task.hooks.airflow.providers.standard.hooks.subprocess.SubprocessHook"}
{"timestamp":"2026-10-06T02:00:25.292260","level":"info","event":"Bandung: 288 rows before cleaning, 288 rows after cleaning, 0 rows removed.","logger":"airflow.task.hooks.airflow.providers.standard.hooks.subprocess.SubprocessHook"}
{"timestamp":"2026-10-06T02:00:25.292350","level":"info","event":"Bandung: 72 rows before cleaning, 72 rows after cleaning, 0 rows removed.","logger":"airflow.task.hooks.airflow.providers.standard.hooks.subprocess.SubprocessHook"}
{"timestamp":"2026-10-06T02:00:25.292512","level":"info","event":"Bandung: 120 rows before cleaning, 120 rows after cleaning, 0 rows removed.","logger":"airflow.task.hooks.airflow.providers.standard.hooks.subprocess.SubprocessHook"}
{"timestamp":"2026-10-06T02:00:25.292632","level":"info","event":"Bandung: 4 rows before cleaning, 4 rows after cleaning, 0 rows removed.","logger":"airflow.task.hooks.airflow.providers.standard.hooks.subprocess.SubprocessHook"}
{"timestamp":"2026-10-06T02:00:25.292729","level":"info","event":"Bandung: 3 rows before cleaning, 3 rows after cleaning, 0 rows removed.","logger":"airflow.task.hooks.airflow.providers.standard.hooks.subprocess.SubprocessHook"}
{"timestamp":"2026-10-06T02:00:25.292823","level":"info","event":"Bandung: 4 rows before cleaning, 4 rows after cleaning, 0 rows removed.","logger":"airflow.task.hooks.airflow.providers.standard.hooks.subprocess.SubprocessHook"}
{"timestamp":"2026-10-06T02:00:25.293045","level":"info","event":"Bandung: 4 rows before cleaning, 4 rows after cleaning, 0 rows removed.","logger":"airflow.task.hooks.airflow.providers.standard.hooks.subprocess.SubprocessHook"}
{"timestamp":"2026-10-06T02:00:25.293188","level":"info","event":"Bandung: 4 rows before cleaning, 4 rows after cleaning, 0 rows removed.","logger":"airflow.task.hooks.airflow.providers.standard.hooks.subprocess.SubprocessHook"}
{"timestamp":"2026-10-06T02:00:25.293281","level":"info","event":"Bandung: 4 rows before cleaning, 4 rows after cleaning, 0 rows removed.","logger":"airflow.task.hooks.airflow.providers.standard.hooks.subprocess.SubprocessHook"}
{"timestamp":"2026-10-06T02:00:25.293374","level":"info","event":"Bandung: 4 rows before cleaning, 4 rows after cleaning, 0 rows removed.","logger":"airflow.task.hooks.airflow.providers.standard.hooks.subprocess.SubprocessHook"}
{"timestamp":"2026-10-06T02:00:25.293462","level":"info","event":"Bandung: 1 rows before cleaning, 1 rows after cleaning, 0 rows removed.","logger":"airflow.task.hooks.airflow.providers.standard.hooks.subprocess.SubprocessHook"}
{"timestamp":"2026-10-06T02:00:25.293555","level":"info","event":"Bandung: 0 rows before cleaning, 0 rows after cleaning, 0 rows removed.","logger":"airflow.task.hooks.airflow.providers.standard.hooks.subprocess.SubprocessHook"}
{"timestamp":"2026-10-06T02:00:25.293645","level":"info","event":"Bandung: 3 rows before cleaning, 3 rows after cleaning, 0 rows removed.","logger":"airflow.task.hooks.airflow.providers.standard.hooks.subprocess.SubprocessHook"}
{"timestamp":"2026-10-06T02:00:25.293741","level":"info","event":"Bandung: 4 rows before cleaning, 4 rows after cleaning, 0 rows removed.","logger":"airflow.task.hooks.airflow.providers.standard.hooks.subprocess.SubprocessHook"}
{"timestamp":"2026-10-06T02:00:25.293842","level":"info","event":"Bandung: 24 rows before cleaning, 24 rows after cleaning, 0 rows removed.","logger":"airflow.task.hooks.airflow.providers.standard.hooks.subprocess.SubprocessHook"}
{"timestamp":"2026-10-06T02:00:25.293960","level":"info","event":"Jakarta: 288 rows before cleaning, 288 rows after cleaning, 0 rows removed.","logger":"airflow.task.hooks.airflow.providers.standard.hooks.subprocess.SubprocessHook"}
{"timestamp":"2026-10-06T02:00:25.294079","level":"info","event":"Jakarta: 72 rows before cleaning, 72 rows after cleaning, 0 rows removed.","logger":"airflow.task.hooks.airflow.providers.standard.hooks.subprocess.SubprocessHook"}
{"timestamp":"2026-10-06T02:00:25.294202","level":"info","event":"Jakarta: 120 rows before cleaning, 120 rows after cleaning, 0 rows removed.","logger":"airflow.task.hooks.airflow.providers.standard.hooks.subprocess.SubprocessHook"}
{"timestamp":"2026-10-06T02:00:25.294314","level":"info","event":"Jakarta: 4 rows before cleaning, 4 rows after cleaning, 0 rows removed.","logger":"airflow.task.hooks.airflow.providers.standard.hooks.subprocess.SubprocessHook"}
{"timestamp":"2026-10-06T02:00:25.294417","level":"info","event":"Jakarta: 3 rows before cleaning, 3 rows after cleaning, 0 rows removed.","logger":"airflow.task.hooks.airflow.providers.standard.hooks.subprocess.SubprocessHook"}
{"timestamp":"2026-10-06T02:00:25.294633","level":"info","event":"Jakarta: 4 rows before cleaning, 4 rows after cleaning, 0 rows removed.","logger":"airflow.task.hooks.airflow.providers.standard.hooks.subprocess.SubprocessHook"}
{"timestamp":"2026-10-06T02:00:25.294769","level":"info","event":"Jakarta: 4 rows before cleaning, 4 rows after cleaning, 0 rows removed.","logger":"airflow.task.hooks.airflow.providers.standard.hooks.subprocess.SubprocessHook"}
{"timestamp":"2026-10-06T02:00:25.294882","level":"info","event":"Jakarta: 4 rows before cleaning, 4 rows after cleaning, 0 rows removed.","logger":"airflow.task.hooks.airflow.providers.standard.hooks.subprocess.SubprocessHook"}
{"timestamp":"2026-10-06T02:00:25.294989","level":"info","event":"Jakarta: 4 rows before cleaning, 4 rows after cleaning, 0 rows removed.","logger":"airflow.task.hooks.airflow.providers.standard.hooks.subprocess.SubprocessHook"}
{"timestamp":"2026-10-06T02:00:25.295096","level":"info","event":"Jakarta: 4 rows before cleaning, 4 rows after cleaning, 0 rows removed.","logger":"airflow.task.hooks.airflow.providers.standard.hooks.subprocess.SubprocessHook"}
{"timestamp":"2026-10-06T02:00:25.295213","level":"info","event":"Jakarta: 1 rows before cleaning, 1 rows after cleaning, 0 rows removed.","logger":"airflow.task.hooks.airflow.providers.standard.hooks.subprocess.SubprocessHook"}
{"timestamp":"2026-10-06T02:00:25.295333","level":"info","event":"Jakarta: 0 rows before cleaning, 0 rows after cleaning, 0 rows removed.","logger":"airflow.task.hooks.airflow.providers.standard.hooks.subprocess.SubprocessHook"}
{"timestamp":"2026-10-06T02:00:25.295448","level":"info","event":"Jakarta: 3 rows before cleaning, 3 rows after cleaning, 0 rows removed.","logger":"airflow.task.hooks.airflow.providers.standard.hooks.subprocess.SubprocessHook"}
{"timestamp":"2026-10-06T02:00:25.295564","level":"info","event":"Jakarta: 4 rows before cleaning, 4 rows after cleaning, 0 rows removed.","logger":"airflow.task.hooks.airflow.providers.standard.hooks.subprocess.SubprocessHook"}
{"timestamp":"2026-10-06T02:00:25.295686","level":"info","event":"Jakarta: 24 rows before cleaning, 24 rows after cleaning, 0 rows removed.","logger":"airflow.task.hooks.airflow.providers.standard.hooks.subprocess.SubprocessHook"}
{"timestamp":"2026-10-06T02:00:25.295803","level":"info","event":"Surabaya: 288 rows before cleaning, 288 rows after cleaning, 0 rows removed.","logger":"airflow.task.hooks.airflow.providers.standard.hooks.subprocess.SubprocessHook"}
{"timestamp":"2026-10-06T02:00:25.295907","level":"info","event":"Surabaya: 72 rows before cleaning, 72 rows after cleaning, 0 rows removed.","logger":"airflow.task.hooks.airflow.providers.standard.hooks.subprocess.SubprocessHook"}
{"timestamp":"2026-10-06T02:00:25.296015","level":"info","event":"Surabaya: 120 rows before cleaning, 120 rows after cleaning, 0 rows removed.","logger":"airflow.task.hooks.airflow.providers.standard.hooks.subprocess.SubprocessHook"}
{"timestamp":"2026-10-06T02:00:25.296128","level":"info","event":"Surabaya: 4 rows before cleaning, 4 rows after cleaning, 0 rows removed.","logger":"airflow.task.hooks.airflow.providers.standard.hooks.subprocess.SubprocessHook"}
{"timestamp":"2026-10-06T02:00:25.296246","level":"info","event":"Surabaya: 3 rows before cleaning, 3 rows after cleaning, 0 rows removed.","logger":"airflow.task.hooks.airflow.providers.standard.hooks.subprocess.SubprocessHook"}
{"timestamp":"2026-10-06T02:00:25.296373","level":"info","event":"Surabaya: 4 rows before cleaning, 4 rows after cleaning, 0 rows removed.","logger":"airflow.task.hooks.airflow.providers.standard.hooks.subprocess.SubprocessHook"}
{"timestamp":"2026-10-06T02:00:25.296495","level":"info","event":"Surabaya: 4 rows before cleaning, 4 rows after cleaning, 0 rows removed.","logger":"airflow.task.hooks.airflow.providers.standard.hooks.subprocess.SubprocessHook"}
{"timestamp":"2026-10-06T02:00:25.296711","level":"info","event":"Surabaya: 4 rows before cleaning, 4 rows after cleaning, 0 rows removed.","logger":"airflow.task.hooks.airflow.providers.standard.hooks.subprocess.SubprocessHook"}
{"timestamp":"2026-10-06T02:00:25.296933","level":"info","event":"Surabaya: 4 rows before cleaning, 4 rows after cleaning, 0 rows removed.","logger":"airflow.task.hooks.airflow.providers.standard.hooks.subprocess.SubprocessHook"}
{"timestamp":"2026-10-06T02:00:25.297090","level":"info","event":"Surabaya: 4 rows before cleaning, 4 rows after cleaning, 0 rows removed.","logger":"airflow.task.hooks.airflow.providers.standard.hooks.subprocess.SubprocessHook"}
{"timestamp":"2026-10-06T02:00:25.297213","level":"info","event":"Surabaya: 1 rows before cleaning, 1 rows after cleaning, 0 rows removed.","logger":"airflow.task.hooks.airflow.providers.standard.hooks.subprocess.SubprocessHook"}
{"timestamp":"2026-10-06T02:00:25.297323","level":"info","event":"Surabaya: 0 rows before cleaning, 0 rows after cleaning, 0 rows removed.","logger":"airflow.task.hooks.airflow.providers.standard.hooks.subprocess.SubprocessHook"}
{"timestamp":"2026-10-06T02:00:25.297439","level":"info","event":"Surabaya: 3 rows before cleaning, 3 rows after cleaning, 0 rows removed.","logger":"airflow.task.hooks.airflow.providers.standard.hooks.subprocess.SubprocessHook"}
{"timestamp":"2026-10-06T02:00:25.297565","level":"info","event":"Surabaya: 4 rows before cleaning, 4 rows after cleaning, 0 rows removed.","logger":"airflow.task.hooks.airflow.providers.standard.hooks.subprocess.SubprocessHook"}
{"timestamp":"2026-10-06T02:00:25.297689","level":"info","event":"Surabaya: 24 rows before cleaning, 24 rows after cleaning, 0 rows removed.","logger":"airflow.task.hooks.airflow.providers.standard.hooks.subprocess.SubprocessHook"}
{"timestamp":"2026-10-06T02:00:25.297804","level":"info","event":"Bandung: 288 rows before cleaning, 288 rows after cleaning, 0 rows removed.","logger":"airflow.task.hooks.airflow.providers.standard.hooks.subprocess.SubprocessHook"}
{"timestamp":"2026-10-06T02:00:25.297989","level":"info","event":"Bandung: 72 rows before cleaning, 72 rows after cleaning, 0 rows removed.","logger":"airflow.task.hooks.airflow.providers.standard.hooks.subprocess.SubprocessHook"}
{"timestamp":"2026-10-06T02:00:25.298104","level":"info","event":"Bandung: 120 rows before cleaning, 120 rows after cleaning, 0 rows removed.","logger":"airflow.task.hooks.airflow.providers.standard.hooks.subprocess.SubprocessHook"}
{"timestamp":"2026-10-06T02:00:25.298214","level":"info","event":"Bandung: 4 rows before cleaning, 4 rows after cleaning, 0 rows removed.","logger":"airflow.task.hooks.airflow.providers.standard.hooks.subprocess.SubprocessHook"}
{"timestamp":"2026-10-06T02:00:25.298324","level":"info","event":"Bandung: 3 rows before cleaning, 3 rows after cleaning, 0 rows removed.","logger":"airflow.task.hooks.airflow.providers.standard.hooks.subprocess.SubprocessHook"}
{"timestamp":"2026-10-06T02:00:25.298427","level":"info","event":"Bandung: 4 rows before cleaning, 4 rows after cleaning, 0 rows removed.","logger":"airflow.task.hooks.airflow.providers.standard.hooks.subprocess.SubprocessHook"}
{"timestamp":"2026-10-06T02:00:25.298530","level":"info","event":"Bandung: 4 rows before cleaning, 4 rows after cleaning, 0 rows removed.","logger":"airflow.task.hooks.airflow.providers.standard.hooks.subprocess.SubprocessHook"}
{"timestamp":"2026-10-06T02:00:25.298712","level":"info","event":"Bandung: 4 rows before cleaning, 4 rows after cleaning, 0 rows removed.","logger":"airflow.task.hooks.airflow.providers.standard.hooks.subprocess.SubprocessHook"}
{"timestamp":"2026-10-06T02:00:25.298877","level":"info","event":"Bandung: 4 rows before cleaning, 4 rows after cleaning, 0 rows removed.","logger":"airflow.task.hooks.airflow.providers.standard.hooks.subprocess.SubprocessHook"}
{"timestamp":"2026-10-06T02:00:25.298984","level":"info","event":"Bandung: 4 rows before cleaning, 4 rows after cleaning, 0 rows removed.","logger":"airflow.task.hooks.airflow.providers.standard.hooks.subprocess.SubprocessHook"}
{"timestamp":"2026-10-06T02:00:25.299082","level":"info","event":"Bandung: 1 rows before cleaning, 1 rows after cleaning, 0 rows removed.","logger":"airflow.task.hooks.airflow.providers.standard.hooks.subprocess.SubprocessHook"}
{"timestamp":"2026-10-06T02:00:25.299173","level":"info","event":"Bandung: 0 rows before cleaning, 0 rows after cleaning, 0 rows removed.","logger":"airflow.task.hooks.airflow.providers.standard.hooks.subprocess.SubprocessHook"}
{"timestamp":"2026-10-06T02:00:25.299274","level":"info","event":"Bandung: 3 rows before cleaning, 3 rows after cleaning, 0 rows removed.","logger":"airflow.task.hooks.airflow.providers.standard.hooks.subprocess.SubprocessHook"}
{"timestamp":"2026-10-06T02:00:25.299388","level":"info","event":"Bandung: 4 rows before cleaning, 4 rows after cleaning, 0 rows removed.","logger":"airflow.task.hooks.airflow.providers.standard.hooks.subprocess.SubprocessHook"}
{"timestamp":"2026-10-06T02:00:25.299505","level":"info","event":"Bandung: 1 rows before cleaning, 1 rows after cleaning, 0 rows removed.","logger":"airflow.task.hooks.airflow.providers.standard.hooks.subprocess.SubprocessHook"}
{"timestamp":"2026-10-06T02:00:25.299623","level":"info","event":"Bandung: 24 rows before cleaning, 24 rows after cleaning, 0 rows removed.","logger":"airflow.task.hooks.airflow.providers.standard.hooks.subprocess.SubprocessHook"}
{"timestamp":"2026-10-06T02:00:25.299752","level":"info","event":"Jakarta: 288 rows before cleaning, 288 rows after cleaning, 0 rows removed.","logger":"airflow.task.hooks.airflow.providers.standard.hooks.subprocess.SubprocessHook"}
{"timestamp":"2026-10-06T02:00:25.299874","level":"info","event":"Jakarta: 72 rows before cleaning, 72 rows after cleaning, 0 rows removed.","logger":"airflow.task.hooks.airflow.providers.standard.hooks.subprocess.SubprocessHook"}
{"timestamp":"2026-10-06T02:00:25.861672","level":"info","event":"Jakarta: 120 rows before cleaning, 120 rows after cleaning, 0 rows removed.","logger":"airflow.task.hooks.airflow.providers.standard.hooks.subprocess.SubprocessHook"}
{"timestamp":"2026-10-06T02:00:25.861900","level":"info","event":"Jakarta: 4 rows before cleaning, 4 rows after cleaning, 0 rows removed.","logger":"airflow.task.hooks.airflow.providers.standard.hooks.subprocess.SubprocessHook"}
{"timestamp":"2026-10-06T02:00:25.861980","level":"info","event":"Jakarta: 3 rows before cleaning, 3 rows after cleaning, 0 rows removed.","logger":"airflow.task.hooks.airflow.providers.standard.hooks.subprocess.SubprocessHook"}
{"timestamp":"2026-10-06T02:00:25.862033","level":"info","event":"Jakarta: 4 rows before cleaning, 4 rows after cleaning, 0 rows removed.","logger":"airflow.task.hooks.airflow.providers.standard.hooks.subprocess.SubprocessHook"}
{"timestamp":"2026-10-06T02:00:25.862079","level":"info","event":"Jakarta: 4 rows before cleaning, 4 rows after cleaning, 0 rows removed.","logger":"airflow.task.hooks.airflow.providers.standard.hooks.subprocess.SubprocessHook"}
{"timestamp":"2026-10-06T02:00:25.862121","level":"info","event":"Jakarta: 4 rows before cleaning, 4 rows after cleaning, 0 rows removed.","logger":"airflow.task.hooks.airflow.providers.standard.hooks.subprocess.SubprocessHook"}
{"timestamp":"2026-10-06T02:00:25.862349","level":"info","event":"Jakarta: 4 rows before cleaning, 4 rows after cleaning, 0 rows removed.","logger":"airflow.task.hooks.airflow.providers.standard.hooks.subprocess.SubprocessHook"}
{"timestamp":"2026-10-06T02:00:25.862424","level":"info","event":"Jakarta: 4 rows before cleaning, 4 rows after cleaning, 0 rows removed.","logger":"airflow.task.hooks.airflow.providers.standard.hooks.subprocess.SubprocessHook"}
{"timestamp":"2026-10-06T02:00:25.862476","level":"info","event":"Jakarta: 1 rows before cleaning, 1 rows after cleaning, 0 rows removed.","logger":"airflow.task.hooks.airflow.providers.standard.hooks.subprocess.SubprocessHook"}
{"timestamp":"2026-10-06T02:00:25.862522","level":"info","event":"Jakarta: 0 rows before cleaning, 0 rows after cleaning, 0 rows removed.","logger":"airflow.task.hooks.airflow.providers.standard.hooks.subprocess.SubprocessHook"}
{"timestamp":"2026-10-06T02:00:25.862567","level":"info","event":"Jakarta: 3 rows before cleaning, 3 rows after cleaning, 0 rows removed.","logger":"airflow.task.hooks.airflow.providers.standard.hooks.subprocess.SubprocessHook"}
{"timestamp":"2026-10-06T02:00:25.862612","level":"info","event":"Jakarta: 4 rows before cleaning, 4 rows after cleaning, 0 rows removed.","logger":"airflow.task.hooks.airflow.providers.standard.hooks.subprocess.SubprocessHook"}
{"timestamp":"2026-10-06T02:00:25.862657","level":"info","event":"Jakarta: 1 rows before cleaning, 1 rows after cleaning, 0 rows removed.","logger":"airflow.task.hooks.airflow.providers.standard.hooks.subprocess.SubprocessHook"}
{"timestamp":"2026-10-06T02:00:25.862701","level":"info","event":"Jakarta: 24 rows before cleaning, 24 rows after cleaning, 0 rows removed.","logger":"airflow.task.hooks.airflow.providers.standard.hooks.subprocess.SubprocessHook"}
{"timestamp":"2026-10-06T02:00:25.862744","level":"info","event":"Surabaya: 288 rows before cleaning, 288 rows after cleaning, 0 rows removed.","logger":"airflow.task.hooks.airflow.providers.standard.hooks.subprocess.SubprocessHook"}
{"timestamp":"2026-10-06T02:00:25.862788","level":"info","event":"Surabaya: 72 rows before cleaning, 72 rows after cleaning, 0 rows removed.","logger":"airflow.task.hooks.airflow.providers.standard.hooks.subprocess.SubprocessHook"}
{"timestamp":"2026-10-06T02:00:25.862830","level":"info","event":"Surabaya: 120 rows before cleaning, 120 rows after cleaning, 0 rows removed.","logger":"airflow.task.hooks.airflow.providers.standard.hooks.subprocess.SubprocessHook"}
{"timestamp":"2026-10-06T02:00:25.862873","level":"info","event":"Surabaya: 4 rows before cleaning, 4 rows after cleaning, 0 rows removed.","logger":"airflow.task.hooks.airflow.providers.standard.hooks.subprocess.SubprocessHook"}
{"timestamp":"2026-10-06T02:00:25.863017","level":"info","event":"Surabaya: 3 rows before cleaning, 3 rows after cleaning, 0 rows removed.","logger":"airflow.task.hooks.airflow.providers.standard.hooks.subprocess.SubprocessHook"}
{"timestamp":"2026-10-06T02:00:25.863100","level":"info","event":"Surabaya: 4 rows before cleaning, 4 rows after cleaning, 0 rows removed.","logger":"airflow.task.hooks.airflow.providers.standard.hooks.subprocess.SubprocessHook"}
{"timestamp":"2026-10-06T02:00:25.863153","level":"info","event":"Surabaya: 4 rows before cleaning, 4 rows after cleaning, 0 rows removed.","logger":"airflow.task.hooks.airflow.providers.standard.hooks.subprocess.SubprocessHook"}
{"timestamp":"2026-10-06T02:00:25.863199","level":"info","event":"Surabaya: 4 rows before cleaning, 4 rows after cleaning, 0 rows removed.","logger":"airflow.task.hooks.airflow.providers.standard.hooks.subprocess.SubprocessHook"}
{"timestamp":"2026-10-06T02:00:25.863269","level":"info","event":"Surabaya: 4 rows before cleaning, 4 rows after cleaning, 0 rows removed.","logger":"airflow.task.hooks.airflow.providers.standard.hooks.subprocess.SubprocessHook"}
{"timestamp":"2026-10-06T02:00:25.863350","level":"info","event":"Surabaya: 4 rows before cleaning, 4 rows after cleaning, 0 rows removed.","logger":"airflow.task.hooks.airflow.providers.standard.hooks.subprocess.SubprocessHook"}
{"timestamp":"2026-10-06T02:00:25.863405","level":"info","event":"Surabaya: 1 rows before cleaning, 1 rows after cleaning, 0 rows removed.","logger":"airflow.task.hooks.airflow.providers.standard.hooks.subprocess.SubprocessHook"}
{"timestamp":"2026-10-06T02:00:25.863456","level":"info","event":"Surabaya: 0 rows before cleaning, 0 rows after cleaning, 0 rows removed.","logger":"airflow.task.hooks.airflow.providers.standard.hooks.subprocess.SubprocessHook"}
{"timestamp":"2026-10-06T02:00:25.863504","level":"info","event":"Surabaya: 3 rows before cleaning, 3 rows after cleaning, 0 rows removed.","logger":"airflow.task.hooks.airflow.providers.standard.hooks.subprocess.SubprocessHook"}
{"timestamp":"2026-10-06T02:00:25.863546","level":"info","event":"Surabaya: 4 rows before cleaning, 4 rows after cleaning, 0 rows removed.","logger":"airflow.task.hooks.airflow.providers.standard.hooks.subprocess.SubprocessHook"}
{"timestamp":"2026-10-06T02:00:25.863588","level":"info","event":"Surabaya: 1 rows before cleaning, 1 rows after cleaning, 0 rows removed.","logger":"airflow.task.hooks.airflow.providers.standard.hooks.subprocess.SubprocessHook"}
{"timestamp":"2026-10-06T02:00:25.863626","level":"info","event":"Surabaya: 24 rows before cleaning, 24 rows after cleaning, 0 rows removed.","logger":"airflow.task.hooks.airflow.providers.standard.hooks.subprocess.SubprocessHook"}
{"timestamp":"2026-10-06T02:00:25.863669","level":"info","event":"Bandung: 288 rows before cleaning, 288 rows after cleaning, 0 rows removed.","logger":"airflow.task.hooks.airflow.providers.standard.hooks.subprocess.SubprocessHook"}
{"timestamp":"2026-10-06T02:00:25.863710","level":"info","event":"Bandung: 72 rows before cleaning, 72 rows after cleaning, 0 rows removed.","logger":"airflow.task.hooks.airflow.providers.standard.hooks.subprocess.SubprocessHook"}
{"timestamp":"2026-10-06T02:00:25.863752","level":"info","event":"Bandung: 120 rows before cleaning, 120 rows after cleaning, 0 rows removed.","logger":"airflow.task.hooks.airflow.providers.standard.hooks.subprocess.SubprocessHook"}
{"timestamp":"2026-10-06T02:00:25.863792","level":"info","event":"Bandung: 4 rows before cleaning, 4 rows after cleaning, 0 rows removed.","logger":"airflow.task.hooks.airflow.providers.standard.hooks.subprocess.SubprocessHook"}
{"timestamp":"2026-10-06T02:00:25.864019","level":"info","event":"Bandung: 3 rows before cleaning, 3 rows after cleaning, 0 rows removed.","logger":"airflow.task.hooks.airflow.providers.standard.hooks.subprocess.SubprocessHook"}
{"timestamp":"2026-10-06T02:00:25.864103","level":"info","event":"Bandung: 4 rows before cleaning, 4 rows after cleaning, 0 rows removed.","logger":"airflow.task.hooks.airflow.providers.standard.hooks.subprocess.SubprocessHook"}
{"timestamp":"2026-10-06T02:00:25.864153","level":"info","event":"Bandung: 4 rows before cleaning, 4 rows after cleaning, 0 rows removed.","logger":"airflow.task.hooks.airflow.providers.standard.hooks.subprocess.SubprocessHook"}
{"timestamp":"2026-10-06T02:00:25.864294","level":"info","event":"Bandung: 4 rows before cleaning, 4 rows after cleaning, 0 rows removed.","logger":"airflow.task.hooks.airflow.providers.standard.hooks.subprocess.SubprocessHook"}
{"timestamp":"2026-10-06T02:00:25.864359","level":"info","event":"Bandung: 4 rows before cleaning, 4 rows after cleaning, 0 rows removed.","logger":"airflow.task.hooks.airflow.providers.standard.hooks.subprocess.SubprocessHook"}
{"timestamp":"2026-10-06T02:00:25.864458","level":"info","event":"Bandung: 4 rows before cleaning, 4 rows after cleaning, 0 rows removed.","logger":"airflow.task.hooks.airflow.providers.standard.hooks.subprocess.SubprocessHook"}
{"timestamp":"2026-10-06T02:00:25.864574","level":"info","event":"Bandung: 1 rows before cleaning, 1 rows after cleaning, 0 rows removed.","logger":"airflow.task.hooks.airflow.providers.standard.hooks.subprocess.SubprocessHook"}
{"timestamp":"2026-10-06T02:00:25.864665","level":"info","event":"Bandung: 0 rows before cleaning, 0 rows after cleaning, 0 rows removed.","logger":"airflow.task.hooks.airflow.providers.standard.hooks.subprocess.SubprocessHook"}
{"timestamp":"2026-10-06T02:00:25.864724","level":"info","event":"Bandung: 3 rows before cleaning, 3 rows after cleaning, 0 rows removed.","logger":"airflow.task.hooks.airflow.providers.standard.hooks.subprocess.SubprocessHook"}
{"timestamp":"2026-10-06T02:00:25.864772","level":"info","event":"Bandung: 3 rows before cleaning, 3 rows after cleaning, 0 rows removed.","logger":"airflow.task.hooks.airflow.providers.standard.hooks.subprocess.SubprocessHook"}
{"timestamp":"2026-10-06T02:00:25.864819","level":"info","event":"Bandung: 4 rows before cleaning, 4 rows after cleaning, 0 rows removed.","logger":"airflow.task.hooks.airflow.providers.standard.hooks.subprocess.SubprocessHook"}
{"timestamp":"2026-10-06T02:00:25.864911","level":"info","event":"Bandung: 1 rows before cleaning, 1 rows after cleaning, 0 rows removed.","logger":"airflow.task.hooks.airflow.providers.standard.hooks.subprocess.SubprocessHook"}
{"timestamp":"2026-10-06T02:00:25.864963","level":"info","event":"Bandung: 24 rows before cleaning, 24 rows after cleaning, 0 rows removed.","logger":"airflow.task.hooks.airflow.providers.standard.hooks.subprocess.SubprocessHook"}
{"timestamp":"2026-10-06T02:00:25.865006","level":"info","event":"Jakarta: 288 rows before cleaning, 288 rows after cleaning, 0 rows removed.","logger":"airflow.task.hooks.airflow.providers.standard.hooks.subprocess.SubprocessHook"}
{"timestamp":"2026-10-06T02:00:25.865048","level":"info","event":"Jakarta: 72 rows before cleaning, 72 rows after cleaning, 0 rows removed.","logger":"airflow.task.hooks.airflow.providers.standard.hooks.subprocess.SubprocessHook"}
{"timestamp":"2026-10-06T02:00:25.865089","level":"info","event":"Jakarta: 120 rows before cleaning, 120 rows after cleaning, 0 rows removed.","logger":"airflow.task.hooks.airflow.providers.standard.hooks.subprocess.SubprocessHook"}
{"timestamp":"2026-10-06T02:00:25.865173","level":"info","event":"Jakarta: 4 rows before cleaning, 4 rows after cleaning, 0 rows removed.","logger":"airflow.task.hooks.airflow.providers.standard.hooks.subprocess.SubprocessHook"}
{"timestamp":"2026-10-06T02:00:25.865233","level":"info","event":"Jakarta: 3 rows before cleaning, 3 rows after cleaning, 0 rows removed.","logger":"airflow.task.hooks.airflow.providers.standard.hooks.subprocess.SubprocessHook"}
{"timestamp":"2026-10-06T02:00:25.865286","level":"info","event":"Jakarta: 4 rows before cleaning, 4 rows after cleaning, 0 rows removed.","logger":"airflow.task.hooks.airflow.providers.standard.hooks.subprocess.SubprocessHook"}
{"timestamp":"2026-10-06T02:00:25.865367","level":"info","event":"Jakarta: 4 rows before cleaning, 4 rows after cleaning, 0 rows removed.","logger":"airflow.task.hooks.airflow.providers.standard.hooks.subprocess.SubprocessHook"}
{"timestamp":"2026-10-06T02:00:25.865423","level":"info","event":"Jakarta: 4 rows before cleaning, 4 rows after cleaning, 0 rows removed.","logger":"airflow.task.hooks.airflow.providers.standard.hooks.subprocess.SubprocessHook"}
{"timestamp":"2026-10-06T02:00:25.865469","level":"info","event":"Jakarta: 4 rows before cleaning, 4 rows after cleaning, 0 rows removed.","logger":"airflow.task.hooks.airflow.providers.standard.hooks.subprocess.SubprocessHook"}
{"timestamp":"2026-10-06T02:00:25.865511","level":"info","event":"Jakarta: 4 rows before cleaning, 4 rows after cleaning, 0 rows removed.","logger":"airflow.task.hooks.airflow.providers.standard.hooks.subprocess.SubprocessHook"}
{"timestamp":"2026-10-06T02:00:25.865567","level":"info","event":"Jakarta: 1 rows before cleaning, 1 rows after cleaning, 0 rows removed.","logger":"airflow.task.hooks.airflow.providers.standard.hooks.subprocess.SubprocessHook"}
{"timestamp":"2026-10-06T02:00:25.865612","level":"info","event":"Jakarta: 0 rows before cleaning, 0 rows after cleaning, 0 rows removed.","logger":"airflow.task.hooks.airflow.providers.standard.hooks.subprocess.SubprocessHook"}
{"timestamp":"2026-10-06T02:00:25.865658","level":"info","event":"Jakarta: 3 rows before cleaning, 3 rows after cleaning, 0 rows removed.","logger":"airflow.task.hooks.airflow.providers.standard.hooks.subprocess.SubprocessHook"}
{"timestamp":"2026-10-06T02:00:25.865705","level":"info","event":"Jakarta: 3 rows before cleaning, 3 rows after cleaning, 0 rows removed.","logger":"airflow.task.hooks.airflow.providers.standard.hooks.subprocess.SubprocessHook"}
{"timestamp":"2026-10-06T02:00:25.865754","level":"info","event":"Jakarta: 4 rows before cleaning, 4 rows after cleaning, 0 rows removed.","logger":"airflow.task.hooks.airflow.providers.standard.hooks.subprocess.SubprocessHook"}
{"timestamp":"2026-10-06T02:00:25.865806","level":"info","event":"Jakarta: 1 rows before cleaning, 1 rows after cleaning, 0 rows removed.","logger":"airflow.task.hooks.airflow.providers.standard.hooks.subprocess.SubprocessHook"}
{"timestamp":"2026-10-06T02:00:25.865859","level":"info","event":"Jakarta: 24 rows before cleaning, 24 rows after cleaning, 0 rows removed.","logger":"airflow.task.hooks.airflow.providers.standard.hooks.subprocess.SubprocessHook"}
{"timestamp":"2026-10-06T02:00:25.865909","level":"info","event":"Surabaya: 288 rows before cleaning, 288 rows after cleaning, 0 rows removed.","logger":"airflow.task.hooks.airflow.providers.standard.hooks.subprocess.SubprocessHook"}
{"timestamp":"2026-10-06T02:00:25.865956","level":"info","event":"Surabaya: 72 rows before cleaning, 72 rows after cleaning, 0 rows removed.","logger":"airflow.task.hooks.airflow.providers.standard.hooks.subprocess.SubprocessHook"}
{"timestamp":"2026-10-06T02:00:25.866001","level":"info","event":"Surabaya: 120 rows before cleaning, 120 rows after cleaning, 0 rows removed.","logger":"airflow.task.hooks.airflow.providers.standard.hooks.subprocess.SubprocessHook"}
{"timestamp":"2026-10-06T02:00:25.866045","level":"info","event":"Surabaya: 4 rows before cleaning, 4 rows after cleaning, 0 rows removed.","logger":"airflow.task.hooks.airflow.providers.standard.hooks.subprocess.SubprocessHook"}
{"timestamp":"2026-10-06T02:00:25.866088","level":"info","event":"Surabaya: 3 rows before cleaning, 3 rows after cleaning, 0 rows removed.","logger":"airflow.task.hooks.airflow.providers.standard.hooks.subprocess.SubprocessHook"}
{"timestamp":"2026-10-06T02:00:25.866129","level":"info","event":"Surabaya: 4 rows before cleaning, 4 rows after cleaning, 0 rows removed.","logger":"airflow.task.hooks.airflow.providers.standard.hooks.subprocess.SubprocessHook"}
{"timestamp":"2026-10-06T02:00:25.866170","level":"info","event":"Surabaya: 4 rows before cleaning, 4 rows after cleaning, 0 rows removed.","logger":"airflow.task.hooks.airflow.providers.standard.hooks.subprocess.SubprocessHook"}
{"timestamp":"2026-10-06T02:00:25.866213","level":"info","event":"Surabaya: 4 rows before cleaning, 4 rows after cleaning, 0 rows removed.","logger":"airflow.task.hooks.airflow.providers.standard.hooks.subprocess.SubprocessHook"}
{"timestamp":"2026-10-06T02:00:25.866257","level":"info","event":"Surabaya: 4 rows before cleaning, 4 rows after cleaning, 0 rows removed.","logger":"airflow.task.hooks.airflow.providers.standard.hooks.subprocess.SubprocessHook"}
{"timestamp":"2026-10-06T02:00:25.866302","level":"info","event":"Surabaya: 4 rows before cleaning, 4 rows after cleaning, 0 rows removed.","logger":"airflow.task.hooks.airflow.providers.standard.hooks.subprocess.SubprocessHook"}
{"timestamp":"2026-10-06T02:00:25.866343","level":"info","event":"Surabaya: 1 rows before cleaning, 1 rows after cleaning, 0 rows removed.","logger":"airflow.task.hooks.airflow.providers.standard.hooks.subprocess.SubprocessHook"}
{"timestamp":"2026-10-06T02:00:25.866384","level":"info","event":"Surabaya: 0 rows before cleaning, 0 rows after cleaning, 0 rows removed.","logger":"airflow.task.hooks.airflow.providers.standard.hooks.subprocess.SubprocessHook"}
{"timestamp":"2026-10-06T02:00:25.866425","level":"info","event":"Surabaya: 3 rows before cleaning, 3 rows after cleaning, 0 rows removed.","logger":"airflow.task.hooks.airflow.providers.standard.hooks.subprocess.SubprocessHook"}
{"timestamp":"2026-10-06T02:00:25.866466","level":"info","event":"Surabaya: 3 rows before cleaning, 3 rows after cleaning, 0 rows removed.","logger":"airflow.task.hooks.airflow.providers.standard.hooks.subprocess.SubprocessHook"}
{"timestamp":"2026-10-06T02:00:25.866505","level":"info","event":"Surabaya: 4 rows before cleaning, 4 rows after cleaning, 0 rows removed.","logger":"airflow.task.hooks.airflow.providers.standard.hooks.subprocess.SubprocessHook"}
{"timestamp":"2026-10-06T02:00:25.866542","level":"info","event":"Surabaya: 1 rows before cleaning, 1 rows after cleaning, 0 rows removed.","logger":"airflow.task.hooks.airflow.providers.standard.hooks.subprocess.SubprocessHook"}
{"timestamp":"2026-10-06T02:00:25.866581","level":"info","event":"Surabaya: 24 rows before cleaning, 24 rows after cleaning, 0 rows removed.","logger":"airflow.task.hooks.airflow.providers.standard.hooks.subprocess.SubprocessHook"}
{"timestamp":"2026-10-06T02:00:25.866620","level":"info","event":"Bandung: 288 rows before cleaning, 288 rows after cleaning, 0 rows removed.","logger":"airflow.task.hooks.airflow.providers.standard.hooks.subprocess.SubprocessHook"}
{"timestamp":"2026-10-06T02:00:25.866661","level":"info","event":"Bandung: 72 rows before cleaning, 72 rows after cleaning, 0 rows removed.","logger":"airflow.task.hooks.airflow.providers.standard.hooks.subprocess.SubprocessHook"}
{"timestamp":"2026-10-06T02:00:25.866701","level":"info","event":"Bandung: 120 rows before cleaning, 120 rows after cleaning, 0 rows removed.","logger":"airflow.task.hooks.airflow.providers.standard.hooks.subprocess.SubprocessHook"}
{"timestamp":"2026-10-06T02:00:25.866748","level":"info","event":"Bandung: 4 rows before cleaning, 4 rows after cleaning, 0 rows removed.","logger":"airflow.task.hooks.airflow.providers.standard.hooks.subprocess.SubprocessHook"}
{"timestamp":"2026-10-06T02:00:25.866788","level":"info","event":"Bandung: 3 rows before cleaning, 3 rows after cleaning, 0 rows removed.","logger":"airflow.task.hooks.airflow.providers.standard.hooks.subprocess.SubprocessHook"}
{"timestamp":"2026-10-06T02:00:25.866827","level":"info","event":"Bandung: 4 rows before cleaning, 4 rows after cleaning, 0 rows removed.","logger":"airflow.task.hooks.airflow.providers.standard.hooks.subprocess.SubprocessHook"}
{"timestamp":"2026-10-06T02:00:25.866868","level":"info","event":"Bandung: 4 rows before cleaning, 4 rows after cleaning, 0 rows removed.","logger":"airflow.task.hooks.airflow.providers.standard.hooks.subprocess.SubprocessHook"}
{"timestamp":"2026-10-06T02:00:25.866909","level":"info","event":"Bandung: 4 rows before cleaning, 4 rows after cleaning, 0 rows removed.","logger":"airflow.task.hooks.airflow.providers.standard.hooks.subprocess.SubprocessHook"}
{"timestamp":"2026-10-06T02:00:25.866949","level":"info","event":"Bandung: 4 rows before cleaning, 4 rows after cleaning, 0 rows removed.","logger":"airflow.task.hooks.airflow.providers.standard.hooks.subprocess.SubprocessHook"}
{"timestamp":"2026-10-06T02:00:25.866989","level":"info","event":"Bandung: 4 rows before cleaning, 4 rows after cleaning, 0 rows removed.","logger":"airflow.task.hooks.airflow.providers.standard.hooks.subprocess.SubprocessHook"}
{"timestamp":"2026-10-06T02:00:25.867028","level":"info","event":"Bandung: 1 rows before cleaning, 1 rows after cleaning, 0 rows removed.","logger":"airflow.task.hooks.airflow.providers.standard.hooks.subprocess.SubprocessHook"}
{"timestamp":"2026-10-06T02:00:25.867064","level":"info","event":"Bandung: 0 rows before cleaning, 0 rows after cleaning, 0 rows removed.","logger":"airflow.task.hooks.airflow.providers.standard.hooks.subprocess.SubprocessHook"}
{"timestamp":"2026-10-06T02:00:25.867103","level":"info","event":"Bandung: 3 rows before cleaning, 3 rows after cleaning, 0 rows removed.","logger":"airflow.task.hooks.airflow.providers.standard.hooks.subprocess.SubprocessHook"}
{"timestamp":"2026-10-06T02:00:25.867142","level":"info","event":"Bandung: 3 rows before cleaning, 3 rows after cleaning, 0 rows removed.","logger":"airflow.task.hooks.airflow.providers.standard.hooks.subprocess.SubprocessHook"}
{"timestamp":"2026-10-06T02:00:25.867180","level":"info","event":"Bandung: 4 rows before cleaning, 4 rows after cleaning, 0 rows removed.","logger":"airflow.task.hooks.airflow.providers.standard.hooks.subprocess.SubprocessHook"}
{"timestamp":"2026-10-06T02:00:25.867220","level":"info","event":"Bandung: 1 rows before cleaning, 1 rows after cleaning, 0 rows removed.","logger":"airflow.task.hooks.airflow.providers.standard.hooks.subprocess.SubprocessHook"}
{"timestamp":"2026-10-06T02:00:25.867259","level":"info","event":"Bandung: 24 rows before cleaning, 24 rows after cleaning, 0 rows removed.","logger":"airflow.task.hooks.airflow.providers.standard.hooks.subprocess.SubprocessHook"}
{"timestamp":"2026-10-06T02:00:25.867298","level":"info","event":"Bandung: 3 rows before cleaning, 3 rows after cleaning, 0 rows removed.","logger":"airflow.task.hooks.airflow.providers.standard.hooks.subprocess.SubprocessHook"}
{"timestamp":"2026-10-06T02:00:25.867336","level":"info","event":"Jakarta: 288 rows before cleaning, 288 rows after cleaning, 0 rows removed.","logger":"airflow.task.hooks.airflow.providers.standard.hooks.subprocess.SubprocessHook"}
{"timestamp":"2026-10-06T02:00:25.867435","level":"info","event":"Jakarta: 72 rows before cleaning, 72 rows after cleaning, 0 rows removed.","logger":"airflow.task.hooks.airflow.providers.standard.hooks.subprocess.SubprocessHook"}
{"timestamp":"2026-10-06T02:00:25.867500","level":"info","event":"Jakarta: 120 rows before cleaning, 120 rows after cleaning, 0 rows removed.","logger":"airflow.task.hooks.airflow.providers.standard.hooks.subprocess.SubprocessHook"}
{"timestamp":"2026-10-06T02:00:25.867549","level":"info","event":"Jakarta: 4 rows before cleaning, 4 rows after cleaning, 0 rows removed.","logger":"airflow.task.hooks.airflow.providers.standard.hooks.subprocess.SubprocessHook"}
{"timestamp":"2026-10-06T02:00:25.867593","level":"info","event":"Jakarta: 3 rows before cleaning, 3 rows after cleaning, 0 rows removed.","logger":"airflow.task.hooks.airflow.providers.standard.hooks.subprocess.SubprocessHook"}
{"timestamp":"2026-10-06T02:00:25.867635","level":"info","event":"Jakarta: 4 rows before cleaning, 4 rows after cleaning, 0 rows removed.","logger":"airflow.task.hooks.airflow.providers.standard.hooks.subprocess.SubprocessHook"}
{"timestamp":"2026-10-06T02:00:25.867679","level":"info","event":"Jakarta: 4 rows before cleaning, 4 rows after cleaning, 0 rows removed.","logger":"airflow.task.hooks.airflow.providers.standard.hooks.subprocess.SubprocessHook"}
{"timestamp":"2026-10-06T02:00:25.867721","level":"info","event":"Jakarta: 4 rows before cleaning, 4 rows after cleaning, 0 rows removed.","logger":"airflow.task.hooks.airflow.providers.standard.hooks.subprocess.SubprocessHook"}
{"timestamp":"2026-10-06T02:00:25.867763","level":"info","event":"Jakarta: 4 rows before cleaning, 4 rows after cleaning, 0 rows removed.","logger":"airflow.task.hooks.airflow.providers.standard.hooks.subprocess.SubprocessHook"}
{"timestamp":"2026-10-06T02:00:25.867806","level":"info","event":"Jakarta: 4 rows before cleaning, 4 rows after cleaning, 0 rows removed.","logger":"airflow.task.hooks.airflow.providers.standard.hooks.subprocess.SubprocessHook"}
{"timestamp":"2026-10-06T02:00:25.867847","level":"info","event":"Jakarta: 1 rows before cleaning, 1 rows after cleaning, 0 rows removed.","logger":"airflow.task.hooks.airflow.providers.standard.hooks.subprocess.SubprocessHook"}
{"timestamp":"2026-10-06T02:00:25.867889","level":"info","event":"Jakarta: 0 rows before cleaning, 0 rows after cleaning, 0 rows removed.","logger":"airflow.task.hooks.airflow.providers.standard.hooks.subprocess.SubprocessHook"}
{"timestamp":"2026-10-06T02:00:25.867932","level":"info","event":"Jakarta: 3 rows before cleaning, 3 rows after cleaning, 0 rows removed.","logger":"airflow.task.hooks.airflow.providers.standard.hooks.subprocess.SubprocessHook"}
{"timestamp":"2026-10-06T02:00:25.867974","level":"info","event":"Jakarta: 3 rows before cleaning, 3 rows after cleaning, 0 rows removed.","logger":"airflow.task.hooks.airflow.providers.standard.hooks.subprocess.SubprocessHook"}
{"timestamp":"2026-10-06T02:00:54.179198","level":"info","event":"Jakarta: 4 rows before cleaning, 4 rows after cleaning, 0 rows removed.","logger":"airflow.task.hooks.airflow.providers.standard.hooks.subprocess.SubprocessHook"}
{"timestamp":"2026-10-06T02:00:54.179522","level":"info","event":"Jakarta: 1 rows before cleaning, 1 rows after cleaning, 0 rows removed.","logger":"airflow.task.hooks.airflow.providers.standard.hooks.subprocess.SubprocessHook"}
{"timestamp":"2026-10-06T02:00:54.179617","level":"info","event":"Jakarta: 24 rows before cleaning, 24 rows after cleaning, 0 rows removed.","logger":"airflow.task.hooks.airflow.providers.standard.hooks.subprocess.SubprocessHook"}
{"timestamp":"2026-10-06T02:00:54.179675","level":"info","event":"Jakarta: 3 rows before cleaning, 3 rows after cleaning, 0 rows removed.","logger":"airflow.task.hooks.airflow.providers.standard.hooks.subprocess.SubprocessHook"}
{"timestamp":"2026-10-06T02:00:54.179720","level":"info","event":"Surabaya: 288 rows before cleaning, 288 rows after cleaning, 0 rows removed.","logger":"airflow.task.hooks.airflow.providers.standard.hooks.subprocess.SubprocessHook"}
{"timestamp":"2026-10-06T02:00:54.179760","level":"info","event":"Surabaya: 72 rows before cleaning, 72 rows after cleaning, 0 rows removed.","logger":"airflow.task.hooks.airflow.providers.standard.hooks.subprocess.SubprocessHook"}
{"timestamp":"2026-10-06T02:00:54.179795","level":"info","event":"Surabaya: 120 rows before cleaning, 120 rows after cleaning, 0 rows removed.","logger":"airflow.task.hooks.airflow.providers.standard.hooks.subprocess.SubprocessHook"}
{"timestamp":"2026-10-06T02:00:54.179828","level":"info","event":"Surabaya: 4 rows before cleaning, 4 rows after cleaning, 0 rows removed.","logger":"airflow.task.hooks.airflow.providers.standard.hooks.subprocess.SubprocessHook"}
{"timestamp":"2026-10-06T02:00:54.179862","level":"info","event":"Surabaya: 3 rows before cleaning, 3 rows after cleaning, 0 rows removed.","logger":"airflow.task.hooks.airflow.providers.standard.hooks.subprocess.SubprocessHook"}
{"timestamp":"2026-10-06T02:00:54.179896","level":"info","event":"Surabaya: 4 rows before cleaning, 4 rows after cleaning, 0 rows removed.","logger":"airflow.task.hooks.airflow.providers.standard.hooks.subprocess.SubprocessHook"}
{"timestamp":"2026-10-06T02:00:54.179929","level":"info","event":"Surabaya: 4 rows before cleaning, 4 rows after cleaning, 0 rows removed.","logger":"airflow.task.hooks.airflow.providers.standard.hooks.subprocess.SubprocessHook"}
{"timestamp":"2026-10-06T02:00:54.179961","level":"info","event":"Surabaya: 4 rows before cleaning, 4 rows after cleaning, 0 rows removed.","logger":"airflow.task.hooks.airflow.providers.standard.hooks.subprocess.SubprocessHook"}
{"timestamp":"2026-10-06T02:00:54.179993","level":"info","event":"Surabaya: 4 rows before cleaning, 4 rows after cleaning, 0 rows removed.","logger":"airflow.task.hooks.airflow.providers.standard.hooks.subprocess.SubprocessHook"}
{"timestamp":"2026-10-06T02:00:54.180025","level":"info","event":"Surabaya: 4 rows before cleaning, 4 rows after cleaning, 0 rows removed.","logger":"airflow.task.hooks.airflow.providers.standard.hooks.subprocess.SubprocessHook"}
{"timestamp":"2026-10-06T02:00:54.180057","level":"info","event":"Surabaya: 1 rows before cleaning, 1 rows after cleaning, 0 rows removed.","logger":"airflow.task.hooks.airflow.providers.standard.hooks.subprocess.SubprocessHook"}
{"timestamp":"2026-10-06T02:00:54.180089","level":"info","event":"Surabaya: 0 rows before cleaning, 0 rows after cleaning, 0 rows removed.","logger":"airflow.task.hooks.airflow.providers.standard.hooks.subprocess.SubprocessHook"}
{"timestamp":"2026-10-06T02:00:54.180121","level":"info","event":"Surabaya: 3 rows before cleaning, 3 rows after cleaning, 0 rows removed.","logger":"airflow.task.hooks.airflow.providers.standard.hooks.subprocess.SubprocessHook"}
{"timestamp":"2026-10-06T02:00:54.180150","level":"info","event":"Surabaya: 3 rows before cleaning, 3 rows after cleaning, 0 rows removed.","logger":"airflow.task.hooks.airflow.providers.standard.hooks.subprocess.SubprocessHook"}
{"timestamp":"2026-10-06T02:00:54.180181","level":"info","event":"Surabaya: 4 rows before cleaning, 4 rows after cleaning, 0 rows removed.","logger":"airflow.task.hooks.airflow.providers.standard.hooks.subprocess.SubprocessHook"}
{"timestamp":"2026-10-06T02:00:54.180211","level":"info","event":"Surabaya: 1 rows before cleaning, 1 rows after cleaning, 0 rows removed.","logger":"airflow.task.hooks.airflow.providers.standard.hooks.subprocess.SubprocessHook"}
{"timestamp":"2026-10-06T02:00:54.180243","level":"info","event":"Surabaya: 24 rows before cleaning, 24 rows after cleaning, 0 rows removed.","logger":"airflow.task.hooks.airflow.providers.standard.hooks.subprocess.SubprocessHook"}
{"timestamp":"2026-10-06T02:00:54.180274","level":"info","event":"Surabaya: 3 rows before cleaning, 3 rows after cleaning, 0 rows removed.","logger":"airflow.task.hooks.airflow.providers.standard.hooks.subprocess.SubprocessHook"}
{"timestamp":"2026-10-06T02:00:54.180305","level":"info","event":"Bandung: 288 rows before cleaning, 288 rows after cleaning, 0 rows removed.","logger":"airflow.task.hooks.airflow.providers.standard.hooks.subprocess.SubprocessHook"}
{"timestamp":"2026-10-06T02:00:54.180337","level":"info","event":"Bandung: 72 rows before cleaning, 72 rows after cleaning, 0 rows removed.","logger":"airflow.task.hooks.airflow.providers.standard.hooks.subprocess.SubprocessHook"}
{"timestamp":"2026-10-06T02:00:54.180368","level":"info","event":"Bandung: 120 rows before cleaning, 120 rows after cleaning, 0 rows removed.","logger":"airflow.task.hooks.airflow.providers.standard.hooks.subprocess.SubprocessHook"}
{"timestamp":"2026-10-06T02:00:54.180398","level":"info","event":"Bandung: 4 rows before cleaning, 4 rows after cleaning, 0 rows removed.","logger":"airflow.task.hooks.airflow.providers.standard.hooks.subprocess.SubprocessHook"}
{"timestamp":"2026-10-06T02:00:54.180427","level":"info","event":"Bandung: 3 rows before cleaning, 3 rows after cleaning, 0 rows removed.","logger":"airflow.task.hooks.airflow.providers.standard.hooks.subprocess.SubprocessHook"}
{"timestamp":"2026-10-06T02:00:54.180457","level":"info","event":"Bandung: 4 rows before cleaning, 4 rows after cleaning, 0 rows removed.","logger":"airflow.task.hooks.airflow.providers.standard.hooks.subprocess.SubprocessHook"}
{"timestamp":"2026-10-06T02:00:54.180487","level":"info","event":"Bandung: 4 rows before cleaning, 4 rows after cleaning, 0 rows removed.","logger":"airflow.task.hooks.airflow.providers.standard.hooks.subprocess.SubprocessHook"}
{"timestamp":"2026-10-06T02:00:54.180517","level":"info","event":"Bandung: 4 rows before cleaning, 4 rows after cleaning, 0 rows removed.","logger":"airflow.task.hooks.airflow.providers.standard.hooks.subprocess.SubprocessHook"}
{"timestamp":"2026-10-06T02:00:54.180549","level":"info","event":"Bandung: 4 rows before cleaning, 4 rows after cleaning, 0 rows removed.","logger":"airflow.task.hooks.airflow.providers.standard.hooks.subprocess.SubprocessHook"}
{"timestamp":"2026-10-06T02:00:54.180579","level":"info","event":"Bandung: 4 rows before cleaning, 4 rows after cleaning, 0 rows removed.","logger":"airflow.task.hooks.airflow.providers.standard.hooks.subprocess.SubprocessHook"}
{"timestamp":"2026-10-06T02:00:54.180609","level":"info","event":"Bandung: 1 rows before cleaning, 1 rows after cleaning, 0 rows removed.","logger":"airflow.task.hooks.airflow.providers.standard.hooks.subprocess.SubprocessHook"}
{"timestamp":"2026-10-06T02:00:54.180638","level":"info","event":"Bandung: 0 rows before cleaning, 0 rows after cleaning, 0 rows removed.","logger":"airflow.task.hooks.airflow.providers.standard.hooks.subprocess.SubprocessHook"}
{"timestamp":"2026-10-06T02:00:54.180667","level":"info","event":"Bandung: 3 rows before cleaning, 3 rows after cleaning, 0 rows removed.","logger":"airflow.task.hooks.airflow.providers.standard.hooks.subprocess.SubprocessHook"}
{"timestamp":"2026-10-06T02:00:54.180726","level":"info","event":"Bandung: 3 rows before cleaning, 3 rows after cleaning, 0 rows removed.","logger":"airflow.task.hooks.airflow.providers.standard.hooks.subprocess.SubprocessHook"}
{"timestamp":"2026-10-06T02:00:54.180775","level":"info","event":"Bandung: 4 rows before cleaning, 4 rows after cleaning, 0 rows removed.","logger":"airflow.task.hooks.airflow.providers.standard.hooks.subprocess.SubprocessHook"}
{"timestamp":"2026-10-06T02:00:54.180813","level":"info","event":"Bandung: 1 rows before cleaning, 1 rows after cleaning, 0 rows removed.","logger":"airflow.task.hooks.airflow.providers.standard.hooks.subprocess.SubprocessHook"}
{"timestamp":"2026-10-06T02:00:54.180848","level":"info","event":"Bandung: 24 rows before cleaning, 24 rows after cleaning, 0 rows removed.","logger":"airflow.task.hooks.airflow.providers.standard.hooks.subprocess.SubprocessHook"}
{"timestamp":"2026-10-06T02:00:54.180882","level":"info","event":"Bandung: 3 rows before cleaning, 3 rows after cleaning, 0 rows removed.","logger":"airflow.task.hooks.airflow.providers.standard.hooks.subprocess.SubprocessHook"}
{"timestamp":"2026-10-06T02:00:54.180916","level":"info","event":"Bandung: 3 rows before cleaning, 3 rows after cleaning, 0 rows removed.","logger":"airflow.task.hooks.airflow.providers.standard.hooks.subprocess.SubprocessHook"}
{"timestamp":"2026-10-06T02:00:54.180948","level":"info","event":"Jakarta: 288 rows before cleaning, 288 rows after cleaning, 0 rows removed.","logger":"airflow.task.hooks.airflow.providers.standard.hooks.subprocess.SubprocessHook"}
{"timestamp":"2026-10-06T02:00:54.180983","level":"info","event":"Jakarta: 72 rows before cleaning, 72 rows after cleaning, 0 rows removed.","logger":"airflow.task.hooks.airflow.providers.standard.hooks.subprocess.SubprocessHook"}
{"timestamp":"2026-10-06T02:00:54.181015","level":"info","event":"Jakarta: 120 rows before cleaning, 120 rows after cleaning, 0 rows removed.","logger":"airflow.task.hooks.airflow.providers.standard.hooks.subprocess.SubprocessHook"}
{"timestamp":"2026-10-06T02:00:54.181048","level":"info","event":"Jakarta: 4 rows before cleaning, 4 rows after cleaning, 0 rows removed.","logger":"airflow.task.hooks.airflow.providers.standard.hooks.subprocess.SubprocessHook"}
{"timestamp":"2026-10-06T02:00:54.181082","level":"info","event":"Jakarta: 3 rows before cleaning, 3 rows after cleaning, 0 rows removed.","logger":"airflow.task.hooks.airflow.providers.standard.hooks.subprocess.SubprocessHook"}
{"timestamp":"2026-10-06T02:00:54.181114","level":"info","event":"Jakarta: 4 rows before cleaning, 4 rows after cleaning, 0 rows removed.","logger":"airflow.task.hooks.airflow.providers.standard.hooks.subprocess.SubprocessHook"}
{"timestamp":"2026-10-06T02:00:54.181146","level":"info","event":"Jakarta: 4 rows before cleaning, 4 rows after cleaning, 0 rows removed.","logger":"airflow.task.hooks.airflow.providers.standard.hooks.subprocess.SubprocessHook"}
{"timestamp":"2026-10-06T02:00:54.181178","level":"info","event":"Jakarta: 4 rows before cleaning, 4 rows after cleaning, 0 rows removed.","logger":"airflow.task.hooks.airflow.providers.standard.hooks.subprocess.SubprocessHook"}
{"timestamp":"2026-10-06T02:00:54.181210","level":"info","event":"Jakarta: 4 rows before cleaning, 4 rows after cleaning, 0 rows removed.","logger":"airflow.task.hooks.airflow.providers.standard.hooks.subprocess.SubprocessHook"}
{"timestamp":"2026-10-06T02:00:54.181241","level":"info","event":"Jakarta: 4 rows before cleaning, 4 rows after cleaning, 0 rows removed.","logger":"airflow.task.hooks.airflow.providers.standard.hooks.subprocess.SubprocessHook"}
{"timestamp":"2026-10-06T02:00:54.181315","level":"info","event":"Jakarta: 1 rows before cleaning, 1 rows after cleaning, 0 rows removed.","logger":"airflow.task.hooks.airflow.providers.standard.hooks.subprocess.SubprocessHook"}
{"timestamp":"2026-10-06T02:00:54.181361","level":"info","event":"Jakarta: 0 rows before cleaning, 0 rows after cleaning, 0 rows removed.","logger":"airflow.task.hooks.airflow.providers.standard.hooks.subprocess.SubprocessHook"}
{"timestamp":"2026-10-06T02:00:54.181400","level":"info","event":"Jakarta: 3 rows before cleaning, 3 rows after cleaning, 0 rows removed.","logger":"airflow.task.hooks.airflow.providers.standard.hooks.subprocess.SubprocessHook"}
{"timestamp":"2026-10-06T02:00:54.181436","level":"info","event":"Jakarta: 3 rows before cleaning, 3 rows after cleaning, 0 rows removed.","logger":"airflow.task.hooks.airflow.providers.standard.hooks.subprocess.SubprocessHook"}
{"timestamp":"2026-10-06T02:00:54.181472","level":"info","event":"Jakarta: 4 rows before cleaning, 4 rows after cleaning, 0 rows removed.","logger":"airflow.task.hooks.airflow.providers.standard.hooks.subprocess.SubprocessHook"}
{"timestamp":"2026-10-06T02:00:54.181506","level":"info","event":"Jakarta: 1 rows before cleaning, 1 rows after cleaning, 0 rows removed.","logger":"airflow.task.hooks.airflow.providers.standard.hooks.subprocess.SubprocessHook"}
{"timestamp":"2026-10-06T02:00:54.181548","level":"info","event":"Jakarta: 24 rows before cleaning, 24 rows after cleaning, 0 rows removed.","logger":"airflow.task.hooks.airflow.providers.standard.hooks.subprocess.SubprocessHook"}
{"timestamp":"2026-10-06T02:00:54.181581","level":"info","event":"Jakarta: 3 rows before cleaning, 3 rows after cleaning, 0 rows removed.","logger":"airflow.task.hooks.airflow.providers.standard.hooks.subprocess.SubprocessHook"}
{"timestamp":"2026-10-06T02:00:54.181613","level":"info","event":"Jakarta: 3 rows before cleaning, 3 rows after cleaning, 0 rows removed.","logger":"airflow.task.hooks.airflow.providers.standard.hooks.subprocess.SubprocessHook"}
{"timestamp":"2026-10-06T02:00:54.181679","level":"info","event":"Surabaya: 288 rows before cleaning, 288 rows after cleaning, 0 rows removed.","logger":"airflow.task.hooks.airflow.providers.standard.hooks.subprocess.SubprocessHook"}
{"timestamp":"2026-10-06T02:00:54.181727","level":"info","event":"Surabaya: 72 rows before cleaning, 72 rows after cleaning, 0 rows removed.","logger":"airflow.task.hooks.airflow.providers.standard.hooks.subprocess.SubprocessHook"}
{"timestamp":"2026-10-06T02:00:54.181766","level":"info","event":"Surabaya: 120 rows before cleaning, 120 rows after cleaning, 0 rows removed.","logger":"airflow.task.hooks.airflow.providers.standard.hooks.subprocess.SubprocessHook"}
{"timestamp":"2026-10-06T02:00:54.181802","level":"info","event":"Surabaya: 4 rows before cleaning, 4 rows after cleaning, 0 rows removed.","logger":"airflow.task.hooks.airflow.providers.standard.hooks.subprocess.SubprocessHook"}
{"timestamp":"2026-10-06T02:00:54.181837","level":"info","event":"Surabaya: 3 rows before cleaning, 3 rows after cleaning, 0 rows removed.","logger":"airflow.task.hooks.airflow.providers.standard.hooks.subprocess.SubprocessHook"}
{"timestamp":"2026-10-06T02:00:54.181871","level":"info","event":"Surabaya: 4 rows before cleaning, 4 rows after cleaning, 0 rows removed.","logger":"airflow.task.hooks.airflow.providers.standard.hooks.subprocess.SubprocessHook"}
{"timestamp":"2026-10-06T02:00:54.181903","level":"info","event":"Surabaya: 4 rows before cleaning, 4 rows after cleaning, 0 rows removed.","logger":"airflow.task.hooks.airflow.providers.standard.hooks.subprocess.SubprocessHook"}
{"timestamp":"2026-10-06T02:00:54.181937","level":"info","event":"Surabaya: 4 rows before cleaning, 4 rows after cleaning, 0 rows removed.","logger":"airflow.task.hooks.airflow.providers.standard.hooks.subprocess.SubprocessHook"}
{"timestamp":"2026-10-06T02:00:54.181969","level":"info","event":"Surabaya: 4 rows before cleaning, 4 rows after cleaning, 0 rows removed.","logger":"airflow.task.hooks.airflow.providers.standard.hooks.subprocess.SubprocessHook"}
{"timestamp":"2026-10-06T02:00:54.182001","level":"info","event":"Surabaya: 4 rows before cleaning, 4 rows after cleaning, 0 rows removed.","logger":"airflow.task.hooks.airflow.providers.standard.hooks.subprocess.SubprocessHook"}
{"timestamp":"2026-10-06T02:00:54.182035","level":"info","event":"Surabaya: 1 rows before cleaning, 1 rows after cleaning, 0 rows removed.","logger":"airflow.task.hooks.airflow.providers.standard.hooks.subprocess.SubprocessHook"}
{"timestamp":"2026-10-06T02:00:54.182072","level":"info","event":"Surabaya: 0 rows before cleaning, 0 rows after cleaning, 0 rows removed.","logger":"airflow.task.hooks.airflow.providers.standard.hooks.subprocess.SubprocessHook"}
{"timestamp":"2026-10-06T02:00:54.182110","level":"info","event":"Surabaya: 3 rows before cleaning, 3 rows after cleaning, 0 rows removed.","logger":"airflow.task.hooks.airflow.providers.standard.hooks.subprocess.SubprocessHook"}
{"timestamp":"2026-10-06T02:00:54.182148","level":"info","event":"Surabaya: 3 rows before cleaning, 3 rows after cleaning, 0 rows removed.","logger":"airflow.task.hooks.airflow.providers.standard.hooks.subprocess.SubprocessHook"}
{"timestamp":"2026-10-06T02:00:54.182186","level":"info","event":"Surabaya: 4 rows before cleaning, 4 rows after cleaning, 0 rows removed.","logger":"airflow.task.hooks.airflow.providers.standard.hooks.subprocess.SubprocessHook"}
{"timestamp":"2026-10-06T02:00:54.182228","level":"info","event":"Surabaya: 1 rows before cleaning, 1 rows after cleaning, 0 rows removed.","logger":"airflow.task.hooks.airflow.providers.standard.hooks.subprocess.SubprocessHook"}
{"timestamp":"2026-10-06T02:00:54.182270","level":"info","event":"Surabaya: 24 rows before cleaning, 24 rows after cleaning, 0 rows removed.","logger":"airflow.task.hooks.airflow.providers.standard.hooks.subprocess.SubprocessHook"}
{"timestamp":"2026-10-06T02:00:54.182311","level":"info","event":"Surabaya: 3 rows before cleaning, 3 rows after cleaning, 0 rows removed.","logger":"airflow.task.hooks.airflow.providers.standard.hooks.subprocess.SubprocessHook"}
{"timestamp":"2026-10-06T02:00:54.182349","level":"info","event":"Surabaya: 3 rows before cleaning, 3 rows after cleaning, 0 rows removed.","logger":"airflow.task.hooks.airflow.providers.standard.hooks.subprocess.SubprocessHook"}
{"timestamp":"2026-10-06T02:00:54.182388","level":"info","event":"","logger":"airflow.task.hooks.airflow.providers.standard.hooks.subprocess.SubprocessHook"}
{"timestamp":"2026-10-06T02:00:54.182430","level":"info","event":"Total rows after cleaning: 23784","logger":"airflow.task.hooks.airflow.providers.standard.hooks.subprocess.SubprocessHook"}
{"timestamp":"2026-10-06T02:00:54.182473","level":"info","event":"","logger":"airflow.task.hooks.airflow.providers.standard.hooks.subprocess.SubprocessHook"}
{"timestamp":"2026-10-06T02:00:54.182518","level":"info","event":"RAW → STAGING completed.","logger":"airflow.task.hooks.airflow.providers.standard.hooks.subprocess.SubprocessHook"}
{"timestamp":"2026-10-06T02:00:54.182695","level":"info","event":"","logger":"airflow.task.hooks.airflow.providers.standard.hooks.subprocess.SubprocessHook"}
{"timestamp":"2026-10-06T02:00:54.182791","level":"info","event":"Total staging rows processed:","logger":"airflow.task.hooks.airflow.providers.standard.hooks.subprocess.SubprocessHook"}
{"timestamp":"2026-10-06T02:00:54.182897","level":"info","event":"23784","logger":"airflow.task.hooks.airflow.providers.standard.hooks.subprocess.SubprocessHook"}
{"timestamp":"2026-10-06T02:00:54.182959","level":"info","event":"","logger":"airflow.task.hooks.airflow.providers.standard.hooks.subprocess.SubprocessHook"}
{"timestamp":"2026-10-06T02:00:54.183005","level":"info","event":"MART dim_city loaded.","logger":"airflow.task.hooks.airflow.providers.standard.hooks.subprocess.SubprocessHook"}
{"timestamp":"2026-10-06T02:00:54.183049","level":"info","event":"","logger":"airflow.task.hooks.airflow.providers.standard.hooks.subprocess.SubprocessHook"}
{"timestamp":"2026-10-06T02:00:54.183087","level":"info","event":"MART dim_date loaded.","logger":"airflow.task.hooks.airflow.providers.standard.hooks.subprocess.SubprocessHook"}
{"timestamp":"2026-10-06T02:00:54.183124","level":"info","event":"","logger":"airflow.task.hooks.airflow.providers.standard.hooks.subprocess.SubprocessHook"}
{"timestamp":"2026-10-06T02:00:54.183160","level":"info","event":"MART fact_weather loaded.","logger":"airflow.task.hooks.airflow.providers.standard.hooks.subprocess.SubprocessHook"}
{"timestamp":"2026-10-06T02:00:54.183195","level":"info","event":"","logger":"airflow.task.hooks.airflow.providers.standard.hooks.subprocess.SubprocessHook"}
{"timestamp":"2026-10-06T02:00:54.183230","level":"info","event":"RAW → STAGING → MART completed successfully.","logger":"airflow.task.hooks.airflow.providers.standard.hooks.subprocess.SubprocessHook"}
{"timestamp":"2026-10-06T02:00:54.355348","level":"info","event":"Command exited with return code 0","logger":"airflow.task.hooks.airflow.providers.standard.hooks.subprocess.SubprocessHook"}
{"timestamp":"2026-10-06T02:00:54.358183","level":"info","event":"Pushing xcom","ti":"RuntimeTaskInstance(id=UUID('01a10ef0-6e20-77a7-83fd-2744fa468a38'), task_id='transform_load', dag_id='weather_pipeline', run_id='scheduled__2026-10-05T23:00:00+00:00', try_number=1, map_index=-1, hostname='c98161626874', context_carrier=None, task=<Task(BashOperator): transform_load>, bundle_instance=LocalDagBundle(name=dags-folder), max_tries=2, start_date=datetime.datetime(2026, 10, 6, 2, 0, 16, 73984, tzinfo=datetime.timezone.utc), end_date=None, state=<TaskInstanceState.RUNNING: 'running'>, is_mapped=False, rendered_map_index=None, log_url='http://localhost:8080/dags/weather_pipeline/runs/scheduled__2026-10-05T23%3A00%3A00%2B00%3A00/tasks/transform_load?try_number=1')","logger":"task"}
{"timestamp":"2026-10-06T02:00:55.383960","level":"info","event":"OpenLineageClient will use `http` transport","logger":"openlineage.client.client"}
{"timestamp":"2026-10-06T02:00:59.360755","level":"info","event":"Successfully emitted OpenLineage `COMPLETE` event of id `01a10e4b-a180-7b65-9c8f-256ac6d14c78`","logger":"airflow.providers.openlineage.plugins.adapter.OpenLineageAdapter"}
